user_id,track_name,rating
778,mohabbat bhi jhoothi,5
274,i believe,2
667,cry,2
271,patricia,2
268,apopse eida oneiro,3
128,round and round (with mitchell ayres and his orchestra & the ray charles singers),2
889,opm medley: when i met you,1
882,it's not for me to say,3
24,klapse me mana klapse me,4
654,finito la mouzika,3
144,"drømmer man om den, vågner..",1
426,carolina moon,4
377,necessary evil,1
192,kanugona galano,3
455,the carioca,1
961,chicken reel,4
164,blue skies,2
131,dark eyes,5
657,kotha mukunda,5
401,awaz deta hai sola ka din,4
658,jahan men log sachhe ashikon ko,5
715,avanee nee pathi,1
6,ee jagamantha natika,3
792,smoke rings,1
949,hum tujhse mohabbat kar ke,3
752,paas nahin aaiye haath na lagaiye,5
488,main na janoon,4
315,gullyachi shapath,1
529,judai ki khabar hoti agar,5
529,maagata maagata janm gele,5
527,chupke chupke (from ''paying guest''),4
317,chahe kitna mujhe tum bulao ji,4
819,tu bol na bol,1
378,raat andheri door savera,1
510,thunintha pin,3
213,i'm sitting on top of the world,2
124,the world is waiting for the sunrise,2
698,ethanai periya,2
293,ansoo to nahin hai ankhon men,1
118,it's the most wonderful time of the year,4
392,chandan ka palna resham ko dori,3
258,le chal ri nindiya le chal hamen,2
423,after you've gone,2
931,mere hamsafar tujhe kya khabar,5
46,viljen i veta (would you like to know?),2
950,blue velvet,3
225,poema,3
49,the bells of st. mary's,2
436,for me and my gal,1
297,mark twain,2
679,the next big river,3
123,sitaron ki mehfil saji,2
36,gopiparivrito,2
272,you're the cream in my coffee,1
98,kabhi khamosh rahte hain,4
127,khanke to khanke,1
991,here am i,4
8,brazil,1
883,"baby, won't you please come home",3
250,jezebel,4
506,two hound dogs,5
381,sleep,4
577,mera dil yeh pukare aaja,5
614,to you my love,2
207,believe in me,2
479,take the “a” train,1
415,pahuni raghunandan savala,3
596,come rock with me,4
840,antar mantar jantar,3
411,kahan se yeh sholon ka toofan aaya,4
300,temptation,1
79,unchained melody,1
65,on my word of honor,3
140,just my imagination (running away with me),5
101,don't you know i love you,3
312,"love, your magic spell is everywhere",3
887,heart of stone,2
108,have mercy,5
800,you've changed,5
29,i do adore her,5
647,"ciao, ciao, bambina",1
705,non dimenticar,4
210,al di la,1
812,matilda,3
87,devil or angel,1
936,hosanna,5
32,volare (nel blu dipinto di blu),1
337,why should i,5
174,in other words (fly me to the moon),2
157,i'll never be free,3
532,remember when,2
633,love love love,5
701,it might as well be spring,1
420,at your beck and call,3
650,september in the rain,1
115,i give you my word,4
634,more,5
309,summertime in venice,2
722,here goes a fool,5
369,chinna kelbyaadve nanna ppuraana,2
466,remember me (the girl in the wood),2
825,blood beach,1
242,am i blue?,5
536,don't ever love me,1
839,angelique-o,5
951,true love,3
44,by myself,1
522,warm,1
515,panchhi banoon udti phiroon,5
114,miss you,1
519,one kiss,3
920,i'm glad there is you,3
872,"baby, baby, baby",2
888,undying love,5
241,your true love,4
330,cu cu ru cu cu paloma,3
266,cordelia brown,1
99,dear heart,5
807,completely sweet,1
797,sittin' in the balcony,1
748,a time for us,1
211,soft sands,4
509,(where do i begin) love story,4
3,canadian sunset,3
931,kisses sweeter than wine,4
565,eddie my love,1
279,come home to my arms,2
29,love never changes,2
957,tumsa nahin dekha,5
881,i can't love you enough,3
139,choopula kalasina subhavela,1
346,i'm alone because i love you,3
903,i've grown accustomed to her face,1
531,speak softly love,5
106,teen age goodnight,3
599,"love, love alone",3
320,now i know,5
487,tell me you love me,1
964,still,3
165,i don't know,4
236,suno sunaoon tumhen ek kahani,1
928,i'll see you in my dreams,4
515,"i surrender, dear",5
298,titulos principio,1
454,in the middle of nowhere,5
525,you are too beautiful,1
462,that's all i need,5
706,aagaya veedhiyil,4
402,don't blame me,1
280,between the devil and the deep blue sea,2
935,in the garden,4
992,he's got the whole world in his hands,5
587,birth of the blues,3
750,where can i go?,2
581,夢斷巫山,5
712,你去了那裡,1
829,mona lisa,5
50,inbamae pongumae,4
174,enna vendum,1
94,cowboy jackie,1
576,unchained melody,2
865,"rose, rose, i love you",1
209,talk to me something,5
862,there goes my baby,1
133,"oh, so many years",1
353,when i am with you,5
240,i'll walk alone,2
147,down the line,3
910,yours,5
235,all dressed up with a broken heart,4
893,changing all those changes,2
527,no love (but your love),3
898,pretty betty,4
460,well...all right,5
788,"wonderful, wonderful",3
807,i'm gonna love you too,2
697,sleigh ride,1
112,the twelfth of never,2
63,to be loved,1
202,when sunny gets blue,5
939,words of love,4
560,poor little fool,3
147,high noon,2
400,"blue days, black nights",5
882,take your time,5
299,winter wonderland,4
250,little baby,1
326,valley of tears,3
727,diana,2
380,long time gone,4
371,roving gambler,5
650,listen to me,1
386,you are my one desire,2
359,love me,3
823,love letters,4
860,drifting away from you,1
949,moonlight bay,4
146,i'll take you home again kathleen,5
800,my serenade,2
421,sleepy time gal,5
808,try a little tenderness,5
156,"god rest ye merry, gentlemen",5
819,all of me,5
121,that old feeling,2
655,for the first time,5
258,believe what you say,1
338,my bucket's got a hole in it,3
350,jealousy (jalousie),5
93,it's raining outside,4
247,good night irene,3
975,blue christmas,1
680,whispering wind,2
650,as long as i live,1
3,right now!,2
736,granada,1
586,your cheatin' heart,4
119,but not like you,2
972,danny boy,1
93,that's my desire,2
371,don't leave me,4
692,"promises, promises",3
399,moonglow,5
160,i belong to you,2
988,crying my heart out for you,1
790,moon of gold,2
659,i waited too long,1
784,forty winks away,4
533,no vacancy,2
772,blood from a stone,5
132,going home to mary lou,3
601,i'm walkin',1
77,i've got you under my skin,3
654,walk with me,3
759,as long as i live,2
87,the same old fool,1
756,love is all,4
548,shiva shankari shivananda,1
776,i wish your picture was you,2
580,stairway to the sea (scalinatella),1
339,embraceable you,1
317,let's love,4
260,oceano,5
681,منك بخاف,1
30,let it snow! let it snow! let it snow!,2
949,back in your own back yard,1
296,you better go now,4
857,i'm just a boy in love,5
648,secret love,4
568,where are you?,1
619,faithfully,3
456,have yourself a merry little christmas,3
879,i'll be home for christmas,1
349,"touch me, lord jesus",1
85,happiness,4
51,"only you, only me",1
151,it's all a part of love,2
963,superman,1
890,angelique-o,1
176,the damsel's lament (i never will marry),4
955,i'll be easy to find,1
593,prisoner of love,2
613,if i didn't care,2
819,as time goes by,4
548,when i fall in love,2
634,i'll never smile again,4
808,mama,1
539,rockin' all night,3
120,i got the blues,5
276,through a long and sleepless night,1
165,sweeter than you,4
497,no one knows,3
824,non dimenticar,1
492,turn! turn! turn! (to everything there is a season),2
86,mrs. robinson,5
476,yellow bird,1
392,stay beside me,4
811,just you,4
440,you mean everything to me,2
627,i'm walkin',5
995,lonely teardrops,1
669,oh! carol,2
183,lonesome town,1
966,blueberry hill,3
35,ain't that a shame,4
742,smoke gets in your eyes,3
143,a teenager in love,5
876,we belong together,5
953,winter wonderland,4
258,paddiwack song,4
355,boulevard of broken dreams,1
226,it's late,2
617,i'll remember april,5
120,my darling is gone,3
296,"music, maestro, please!",2
667,that's my desire,1
133,fool fool fool,4
878,all about you,4
804,the marching saints,1
893,i must be dreaming,4
279,one minute to one,3
421,you alone,3
707,all of me,2
995,love in bloom,2
867,all i need is you,1
589,tonight,1
398,call me,4
792,run samson run,5
423,half breed,5
781,i have but one heart,3
405,baby face,1
161,sama kama wacky brown,2
17,the sound of silence,3
122,one way ticket,2
961,don't pity me,4
537,swing low,5
801,another sleepless night,2
141,it ain't necessarily so,3
107,stranger in paradise,4
545,that's the way love is,1
421,a ride on a rainbow,3
291,someone,4
246,you've made me so very happy,5
85,someone to need me (as i need you),4
231,i can't help it (if i'm still in love with you),5
901,it's all in the game,3
700,your cheating heart,4
312,the japanese farewell song,5
958,i am a roving gambler,2
400,christmas auld land syne,2
927,"lakutshn, ilanga",4
575,"oh, true love",5
970,you thrill me (through and through),2
197,three nights a week,3
138,with my eyes wide open i'm dreaming,2
900,don't come knockin',1
184,september song,3
204,you belong to my heart,5
465,a hole in the bucket,3
631,sweet leilani,3
302,memories are made of this,5
861,some sweet day,2
172,at night,2
224,guys and dolls,3
941,"a woman, a lover, a friend",1
856,"theme from ""la fayette""",1
317,summertime in venice,4
723,tell me how long,2
121,steal your heart away,3
189,when i fall in love,3
9,one more dance,3
653,tenderly,3
18,it's the talk of the town,1
92,blueberry hill,4
963,teach me tonight,4
545,moonlight on the colorado,1
674,don't blame me,4
578,saathi na koi manzil,2
293,i had a notion,3
758,little jazz,5
149,circulate,2
163,sweet little you,3
830,king of clowns,2
387,look inside your heart,1
397,somebody to love,4
783,smile,4
726,lonely guitar,1
708,you always hurt the one you love,4
448,chances are,2
84,sleepless,1
131,i love you,4
67,bobby sox to stockings,5
515,the wanderer,3
552,(ain't that) good news,4
438,changing partners,1
236,good times,3
787,always it's you,1
647,just ask your heart,2
931,so sad (to watch good love go bad),3
302,keep movin' on,5
854,sleepless nights,2
822,walking to new orleans,3
162,soul,2
421,unchained melody,3
936,sweet nothin's,5
292,breaking up is hard to do,3
507,you send me,4
391,nothing can change this love,5
732,mio amore,2
525,my girl josephine,3
691,devil or angel,4
127,i'm through with love,5
118,love hurts,1
45,harbor lights,4
744,chain gang,1
632,jamaica farewell,5
901,"you, you, you",4
425,far away places,4
240,girl of constant sorrow,3
30,a lover's prayer,5
715,under paris skies,1
90,mockin' bird hill,2
708,secret love,1
253,venus,1
806,bridge of tears,4
301,cross over the bridge,4
676,return to me,5
358,the song from moulin rouge,3
569,you're nobody til somebody loves you,1
214,all the words in the world,2
199,all the things you are,4
243,the great pretender,3
71,i went to your wedding,1
715,heading home,1
953,fools rush in,4
788,i'll wait for you,2
513,mona lisa,3
150,falling in love,3
422,cincinnati fireball,3
562,don't lead me on,4
421,swinging on a star,4
902,mary hamilton,3
950,the jet,3
474,i'm old fashioned,3
125,"come to me, bend to me",4
522,just friends,5
150,my mammy,1
569,cry,4
394,blue holiday,2
954,mister sandman,1
455,paper doll,4
30,"love me, love me",3
483,the dance is over,3
115,maid of constant sorrow,2
904,a heart like mine,3
875,don't leave me,1
760,the search,5
361,the twelfth of never,4
18,long lonely nights,1
309,baby face,4
362,how long has this been going on,5
443,joy joy joy,2
567,light infatuation,1
656,how many tears,2
572,love is a many splendored thing,3
410,when i grow too old to dream,2
61,it's mine,3
650,what a sweet thing that was,1
836,mona lisa,3
499,oh lonesome me,3
338,paper tiger,5
1,am i blue,4
363,إلى حبيبى تسجيل حفلة,1
325,your cheatin' heart,2
679,long ago and far away,4
347,the more i see you,4
677,bully of the town,4
274,muskrat,5
303,"hi-lili, hi-lo",1
308,the song is ended (but the melody lingers on),4
723,blue avenue,3
818,rock house,5
849,hello josephine,3
535,perfidia,4
208,so long baby,4
841,i'm gonna stay,1
725,earth angel,1
194,footsteps,5
318,they call the wind maria,2
221,i'm hurtin',4
365,misery,1
207,saved,4
117,the watusi,1
73,you belong o me,2
843,if i had you (i'd be happy),1
287,lollipop,1
787,dum dum,3
42,raindrops,4
584,(i'd be) a legend in my time,3
237,come closer to me,1
732,life is but a dream,5
435,"swing low, sweet chariot",1
487,you're sixteen,5
168,rubber ball,2
586,you're always on my mind,5
339,dream lover,4
724,only the lonely,5
495,runaway,3
959,angelina,2
509,lonely teenager,5
348,more than i can say,2
643,it had to be you,5
452,the majestic,4
396,he will break your heart,1
159,raindrops,1
964,emotions,3
379,lonely world,5
484,i can't stop loving you,4
442,happy days,3
843,devil doll,3
624,jody,4
539,"goodnight, irene",1
438,will you love me tomorrow,1
567,my one and only love,1
353,you don't want my love,1
688,this kind of love,2
807,sweet and easy to love,5
765,nobody but you,2
100,"cold, cold heart",5
974,won't you take me back,1
644,tammy,1
600,dream lover,3
200,danny boy,2
491,bally mena,2
71,wanted man,4
448,when i fall in love,5
117,land of the sea and sun,2
359,twenty-two days,4
985,out in the cold again,4
172,but not for me,5
590,please forgive me,5
770,angel in my heart,4
959,day dreams,3
35,oh i apologize,5
234,hey little girl,4
393,fools rush in,3
506,the stroll,4
577,bad boy,3
347,havin' fun,2
309,cherished memories,4
243,i'll be there,1
673,blue skies,5
604,lost for sure,5
914,you should know,1
204,love again,4
504,"hi-lilli, hi-lo",5
129,dreamer,3
973,two wrongs don't make a right,3
368,lonely,3
927,little angel,2
115,your heart belongs to me,2
758,boll weevil song,3
961,what's a matter baby (is it hurting you),4
307,blueberry hill,5
483,run to her,4
458,king without a queen,4
857,remember you're mine,4
814,lessons in love,2
588,breaking up is hard to do,4
483,if dreams came true,5
672,don't forbid me,5
613,(i get so) sentimental,4
177,the hucklebuck,5
554,ain't that a shame,1
430,run to him,2
564,always,4
828,(i've got to) cry over you,5
396,earth angel,3
684,sharing you,4
699,uptown,4
443,i sold my heart to the junkman,4
906,you alone (solo tu),5
919,(it's) wonderful to be young,4
471,let me in,1
2,baby that's love,1
465,so many ways,1
592,from day to day,5
864,night life,4
213,here comes the night,5
271,you left me,1
853,never again,4
404,play a sad song,3
322,big john (ain't you gonna marry me),1
556,love letters,4
684,dreamy eyes,3
911,all by myself,1
366,a fool never learns,4
659,you're the one,4
214,true love,3
473,sealed with a kiss,4
754,one hundred miles away from home,2
975,walkin' with my angel,1
922,sharing you,5
705,only you (and you alone),1
529,rocking blues,3
651,your song,4
982,donna the prima donna,5
633,the ballad of bonnie & clyde,1
449,ecstasy,3
19,let's make a memory,2
41,"baby, let me follow you down",4
912,soldier boy,5
529,you're my desire,5
339,the great pretender,1
652,"tonight, tonight",5
730,what's so good about goodbye,1
318,evergreen,2
712,take good care of her,4
883,if i had a hammer,3
349,three coins in the fountain,4
525,love is a many-splendored thing,5
183,tonight,2
664,love hurts,2
389,long lonely nights,1
744,sealed with a kiss,2
834,it's over,2
236,roses are red (my love),2
221,crying in the rain,2
57,mr. lonely,1
301,stand by me,2
220,crying,5
697,blue on blue,5
959,over and over,5
634,the impossible dream (the quest),1
816,running scared,5
464,i love how you love me,3
5,love letters in the sand,3
111,limbo rock,1
892,fixin' to die,1
767,the crowd,3
361,putty in your hands,2
678,smile,1
932,she wears my ring,2
93,summer song,5
369,twistin' in the kitchen with dinah,4
847,i promise love,5
655,wedding day,2
193,loddy lo,5
933,cry myself to sleep,2
333,it might as well be spring,2
369,autumn to may,2
423,i'll be home,1
328,she cried,5
915,gospel plow,1
112,if i had my way,5
228,halfway to paradise,3
627,see that my grave is kept clean,5
982,gravy (for my mashed potatoes),4
776,when the girl in your arms is the girl in your heart,4
627,cherry hill park,4
161,it keeps right on a-hurtin',5
396,somebody's gonna miss me,1
107,grow closer together,4
666,shut down (mono),5
804,our car club,1
141,cry and you cry alone,2
563,o holy night,5
36,white christmas,4
599,operator,2
471,ballad of ole' betsy,1
753,cry,1
752,fools rush in (where angels fear to tread),5
841,young and foolish,4
563,girl from the north country,5
787,second hand love,1
250,i would,3
835,i'll keep it with mine,5
117,if that's the way you want it,2
905,because i love you,5
741,custom machine,2
596,the death of emmett till,4
525,i understand,5
931,many tears ago,4
541,chora tua tristeza,4
318,breakin' in a brand new broken heart,3
690,surfers rule,3
551,i'm the one who loves you,3
605,wonderful summer,4
975,mr. tambourine man,3
931,from me to you,4
369,long time gone,2
31,time to go,4
878,standing on the highway,3
798,dance on,3
438,slippin' and slidin',4
131,old coat,1
99,two kinds of tear drops,4
772,masters of war,4
383,with god on our side,3
178,i'm gonna be warm this winter,1
174,puppy love,4
181,let me die in my footsteps,3
730,poor boy blues,5
341,santa claus is coming to town,1
709,flora,1
328,(they call you) gigolette,4
315,house without windows,5
505,my foolish heart,4
725,the next time,5
246,the killer,3
329,wonderful! wonderful!,2
769,dream,5
397,among my souvenirs,5
3,sweets for my sweet,4
707,come and get these memories,4
267,judy's turn to cry,1
782,blue bayou,1
846,shy girl,1
71,dreamin',5
256,don't break the heart that loves you,2
756,stay,5
349,shahdaroba,3
549,the last leaf,4
857,two faces have i,3
314,lonely wine,3
111,get yourself another fool,2
964,"sunshine, lollipops and rainbows",4
573,two lovers,4
842,in my room,5
53,stupid cupid,3
985,rhythm of the rain,1
3,you've really got a hold on me,1
825,surfer girl (stereo),2
327,surfin' u.s.a.,4
75,that's all she wrote,1
411,sleigh ride,1
697,frankie,5
62,i wish you love,5
887,so much in love,2
782,cry me a river,5
361,my happiness,5
174,alone,5
880,everybody's somebody's fool,4
329,break it to me gently,2
721,it's all right,2
534,christmas (baby please come home),4
208,mean old world,4
78,run bobby run,5
403,your summer dream (stereo),3
609,if i had a hammer,4
265,go away little girl,3
256,fly me to the moon,3
762,shut down,5
29,my heart has a mind of its own,2
441,no more tears,2
563,mickey's monkey,5
822,more (theme from mondo cane),3
792,lana,4
754,i'm so lonesome i could cry,3
487,in my room (mono),3
469,farmer's daughter,2
219,having a party,4
202,gypsy woman,5
830,don't say nothin' bad (about my baby),3
759,winter wonderland,1
303,my first day alone,1
805,hawaii,2
420,just one look,4
586,i love you because,1
431,the gypsy cried,4
133,what kind of fool am i?,5
658,runaround sue,4
832,gone the rainbow,5
454,a marshmallow world,5
163,lonely sea,2
185,punch and judy,2
277,string along,2
114,smoke rings,1
393,farewell,3
34,handy man,5
916,i'll be home for christmas,1
27,can't believe it,1
176,unchained melody,3
480,blue christmas,2
303,in the land of make believe,3
961,jingle bell rock,3
884,auld lang syne,1
949,crying,5
290,"good golly, miss molly",2
539,why do fools fall in love (stereo),1
454,your cheatin' heart,3
473,i died inside,1
88,leave me alone,2
221,my whole world is falling down,2
375,i want to hold your hand,3
427,ask any girl,2
896,take me back,5
198,hushabye,1
5,your kiss of fire,5
823,rat race,1
292,santa claus is comin' to town,1
276,you'll never get to heaven if you break my heart,3
995,tonight,1
617,livin' above your head,1
415,sidewalk surfin',5
859,no true love,3
617,at the scene,2
886,last one to be loved,4
224,long long winter,5
901,yes,4
366,papa-oom-mow-mow,4
958,my baby just cares for me,4
196,the grass is greener,5
377,sea of heartbreak,5
570,you've really got a hold on me,1
414,things are changing,5
384,danny,1
52,bring it to jerome,3
35,all grown up,1
158,when the love light starts shining thru his eyes,1
907,i'll never smile again,5
648,some other time,3
399,crying over you,4
176,"fun, fun, fun",2
502,tears on my pillow,3
465,it's gotta be you,5
105,tomorrow,5
508,whisper you love me boy,3
500,a whole lotta shakin' goin' on,3
616,groovin',5
320,all cried out,1
808,"turn, turn, turn! / to everything there is a season",3
166,little honda (stereo),4
921,my back pages,3
228,"gone, gone, gone",4
937,only a pawn in their game,1
859,all i really want to do,1
523,anyone who had a heart,5
753,when the lovelight starts shining through his eyes,1
968,laughing on the outside (crying on the inside),2
837,the lonesome death of hattie carroll,5
236,he was my brother,5
989,the sun is burning,5
666,one too many mornings,5
647,bird dog,5
618,the best things in life are free,3
241,let's lock the door (and throw away the key),2
47,where did our love go,3
186,don't throw your love away,5
279,all summer long (stereo),3
96,walk on by,3
809,rockin' around the christmas tree,2
745,needles and pins,4
493,wishin' and hopin',1
258,this magic moment,4
254,"fun, fun, fun (mono)",5
228,bye bye love,2
723,come see about me,4
339,my guy,1
589,baby love,2
86,('til) i kissed you,3
956,i'm on the outside (looking in),5
371,devoted to you,5
600,an angel cried,2
302,cara mia,5
286,the game of love,1
916,reach out for me,2
139,smokestack lightning,3
303,cotton candy,3
446,bits and pieces,5
212,stay awhile,2
8,"fun, fun, fun (stereo)",4
578,wishin' and hopin',2
657,pom pom play girl,5
457,"long, tall sally",2
410,lalena,4
673,i wonder,4
197,let the music play,1
516,keep an eye on summer,1
604,if i had a hammer (the hammer song),5
80,sittin' in the sun,4
100,96 tears,5
938,anyone who had a heart,3
151,hurt so bad,5
401,"lovely, lovely (loverly, loverly)",3
299,hurdy gurdy man,2
925,don't back down (mono),3
819,the man with all the toys,5
655,why do fools fall in love,4
550,the good life,3
807,l.s.d.,2
902,love has gone,3
277,then he kissed me,2
998,unchained melody,2
858,needles and pins,5
651,i go to sleep,5
847,he was my brother,3
747,mr. tambourine man,4
49,my cherie,4
476,i am a rock,2
320,i'll feel a whole lot better,2
988,hard to believe,3
702,see the real me,5
166,the one in the middle,4
293,"if you gotta go, go now",5
670,"farewell, angelina",4
565,goldwatch blues,3
880,she don't care about time,2
101,she knows me too well (stereo),2
457,if i loved you,5
754,the great pretender,1
954,wishing,2
835,needles and pins,1
257,since you won my heart,5
960,in the misty moonlight,2
447,girl don't tell me (mono),5
591,teardrops will fall,3
211,for sentimental reasons,3
396,queen jane approximately,4
871,"hi lili, hi lo",2
874,needles and pins,2
86,see that girl,2
991,dream lover,3
3,good to my baby (stereo),1
613,whisper you love me boy,3
356,salt lake city (stereo),2
458,eight miles high,5
437,all i want (is you),5
835,the war drags on,5
997,crawling back,3
538,where did you go,5
912,fascination,3
581,all i really want to do,5
561,to sing for you,5
733,hurtin' inside,5
94,since i don't have you,2
494,patterns,1
554,nothing but heartaches,2
217,"theme from ""a summer place""",2
605,josie,3
900,september in the rain,2
564,stranger in town,4
676,losing you,5
223,goodbye my love,4
891,"if you gotta go, go now (or else you got to stay all night)",1
540,everybody loves a clown,1
147,the bells of rhymney,2
466,you've really got a hold on me,2
103,shoot your shot,5
375,don't look back (feat. van morrison),1
653,yesterdays gone,5
544,catch the wind,1
345,i remember when i loved her,5
525,count me in,5
350,i will follow you,5
825,just once in my life,4
105,sticks and stones,2
294,eve of destruction (stereo),3
987,lies (are breaking my heart),5
997,on the road again,3
594,make it easy on yourself,4
692,try to remember,4
72,the way i feel inside,2
209,unchained melody,2
101,stop! in the name of love,3
319,friday on my mind,3
508,she belongs to me,3
593,sleigh ride,2
852,ride away,5
868,(i'm a) road runner,4
796,"my darling, i love you",5
796,sportin' life,3
222,satisfied mind,1
26,good to my baby,5
357,love potion #9,5
737,"farewell, angelina",5
154,you'll never walk alone,3
649,you're gonna need somebody on your bond,2
701,do you hear what i hear?,5
873,in the back of my mind,1
18,summer day reflection song,2
316,"hush, hush, sweet charlotte",2
991,ask the lonely,3
429,when i grow up (to be a man),4
901,almost there,1
716,lay down your weary tune,5
34,500 miles,3
369,you're the voice,4
122,hangman,3
600,universal soldier,1
558,woman's got soul,4
181,april come she will,3
722,popsicle,2
164,lovin' you,4
133,whole lot of shakin' in my heart (since i met you),3
991,i'm ready for love,4
473,you still believe in me,4
58,since i fell for you,2
950,i'll be true to you,1
841,time,5
461,no escape,3
558,somebody help me,4
926,sloop john b,3
537,run for your life,1
999,yesterday,1
308,there will never be another you,1
146,pet sounds,1
704,here today,1
609,warm and tender love,2
389,in my room,4
241,hurry sundown,5
929,don't talk (put your head on my shoulder),3
256,i'm leaving it all up to you,2
661,don't forget about me,4
995,for one moment,1
348,lightning's girl,5
119,guinevere,5
511,it ain't me babe,2
869,warm baby,2
340,remember,1
779,i was young when i left home,5
143,take a giant step,1
919,"caroline, no",5
608,flowers on the wall,5
776,this old heart of mine (is weak for you),3
348,lies,1
225,i come and stand at every door,5
314,sunny,1
929,signed d.c.,3
629,you don't have to say you love me,1
6,let it be me,4
132,when she touches me,2
505,every breath i take,4
17,sealed with a kiss,5
385,trapped,4
659,the city never sleeps at night,2
1,"faded picture, a",2
813,it's a hard life,5
247,hey joe (where you gonna go),5
864,good vibrations,2
926,love me all the way,1
800,get it on,4
756,i'm waiting for the day,4
272,sunny,1
544,just a little bit better,4
71,a message to pretty,2
347,(theme from) the monkees,3
120,cast your fate to the wind,4
91,"so long, babe",1
257,eso beso,1
62,distant shores,1
875,it tears me up,2
777,the shadow of your smile,5
283,strange street affair under blue,5
350,it hurts to be in love,5
636,kicks,3
334,a lover's concerto,5
606,i call your name,4
97,dancing in the street,4
690,5d (fifth dimension),1
537,california dreamin',1
637,you really got a hold on me,3
609,homeward bound,4
525,how sweet it is (to be loved by you),2
334,when a man loves a woman,1
944,bang bang (my baby shot me down),4
929,hold tight!,2
835,there's a kind of hush,5
574,you don't have to say you love me,3
212,jimmy mack,4
281,tomorrow's gonna be another day,5
865,loving you is sweeter than ever,5
920,this just doesn't seem to be my day,2
276,everything is good about you,4
340,our day will come,2
196,no salt on her tail,2
769,three king fishers,2
941,you are my destiny,5
673,legend of a girl child linda,4
916,go away little girl,1
625,bang bang (my baby shot me down),4
836,rain,4
939,in my life,2
49,the pied piper,4
41,love is like an itching in my heart,5
484,nashville cats,5
772,palm desert,5
284,even the bad times are good,5
866,you better run,1
46,the day begins,1
568,she knows how,3
618,chattanooga choo choo,3
294,"apples, peaches, bananas and pears",2
925,saigon bride,1
385,lunch break: peak hour,3
946,i'm so happy now,3
452,string man,5
566,cerdes (outside the gates of),5
971,like the seasons,2
840,shades of gray,4
892,long summer days,1
961,the wicked messenger,1
513,sometime,1
757,catch the wind,2
239,makin' my mind up,3
236,what am i living for,3
513,message to michael,1
13,what i'd give to see your face again,2
282,odds and ends,4
630,echoes,1
737,homeward bound,4
345,alfie,5
237,snoopy vs. the red baron,2
514,the day we fall in love,2
141,c.t.a.,3
68,gettin' hungry (mono),5
255,rugs of woods and flowers,5
485,i'm on the outside (looking in),1
215,pennies,1
556,let's fall in love,5
455,i am a lonesome hobo,5
442,my back pages,1
296,a christmas camel,1
839,laugh at me,5
975,all of your toys,3
392,if i were a carpenter,2
792,with me tonight (mono),4
664,vine street,5
521,trains & boats & planes,2
836,suddenly you love me,4
260,take my heart,5
630,guide for the married man,2
906,look out (here comes tomorrow),1
420,zilch,3
127,hummin' happy,4
802,a house is not a home,3
506,i'm blue,4
850,oh gosh,1
425,the letter,3
90,ain't no more cane,3
900,liberty valance,5
568,vegetables,5
331,my girl,3
138,if you go away,1
794,dark end of the street,1
502,what the world needs now is love,4
554,andmoreagain,3
45,with me tonight,4
154,so you want to be a rock 'n' roll star,3
963,when love comes knockin' (at your door),1
223,i dig rock and roll music,4
208,conquistador,5
482,my special prayer,4
23,my world (il mondo),4
752,hey baby (they're playing our song),3
130,darlin',1
78,never my love,4
902,heroes and villains,5
583,gentle on my mind,1
488,groovin',5
738,happy together,1
562,incense and peppermints,2
209,the rain the park and other things,1
327,once i was,5
438,i say a little prayer,5
211,release me,3
76,"somewhere, my love (lara's theme from ""dr. zhivago"")",1
352,love is here and now you're gone,5
126,creeque alley,4
251,the last waltz,1
231,carrie-anne,3
626,i can't let it happen to you,4
599,whistle in,2
608,there's no stopping us now,2
644,two different worlds,4
210,it's the little things,5
654,good vibrations (stereo),5
459,forget that girl,4
917,wonderful,3
724,country air,5
480,just walk in my shoes,2
941,i pity the poor immigrant,5
873,all this world and the seven seas,1
468,early morning blues and greens,1
902,good vibrations (mono),4
72,what am i doing hangin' 'round,1
13,somewhere there's a feather,3
35,the good humor man he sees everything like this,4
749,i'll spend my life with you,5
121,onie,2
761,i dreamed i saw st. augustine,4
472,sweet inspiration,4
394,sing for your supper,3
43,little sister,2
30,the hunter gets captured by the game,3
884,take me in your arms and love me,4
26,more love,2
770,trust each other in love,2
223,mirage,3
34,dawn: dawn is a feeling,4
515,i was made to love her,5
452,eleanor rigby,1
399,you set the scene,5
119,i can't stay away from you,4
17,love songs,2
733,morning glory,5
962,(there's) always something there to remind me,4
631,lovely rita,3
663,the christian life,2
247,it's too late,5
424,red rubber ball,4
139,"in the bad, bad old days (before you loved me)",2
61,"porpoise song (theme from ""head"")",4
58,good times,4
52,the word,5
663,together,1
770,daddy's song,4
796,nathan la franeer,5
229,reverend posey,2
189,winter world of love,1
795,my name is jack,1
465,eleanor rigby,2
799,the sun is a very magic fellow,4
173,a day in the life of a fool,3
71,the way young lovers do,2
877,"red, red wine",3
171,forget me not,4
571,the legend of xanadu,5
476,i'm in a different world,4
972,top of the world,1
672,goodbye,4
88,change is now,5
743,be still,1
154,elusive dreams,4
828,pretty song from psych-out,2
283,transcendental meditation,5
43,tomorrow,4
151,hi it's been a long time,2
530,as i recall it,5
910,words,2
994,i'm alive,5
947,dream world,1
303,rainbow valley,5
799,yesterday,2
610,bath,4
290,show me,4
722,the straight life,4
840,wish it were me,2
669,my world,1
728,hickory wind,2
194,reachin' for something i can't have,1
129,love,2
494,dreams of the everyday housewife,3
564,you don't miss your water,3
162,devri,4
817,take a picture,2
980,daddy's song,1
81,so unusual,1
321,lea,2
348,lu,1
518,what am i doing here?,3
987,some sunny day,5
720,no one is there,5
743,senorita rita,2
815,don't go away,5
343,look to your soul,3
557,spanish eyes,1
702,you're still on my mind,2
193,life in prison,5
891,triad,5
153,plastic palace people,4
652,every little bit hurts,5
805,i'm with you,4
248,between these arms,2
611,"promises, promises",2
461,old john robertson,2
787,hey joe,4
810,requiem for the masses,4
282,a sunny day,2
204,give her up,1
8,safe in my garden,1
892,fool for you,5
897,a man without love,3
44,(sittin' on) the dock of the bay,1
169,i wonder what she's doing tonight?,2
315,games people play,5
643,legend of a mind,3
683,green tambourine,1
171,watch what happens,4
630,over you,3
626,yummy yummy yummy,4
254,punky's dilemma,4
583,you showed me,5
272,this girl is a woman now,2
349,everlasting love,4
141,"sugar, sugar",4
385,dream a little dream of me,2
819,summer wine,3
446,quando quando quando,2
194,i get the sweetest feeling,4
729,put a little love in your heart,4
521,take another little piece of my heart,2
997,a rose for emily,4
582,"woman, woman",4
110,at the zoo,5
641,beechwood park (mono version),3
585,some velvet morning,1
320,and when i die,2
809,as we go along,2
403,eli's comin',1
642,blue canadian rockies,2
200,if you go away,4
742,yesterday's dreams,2
587,close to it all,1
283,meant for you,4
370,i just want to be your friend,5
654,somethin' goin' on,2
973,yester love,1
777,timothy gone,2
251,just one smile,3
897,"sunrise, sunset",1
480,"anna lee, the healer",3
534,time for livin',2
37,you got a reputation,2
755,i'm loving nothing,1
765,greenwich village folk song salesman,4
55,dreams of the everyday housewife,1
509,i wish it would rain,5
276,sunny,5
127,be here in the mornin',3
323,mr. tambourine man,1
163,those were the days,3
777,that same old feeling,3
22,get to you,4
909,jackson,4
964,stormy,2
308,sometimes in winter,5
991,sand,4
386,thank the lord for the night time,4
120,smiling phases,2
507,nothing was delivered,1
615,mansions,3
313,voices in the sky,3
40,another place another time,5
552,someday soon,5
897,any old time (you're lonely and sad),2
439,eleanor rigby,1
847,take my hand for a while,3
784,to share our love,5
209,"farewell, farewell",5
501,candle of life,4
593,the dream,4
416,good rockin' tonight,3
412,only yesterday,5
896,back in your arms,2
256,crazy man michael,2
420,ragamuffin man,1
726,(i know) i'm losing you,1
870,just out of reach (of my two empty arms),2
440,if you go away,2
248,big louise,5
992,i love my shirt,2
948,get behind me,1
54,never going back,5
10,in the land of make believe,1
804,fotheringay,4
729,"right, wrong or ready",5
472,just one smile,3
689,ain't that a lotta love,5
164,lying in the sunshine,2
791,boa constrictor,5
583,don't let him take your love from me,4
74,so much love,1
23,my deceiving heart,2
22,no easy way down,1
386,sunny,3
4,walk away renee,4
584,let me into your life,4
973,don't forget about me,1
922,london bridge,3
518,revelation: revolution '69,1
313,old blue,2
350,900 miles,2
424,another day (another letter),3
338,listen to the band,1
480,nottamun town,4
773,open your window,2
463,dream,3
821,the girl i find,5
240,i'll never fall in love again,3
363,eyes of a child i,5
466,ain't got no home,3
881,love letters,1
778,a time for us,5
802,love is strange,2
480,traces,5
111,farewell is a lonely sound,4
773,country pie,3
120,christine’s tune,5
971,duchess,3
168,walk on,4
256,the seventh seal,1
224,"ob-la-di, ob-la-da",4
64,feeling alright,2
944,eli's coming,4
120,rainy night in georgia,5
127,i'll be long gone,2
675,lay lady lay,4
9,i can hear music,5
795,galveston,2
217,"lay, lady, lay",3
286,son of a preacher man,5
960,three hours,5
651,to be alone with you,4
922,i threw it all away,3
867,tonight i'll be staying here with you,2
693,the way it used to be,4
703,save me,5
311,you showed me,2
302,songs of yesterday,2
174,the old revolution,5
372,tin angel,2
255,mother nature's son,5
46,how did the feeling feel to you,2
1,i think i understand,3
339,going to the zoo,1
459,celebrate,5
299,time to get alone,5
76,what a day,2
348,"i have a song to sing, o!",1
794,autopsy,1
835,somebody stole my thunder,1
50,rene de marie,2
749,all through the night,3
575,story of isaac,4
442,boy child,4
596,"sweet cream ladies, forward march",3
76,smokey joe's cafe,4
213,that song about the midway,5
320,everyday with you girl,2
539,the puppy song,5
973,come all ye,3
345,if you gotta go,3
952,"yesterday, when i was young",5
560,home again,1
923,the stealer,3
487,gotta travel on,3
59,lucretia's reprise,2
197,beaucoups of blues,3
377,tortoise and the hare,3
569,blue money,3
359,point it out,1
669,sympathy for the devil,5
927,into the mystic,1
26,we've only just begun,3
441,i forgot more than you'll ever know,1
885,let it be me,2
794,carry on till tomorrow,4
862,only a moment ago,3
412,woman,2
37,brontosaurus,1
866,give me a kiss,2
785,days of '49,3
839,don't you feel small,1
39,this evening so soon,3
100,"cody, cody",4
27,look what you've done,4
727,why do you keep me waiting,1
664,errors of my way,5
280,good time living,4
378,oblio's return,3
198,minstrel's song,2
298,good feeling,1
531,i've been working,4
947,song to the siren,3
559,get back,3
292,annie's going to sing her song,3
986,ghost story,3
294,lonesome suzie,1
802,changes,1
227,nobody knows you when you're down and out,2
763,wicked messenger,5
720,(i can feel those vibrations) this love is real,2
412,it's up to you,4
909,early in the morning,3
172,take me as i am (or let me go),1
637,honky tonk downstairs,1
317,question,1
809,phoenix,2
810,check out your mind,5
757,adelaide,2
570,remember,1
252,the battle,2
591,more,1
361,feelin' alright,1
306,the other side of life,2
538,we must be in love,5
931,i should be proud,1
177,clara clairvoyant,2
144,big white cloud,5
902,without you,1
484,bye bye love,2
792,why don't you write me,1
913,it's all in the game,1
530,i don't mind,1
306,she even woke me up to say goodbye,3
513,gypsy woman,3
398,fire and water,1
285,son of a preacher man,4
17,we gotta get you a woman,3
91,mama nantucket,4
350,montego bay,5
558,one of these things first,5
962,make it with you,3
173,child of mine,5
450,arizona,4
422,"so long, frank lloyd wright",1
980,believe me,5
307,"tighter, tighter",2
973,come and get it,4
558,slipping away,3
64,the game,1
308,gideon's bible,5
157,it's only make believe,2
948,janitor of lunacy,2
611,i live one day at a time,2
51,the pointed man,2
589,add some music to your day,3
663,mr. big,5
298,are you sleeping?,5
675,day of the locusts,3
829,workin' together,5
277,tears in the morning,3
707,how is it (we are here),4
208,happy heart,2
6,walk out in the rain,5
650,queen of the hours,3
716,what if i should say i love you,2
21,jam,5
23,pearl,2
776,the shape of things to come,1
816,angelique,3
338,mushroom,5
573,what a life i've led,4
89,dear friend,2
800,gerdundula,2
673,the bells,3
20,after you came,1
78,it's over,4
693,jimmy mack,4
892,i am your singer,1
294,tomorrow,2
869,sometimes,2
817,have you seen my baby?,5
908,with tomorrow,2
247,"they caught the devil and put him in jail in eudora, arkansas",2
114,way back home,4
670,that's how strong my love is,2
275,day after day,2
727,bring me coffee or tea,2
19,european blueboy,1
748,danger heartbreak ahead,4
517,wild life,5
384,meet me on the corner,3
466,say you don't mind,4
688,song of long ago,3
646,name of the game,2
736,a little bit of soap,4
895,growing away from me,4
668,walk in the night,5
808,slowboat,4
746,rosemary blue,4
764,perfection,4
987,so far away (live),1
236,i feel the earth move (live),2
591,in the name,1
145,she loves the way they love her,3
639,mexican divorce,4
706,the dreamer,4
458,jail bait,1
103,sweet lady mary,1
276,here comes that rainy day feeling again,2
525,long dark road,1
804,eve of destruction,4
460,can i have my money back?,2
381,peking o,1
104,mary skeffington,1
695,what am i gonna do,3
359,oh yeah,2
525,dream baby (how long must i dream),4
813,sweet seasons,2
854,an old fashioned love song,3
973,bluebird,4
34,it's going to take some time,5
710,hold your head up,4
101,disney girls (1957),4
395,fall again,4
136,will you still love me tomorrow (with james taylor),1
196,early in the morning,3
51,my old man,4
434,go down gamblin',3
965,in my own dream,3
608,the way of love,2
114,matrimony,4
345,down,2
547,draggin' the line,2
747,anticipation,1
634,river,3
753,if,4
443,don't pull your love out,1
489,without you,4
680,stay with me,1
408,so far away,3
884,(you make me feel like) a natural woman,3
493,where you lead,3
510,i feel the earth move,2
693,snowqueen of texas,5
25,home again,4
183,thank you,5
222,blue,3
212,smackwater jack,3
995,'til i die,2
199,indian reservation (the lament of the cherokee reservation indian),5
979,bless the telephone,1
878,too much attention,3
792,avalanche,5
983,go away little girl,5
638,since i fell for you,2
914,suitcase,1
77,legend in your own time,4
539,"another time, another place",3
889,go easy,5
249,live in your love,1
153,come again,1
170,we've only just begun,3
949,what a change,5
483,nice to be here,1
89,she was my lady,2
971,for a spanish guitar,4
394,white light,2
931,i'll be the one,1
659,sweet tuesday morning,3
293,our guessing game,1
970,how sweet it is,4
245,i'll never leave you,3
822,one more time to live,1
55,adagio,4
349,(where do i begin) love story,4
86,white line fever,1
503,mr. radio,4
664,"take me girl, i'm ready",3
204,when a man loves a woman,3
388,welcome to the music,2
976,the night the carousel burned down,3
239,keep our love alive,1
841,sad cinderella,5
57,remember (christmas),5
276,love has no pride,2
643,"sisters, o sisters",1
340,peaceful,3
60,sometime world,5
441,night owl,3
989,pack fair and square,2
257,everybody's somebody's fool,2
893,love is here and now you're gone,2
981,cecilia,2
165,late again,1
659,it was so easy,5
159,keeper of the castle,3
119,in our small way,5
109,sweeter memories,1
967,god gave rock and roll to you,3
567,black maria,3
9,our lives are shaped by what we love,1
251,down on my knees,2
516,soup,5
145,when the shit hits the fan / sunset blvd.,3
551,souvenirs,1
553,breathless,2
415,the air that i breathe,5
108,le feel internacionale,1
861,can't get it out of my head,5
489,this isn't what the governmeant,1
453,intro,4
738,warrior,1
257,"crying, laughing, loving, lying",3
800,freakin' at the freakers' ball,4
903,some folks is even whiter than me,2
833,you don't have to camp around,5
203,sea breezes,3
84,"hold on, dear brother",4
634,last night i didn't get to sleep at all,4
589,alone again (naturally),4
30,save it,3
902,and i love you so,3
691,sheraton gibson,3
422,walking in the rain,1
253,half heaven half heartache,5
124,ladytron,4
42,throw down the sword,1
572,sea diver,3
219,and settlin' down,5
611,makin' it natural,4
682,simple song of freedom,1
498,when she cries,3
501,just another onionhead / da da dali,3
272,jack palance,5
23,hummingbird,3
98,would you believe?,2
500,all this is that,4
209,ready for love / after lights,5
466,i wanna be with you,4
151,listen to the lion,4
637,boogie woogie bugle boy,1
71,(the man who shot) liberty valance,2
199,sweet jane,5
888,only love can break a heart,2
297,peace like a river,1
502,place to be,1
523,garden party,5
625,evil woman,2
773,guitar man,5
642,go all the way,2
186,baby i'm-a want you,1
454,i'll play for you,4
198,here she comes,5
944,watch me,3
434,diamond girl,4
181,got to be there,2
717,let's pretend,5
888,time was,1
253,my life is right,3
950,cold morning light,2
382,armistice day,2
534,bookends,3
364,yours for life,5
655,spoon,5
121,pure and easy,3
925,sing swan song,5
521,everything put together falls apart,5
118,a good feelin' to know,3
205,solitaire,3
932,it's a sunshine day,1
479,the king will come,1
136,(it's the way) nature planned it,1
195,you're breakin' my heart,3
87,zen archer,1
731,just like yesterday,3
182,we've got a good thing going,1
533,automatically sunshine,3
12,been to canaan,5
581,2hb,3
470,holly holy,4
75,the twelfth of never,2
478,honaloochie boogie,3
177,a song for you,2
719,sand in my face,5
613,ocean breakup / king of the universe,2
684,mama,3
142,the air that i breathe,5
694,little darlin',4
199,it had to be you,1
294,everybody's talkin',3
634,tongue-tied,2
147,i love you secretly,3
536,only you (and you alone),1
834,lily of the west,4
793,love isn't easy (but it sure is hard enough),5
686,leaving this town,5
641,coz i luv you,2
955,make up your mind,2
872,midnight train to georgia,1
446,tonight,1
893,a song for europe,2
185,the trader,3
985,bel air,4
951,all summer long,5
273,all the things you are,3
530,blank frank,4
778,my love,4
98,new world rising / ocean breakup reprise,3
522,the mess,4
706,the real me,4
991,half past france,3
866,have you seen my baby,2
128,leave me alone (ruby red dress),1
123,i saw it in the mirror,2
492,young love,4
499,i write the songs,2
984,sail around the world,1
598,medley: hold me tight/lazy dynamite/hands of love/power cut,4
168,me and bobby and bobby's brother,2
179,i am your child,4
224,big barn bed,2
942,i feel the same,5
150,until it's time for you to go,2
660,song sung blue,5
607,"ring, ring",4
113,i don't need no reason,1
194,here we go again,3
81,little woman love,3
560,part of the union,2
836,should i wait,2
876,"living together, growing together",3
821,grand hotel,3
154,private world,4
555,life ain't easy,4
931,i can see clearly now,2
114,i can't believe how much i love you,2
48,play me,5
716,this door swings both ways,3
598,headline hustler,2
447,just another honky,4
377,you're gonna need me,1
312,mr. blue sky,2
904,lullaby in ragtime,1
546,for once in my life,3
46,ready to take a chance again,3
270,something big,3
85,future days,2
725,please don't bury me,5
246,lonely looking sky,1
189,sweet talkin' woman,1
11,needles in the camel's eye,5
225,on some faraway beach,1
197,here come the warm jets,5
235,something so right,2
527,don't bring me down,5
662,half-breed,1
85,showdown,1
119,best thing that ever happened to me,3
545,sweet revenge,1
801,photograph,2
152,these days,4
837,knockin' on heaven's door,2
635,secret agent man,1
585,if you go away,2
17,disillusion,2
935,you're sixteen (you’re beautiful and you’re mine),3
356,48 crash,2
98,sing my songs to me,4
403,the bogus man,5
554,day by day,4
564,as time goes by,1
234,dolphins,5
173,some of them are old,2
330,hanky panky nohow,3
446,star,4
89,can't help falling in love,4
773,96 tears,2
14,the times you've come,4
307,killing me softly with his song,3
751,with a child's heart,2
31,magnolia,3
402,girl from germany,2
913,can the can,1
887,bluebird is dead,1
630,pills,3
279,was a sunny day,5
520,hold on tight,2
571,intone my servant,2
702,learn how to fall,3
58,casanova,3
471,waterloo,4
426,bringing it back,4
199,falling in love with myself again,5
210,what is success,1
920,gonna sing you my love song,5
931,watch out,4
719,death of mother nature suite,3
123,tryin' to get the feeling again,4
918,oh boy!,4
726,hasta manana,3
884,from a silver phial,3
970,i tried to leave you,4
342,king kong song,4
657,karvaten badalte rahe,2
176,mandy,1
198,looks like we made it,1
375,never say goodbye,5
598,a.c.d.c.,4
79,journey from mariabronn,4
848,blackmail,5
902,love time,3
847,falling calling,5
208,i got plenty,4
210,you're so fine,1
514,true one,1
701,human being,4
937,belexes,1
265,no you don't,1
309,i would have loved you anyway,2
959,people's parties,5
682,be my day,4
489,you made me believe in magic,1
604,if you ever go,4
684,clockwork creep,2
126,talent is an asset,4
571,all my life,4
900,homeward bound,3
634,smoke gets in your eyes,1
759,stage fright,1
254,persephone,1
797,love makes the world go round,3
571,bandstand boogie,2
933,twilight zone,4
469,walking in the rain,1
985,new york city rhythm,3
102,emily,1
711,got you on my mind,3
420,daybreak,1
319,triptych,5
486,the real feeling,3
799,withered and died,3
890,you got to be ready for love (if you wanna be mine),1
251,the wall street shuffle,1
14,ain't nothin' you can do,3
386,here in heaven,5
510,bitter sweet,5
882,fear is a man's best friend,2
536,eldorado,2
676,there goes my everything,1
491,lover lover lover,2
360,it's so easy,1
189,am i that easy to forget,1
744,don't be cruel,2
89,"yesterday, when i was young",3
124,stones,2
143,raining in my heart,5
532,longfellow serenade,4
709,boy blue,3
117,before the deluge,5
450,many rivers to cross,4
194,life's greatest fool,2
814,saturday night,2
441,true love ways,4
758,how long,1
48,fox on the run,5
174,no other,5
479,i woke up in love this morning,5
257,strength of strings,3
551,bring it on home to me,4
151,heartbeat,4
124,out of the blue,1
829,devil gate drive,1
243,mister kingdom,1
560,prairie rose,5
571,love me for a reason,2
48,three and nine,4
297,crash street kids,1
453,the six teens,3
807,daydreamer,5
277,something there is about you,2
588,eldorado finale,5
32,a dream goes on forever,1
138,the way we were / try to remember,4
267,haven't got time for the pain,5
918,get outside,3
523,swamp witch,4
643,one man woman/one woman man,3
823,wedding song,1
927,buffalo ballet,1
204,overnight sensation,5
384,breaking up is hard to do,1
88,bonaparte's retreat,3
683,make yours a happy home,4
968,summer days,1
194,zindagi ke safar mein,1
198,tema de amor,3
303,i almost called your name,3
445,mysteries and mayhem,2
825,when the party's over,3
855,we've got forever,4
275,shadows and light,4
76,you've given me something,3
208,please don't tell me how the story ends,2
652,really rosie,5
702,it's you,3
124,all for the love of a girl,4
967,sirens of titan,4
188,hot diggity (dog ziggity boom),4
246,time waits for no one,4
122,swearin' to god,5
620,stardust,1
357,attitude dancing,5
716,coat of many colors,3
316,sentimental fool,1
284,call me back again,4
951,fountain of sorrow,5
971,you are there,4
698,elegie,4
575,(i believe) there's nothing stronger than our love,5
432,life is a minestrone,3
137,sweet dreams,4
147,jesse,5
20,never dreamed you'd leave in summer,2
404,after the fire is gone,5
502,cinderella stay awhile,4
393,child of innocence,3
599,screaming and yelling,3
987,seven lonely nights,4
182,dida,1
96,i'd build a bridge,1
47,medicine jar,5
313,what do you want from life,5
211,walk away renee,1
367,mondo bondage,4
690,universal soldier,1
376,the ballad of chicken soup,4
448,i don't wanna talk about it,1
872,light a light,4
535,disney girls,2
574,you can't get here from there,1
342,another year,2
961,bottle let me down,5
987,nothing was delivered,1
252,whirlwind,2
379,hold me close,5
786,statue of liberty,1
914,in my eyes,5
293,don't back down,1
29,nightingale,5
642,orange juice blues,2
454,"here, there and everywhere",3
124,white punks on dope,3
828,fine time,4
508,he don't love you [like i love you],3
818,city of angels,3
280,one summer dream,5
248,slip slidin' away (demo),3
852,sing child,3
338,never let her go,3
118,it's impossible,2
448,at seventeen,2
403,"i do, i do, i do, i do, i do",4
773,s.o.s.,3
524,make me smile (come up and see me),2
786,papa loves mambo,2
438,shelter from the storm,2
717,my little town,3
760,times of your life,1
262,you're a big girl now,1
389,never gonna fall in love again,3
203,wasted days and wasted nights,2
52,catch a falling star (with mitchell ayres and his orchestra & the ray charles singers),2
35,"hey, hey helen",2
103,break away,1
877,before the next teardrop falls,4
722,all the world,3
651,the millionaire,3
555,down home town,1
780,if i could only win your love,3
805,no regrets,1
781,together again,2
693,break it up,3
565,everybody's makin' it big but me,3
162,spanish train,1
99,two cents worth,2
170,roses are red,5
284,silent eyes,3
763,the pinnacle,1
513,don't let the stars get in your eyes,5
496,dear michael,4
669,take me back,3
987,our day will come,1
607,i'd do it for your love,4
765,goin' to acapulco,4
504,gone at last,3
401,must do something about it,5
136,lonely night (angel face),2
798,the long and winding road,4
684,the path,5
794,don't touch me there,1
778,loving her was easier,2
210,somewhere i've never travelled,5
914,no way out,3
488,i've never been to me,1
475,georgie,3
756,hold on to my love,5
687,all the time,3
995,winter melody,1
288,like fire,1
175,amazing grace,5
23,somebody who loves you,5
964,sometimes,4
255,i love you more than ever,2
42,reflections,1
736,pumping,5
171,lonely boy,5
317,the note you never wrote,4
192,save me,1
865,modern world,3
880,broadway hotel,4
223,the bum,4
684,2hb,4
543,lazy ways,1
222,let yourself go,5
52,chasing change,2
527,if you've got the time,2
83,runnin' away,3
963,one more night,1
326,in the still of the night,2
264,start all over,4
819,i hear the laughter,1
980,misery,3
430,song of joy,5
834,what about you,3
105,zopf: in a sydney motel,5
862,dry your eyes,5
714,crazy arms,2
956,laura,3
271,they,3
384,you're the one,3
51,i can't hide,2
963,good vibrations,3
932,autumn changes,3
582,st. louis blues,2
335,don't ask me questions,2
216,spring affair,1
273,let's stick together,1
330,together and free,2
234,it doesn't matter,3
713,she cracked,1
283,mission (a world record),5
127,old world,2
155,in the flesh,5
492,casanova,1
969,i like dreamin',5
346,down to zero,1
897,let 'em in,3
422,when i kissed the teacher,3
471,you are the woman,2
753,roadrunner,3
176,on and on,5
507,when i need you,1
990,lido shuffle,4
251,"my love, my life",5
242,you're the song [that i can't stop singing],4
347,hospital,1
688,astral plane,4
695,devil woman,5
781,"money, money, money",1
287,days on the road,5
903,"swing low, sweet chariot",2
4,rifle range,2
87,bread and roses,2
899,look good in blue,4
613,wasted,1
163,if you walked away,2
779,mississippi,1
508,i wanna sleep in your arms,2
748,magnum opus: father padilla meets the perfect gnat / howling at the moon / man overboard / industry on parade / release the beavers / gnat attack,4
496,love's grown deep,4
978,happy hawaii,1
29,livin' ain't livin',5
738,strangered in the night,1
172,summer fever,5
282,lord grenville,3
474,questions of my childhood,5
873,art for art's sake,4
733,oh happy day,5
964,pissing in a river,4
199,love me tomorrow,5
804,needles and pins,4
207,che,2
852,fly away,3
968,pay it back,5
70,heart to hang onto,4
320,"oh, candy",4
343,hard times,1
388,paper thin hotel,3
943,modern love,5
772,you've got a cold,2
142,pearl's a singer,5
792,this is sarah's song,2
534,no one receiving,3
738,a piece of the action,3
625,the white rose of athens,4
470,the modern world,4
836,nobody's home,3
518,i remember yesterday,5
902,my broken souvenirs,5
726,for cryin' out loud,1
271,i'll bet he's nice,3
975,lay your money down,3
680,god only knows,2
709,thank you for the music,4
157,where's the party?,5
285,away from the numbers,2
772,i've got the melody (deep in my heart),4
620,if you be wise,1
833,theme for a dream,4
362,i've got the music in me,4
152,life from a window,1
642,can't you hear the music?,4
893,ice cream man,3
617,what i did for love,3
527,sweet forgiveness,5
566,here song,1
208,never is too late,3
863,warm love,4
623,sparks of the tempest,5
304,"hot love, cold world",3
44,slowburn,2
699,it'll be all right,5
368,hey there lonely girl,1
922,radio sweetheart,2
903,here comes the weekend,3
172,this is tomorrow,5
18,i don't want to talk about it,5
714,sometimes,2
95,take good care of my baby,5
2,love conquers all,2
44,head on home,2
408,clock strikes ten,2
219,home on monday,4
364,elevation,3
54,jungle,4
143,today's the first day,1
856,believe me now,2
317,birmingham blues,3
70,desirée,4
305,here come those tears again,2
763,celebrate me home,4
918,i feel love,1
692,walk on water,1
850,watching the detectives,2
976,i go crazy,3
632,marquee moon,3
185,two tickets to paradise,2
843,see no evil,2
37,(love is) thicker than water,4
992,"one man, one woman",2
641,isn't it time,2
645,ex lion tamer,2
187,love alive,4
402,106 beats that,3
70,nothing matters but you,2
652,brazil,1
445,oh caroline,4
436,save a little room in your heart,5
662,lay back in the arms of someone,5
454,jealousys,2
270,champs,3
606,king's lead hat,2
565,cocaine,2
372,first time,2
360,elo kiddies,4
263,lightning's hand,5
365,making believe,4
389,straight line,2
549,down the dolce vita,2
96,lucky lips,2
355,(get a) grip (on yourself),2
308,torn curtain,1
638,runaway,5
201,you're my world,1
48,sweet life,3
316,here comes the flood,3
219,love needs a heart,1
836,fragile,3
533,mr suit,2
693,without you,4
630,i'll get by,1
360,two lives,1
451,i believe in love,2
49,pink flag,3
538,the chosen one,3
537,start to move,2
144,mandocello,1
112,till victory,3
33,nicotine stain,2
333,babelogue,5
600,lighter touch,5
406,dancin' by myself,1
344,ain't that a shame,5
227,marooned,2
165,kingdom hall,2
706,on the radio,2
936,ain't that nothin',3
622,why,4
979,sand in my joints,2
193,crooked piece of time,2
101,mattie's rag,1
301,backwards traveller,1
849,home sweet home,1
856,life for the talking,1
345,carcass,5
624,you (got it),2
332,tranquillo (melt my heart),1
776,takin' me back,2
290,end of the world,3
505,overground,3
428,french film blurred,4
535,clyde,2
194,them heavy people,4
809,i didn't have the nerve to say no,1
353,contact in red square,5
509,this is pop?,3
1,annalisa,1
939,apothecary,2
827,dot dash,1
968,from the nursery,3
441,oh to be in love,3
572,brickfield nights,5
919,fool for a night,5
169,'a' bomb in wardour street,1
355,symphony in blue,3
957,takin' it easy,1
779,used to,4
733,mercy,5
988,being sucked in again,4
565,worlds away,1
191,the last goodbye,2
417,raining in my heart,3
549,the staircase (mystery),1
690,wavelength,2
775,checkin' it out,2
311,i feel mysterious today,2
839,en kanmani,4
221,too late,2
260,change of heart,4
938,cue,5
291,practice makes perfect,3
401,so you win again,4
425,devoted to you,3
285,i love the sound of breaking glass,2
284,an everlasting love,4
163,outdoor miner,1
946,all mixed up,2
294,(our love) don't throw it all away,1
866,red-headed wild flower,5
57,had to fall in love,5
252,fade away and radiate,3
628,so it goes,1
478,pride,2
843,11:59,2
836,you can't win,1
422,i'm in touch with your world,1
870,don't cry out loud,3
426,fish and whistle,4
329,hopelessly devoted to you,1
835,it's a heartache,2
850,love will find a way,3
630,crazy love,2
185,i'm every woman,1
235,with a little luck,5
935,thank you for being a friend,1
134,once i had a love (aka the disco song),3
232,heart of the night,5
865,you're all i've got tonight,5
841,i am the fly,4
695,we're through,3
447,you needed me,4
824,straight on,2
377,"whenever i call you ""friend"" (feat. stevie nicks)",3
894,bye bye love,2
227,stumblin' in,5
617,everybody's got to learn sometime,5
41,days,1
3,stealin' time,5
45,you belong to me,2
527,love has fallen on me,3
24,california man,5
934,mother of violence,3
40,rock n roll nigger,3
112,youth nabbed as sniper,4
629,feel it,5
347,nite flights,5
723,the kick inside,2
836,you'll always find me in the kitchen at parties,1
336,never let her slip away,1
196,walk on by,5
940,i'm gonna love you too,2
337,head first,1
912,if i sing you a love song,4
939,(i'm always touched by your) presence dear,3
624,fool (if you think it's over),2
890,cook with fire,5
984,on top of the world,5
629,i was made to love him,3
873,you're the love,5
792,just go away,2
486,airport,3
54,steppin' in a slide zone,4
801,jigsaw feeling,3
165,conversation,2
562,blessed state,2
176,i believe in you,5
842,man gave names to all the animals,1
607,accidents never happen,3
113,on my honor,4
697,there will always be a you,1
803,frustrated,1
547,mistress of mine,1
466,can't get to sleep at night,3
462,no more tears (enough is enough),4
221,small paradise,5
403,5.45,4
93,engineers,5
872,guns before butter,4
703,poor shirley,1
683,heartbeat,3
247,on the other side,1
880,"who's right, who's wrong",5
557,reception,4
703,broken english,2
740,sunset people,4
288,the nips are getting bigger,1
103,way of the world,5
238,baby stick around,3
914,spinning,3
405,your number or your name,4
260,observer,4
753,just another night,4
61,poptones,5
728,when a man loves a woman,5
84,on the radio,2
101,walk away,4
740,reel by reel,4
401,let me out,3
824,memories,5
900,coolsville,5
488,lady lynda,3
680,albatross,5
423,everytime you leave,3
134,touching me touching you,3
754,you drive me ape (you big gorilla),5
110,good timin',4
971,i'll be with you tonight,3
908,a little night dancin,4
171,armalite rifle,3
545,a touching display,5
306,i die: you die (video version),3
697,praying to the aliens,5
678,prime time,2
494,single k.o.,5
232,thick as thieves,2
527,somethin' else,1
36,and the healing has begun,1
550,one night in a lifetime,4
775,queen of hearts,3
537,one more time,3
943,he's frank (slight return),4
886,outside world,3
176,a glimpse of home,1
914,when you gonna wake up,5
776,maybe tonight,3
151,company,5
870,be mine tonight,5
153,we are glass,2
638,someone's looking at you,3
11,lucinda,3
701,as time goes by,1
628,when you're near me i have difficulty,4
303,get it right next time,5
975,52 girls,3
838,lost in music,3
550,take me home,4
815,since i held you,4
214,dance away,4
81,gonna raise hell,1
211,kisses of fire,5
433,voices,3
748,metal,2
317,the 15th,3
918,cool change,5
382,chiquitita,5
29,making plans for nigel,1
628,lonesome loser,3
450,off the wall,4
311,m.e.,2
727,it's all i can do,4
262,thinking of you,4
142,atomic,3
380,i have a dream,2
939,on your radio,2
875,icon,5
247,the number one song in heaven,2
112,"old siam, sir",1
31,here comes the summer,2
539,roads girdle the globe,1
677,"me, i disconnect from you",2
304,cracking up,4
248,getting closer,5
641,protection,1
207,love in a void,3
636,holiday,5
236,hero worship,5
527,i really don't know anymore,4
114,we live for love,4
382,deja vu,3
855,ether,2
808,tryouts for the human race,3
180,behind the mask,4
537,minstrel gigolo,2
319,fairytale in the supermarket,2
849,6060-842,1
178,lust for kicks,3
186,stay in time,2
916,delius,3
849,bliss,4
462,bunker soldiers,1
128,papillon (aka hot butterfly),2
303,towers of london,3
987,up front,4
924,no language in our lungs,4
111,missiles,3
926,summerlove,2
911,the wedding list,2
543,treason,1
39,i love you (miss robot),2
854,breathing,4
246,breakdown,3
815,and i moved,4
449,highwire days,4
10,never wanna leave you,5
95,don't forget me,2
650,new amsterdam,2
834,living through another cuba,5
277,prisoner of love,4
245,fame,1
963,rescue,5
138,got to love somebody,4
155,heartland,3
709,do it clean,2
821,imitation of christ,5
54,forces at work,4
448,kid dynamo,1
307,red light,5
71,the unheard music,5
85,is this real?,1
754,potential suicide,2
918,relentless,3
753,you can have me anytime,5
427,sweet little mystery,2
106,love for tender,3
909,miss sun,3
706,my new career,3
593,saved,1
405,violin,4
854,kiss kiss kiss,5
612,make up your mind,3
443,standing on the outside,5
149,not a second time,1
762,clouds across the sun,3
16,till the walls come tumblin' down,4
343,headed for a fall,1
338,wedding song,4
733,america,4
925,give me something,3
991,i'm moving on,3
698,songs of life,4
439,there there my dear,5
963,eight miles high,1
923,all stood still,5
698,heart,5
734,breakdown dead ahead,2
75,after dark,4
424,tragedy,3
396,beautiful boys,2
401,hold out,4
899,touch and go,3
303,oh yeah!,3
757,i can't stand up for falling down,5
143,another nail in my heart,5
139,happy new year,5
277,party out of bounds,4
872,johny hit and run paulene,5
980,i made it through the rain,4
609,fa cé-la,4
20,you better run,2
687,biko,5
583,don't walk away,5
741,i wanna destroy you,2
884,first love,5
456,woke up laughing,1
109,boulevard,3
478,"andante, andante",1
760,while you see a chance,3
82,the winner takes it all,1
624,hit me with your best shot,2
811,video killed the radio star,1
210,enola gay,5
226,fade to grey,2
922,magic,3
808,electricity,2
217,heaven,1
112,more than i can say,5
936,generals and majors,5
865,one day i'll fly away,2
231,the ghost in you,3
948,xanadu,5
775,mystery achievement,5
582,gentlemen take polaroids,4
555,rock and roll,3
307,up the neck,3
548,runnin' around,1
924,teacher teacher,4
947,dreamin',2
976,return of the rat,4
757,the plastic age,5
96,panorama,2
772,nightporter,4
863,duchess,1
241,soul kitchen,4
996,president gas,4
338,wait a minute,1
948,do you wanna hold me?,3
111,livin' on my own,2
669,d-7,5
120,i'm alive,1
348,hell is for children,2
219,intruder,5
792,vienna,3
841,los angeles,2
625,reward,5
308,pulse,5
613,分分鐘需要你,1
761,whenever you're away from me,3
945,call it a loan,2
44,devil in my car,4
641,over you,5
488,the fall,2
309,nausea,3
201,dancin' with tears in my eyes,3
1,aphrodisiac,3
713,i don't remember,5
352,can't stop the world,4
730,open your heart,1
215,i've done it again,4
122,imposter,3
479,love song,3
62,should i laugh or cry,4
201,the things that dreams are made of,2
436,soldiers,4
138,hole in my heart,2
315,"as above, so below",3
998,ya no quiero volver con usted,2
417,yesterday's songs,3
688,someone else's heart,3
204,you can't walk in your sleep (if you can't sleep),3
279,the jezebel spirit,3
898,careless memories,1
850,jump,3
299,senses,3
919,i'm lucky,3
562,dreams never end,5
51,fading fast,1
665,white girl,3
721,epilogue,4
961,letting you go,1
838,over the wall,3
705,seconds,5
12,sin in my heart,2
676,spellbound,4
770,fits ya good,4
951,chosen time,1
955,piss on the wall,3
990,in my world,5
200,i could be happy,1
742,big brown eyes,4
333,the night owls,1
819,gangs in the street,4
657,outlaw,1
217,everybody loves you when you're dead,4
971,cool world,5
613,amnesia,2
359,never known,4
491,i'm coming over,3
723,gossip,4
516,youth,4
550,this is not a photograph,3
528,you'll never be a man,3
983,heart of mine,3
599,late bar,1
787,be good johnny,5
164,beyond and back,1
509,voodoo dolly,4
260,we're desperate,1
355,human touch,3
234,should i do it,2
357,carried away,1
50,when it's over,4
43,we got each other,3
868,livin' in the limelight,2
142,extended souvenir,4
739,fool if you think it's over,1
512,the him,2
204,strict time,4
409,of all the things we've made,2
434,do you remember when,2
712,i'm still waiting here for you,3
751,chips on my shoulder,3
617,it's a tuff life,1
440,icb,5
514,from a whisper to a scream,3
347,politics!,3
953,nightwatchman,3
5,life in tokyo,5
203,overkill,3
353,this town,5
670,the visitors,3
467,under attack,5
286,the weakness in me,3
669,wishing (if i had a photograph of you),4
757,rain is falling,3
860,tainted love / where did our love go,4
386,is that love?,5
963,monitor,3
144,"the more you live, the more you love",4
429,i go to sleep,5
2,voices carry,4
832,head over heels,2
106,space age love song,2
797,call me,1
62,working for the weekend,1
643,centerfold,4
994,tainted love,5
935,vamos a darnos tiempo,5
897,souvenir,1
281,morning train (nine to five),5
395,since you're gone,1
933,one of us,5
510,harden my heart,1
920,fate,1
906,lucky ones,1
634,21st century man,2
19,another heart breaks,4
31,think it over,3
61,precious time,1
920,feel up,2
591,you really got me,3
707,perfect system,4
831,to cut a long story short,5
230,she's leaving,4
77,joan of arc (maid of orleans),1
591,night shift,4
707,watch your step,1
775,nightclubbing,4
887,lust to love,4
343,when it's over,4
856,on the outside,1
91,into the light,3
635,talking out of turn,1
355,prologue,3
215,promises in the dark,2
893,"on, on, on, on...",4
486,i dreamed i dream,5
391,fire and ice,1
951,love is alright tonite,4
588,gemini dream,1
823,find another fool,2
311,if only you were lonely,5
363,pity,2
26,johnny can't read,5
944,faith in god,2
754,people just love to play with words,3
704,tattoo (giving it all up for love),1
23,noticeable one,2
286,cascade,5
809,garlands,1
406,yesterday,3
564,the bitterest pill (i ever had to swallow),5
667,flesh of my flesh,4
422,i get excited,3
285,leave it open,5
504,white trash (second generation),2
362,you can run,5
408,in the night,1
200,blood bitch,3
460,pull out the pin,3
494,music for chameleons,2
577,san jacinto,5
748,play something sweet (brickyard blues),3
514,wallflower,1
666,blind dumb deaf,4
58,along the way,4
485,old world new world,1
856,nothing to fear (but fear itself),3
825,part iii,4
200,pieces of april,3
77,i love a man in a uniform,2
753,let me go,5
978,oligarchy,4
515,i gotta try,3
690,melt,4
614,fight it out,4
250,"1,000,000",4
82,ball and chain,5
337,let x=x,2
431,blue spark,4
240,politics,5
999,sure as i'm sittin' here,1
251,when the war is over,4
68,dead on arrival,5
468,runaways,2
499,island of lost souls,3
231,spy of love,2
621,masquerade,3
637,love was really gone,3
245,hungry like the wolf,2
173,after the snow,3
819,where the love is,5
493,painted bird,4
708,slaves,3
609,world war iii,4
192,ghosts,1
798,all the love,2
213,trem two,5
187,mull of kintyre,3
255,the lunatics (have taken over the asylum),2
595,hold back the rain,1
337,wan light,3
261,american dream,2
854,tukani (monday is grey),1
514,chinese cafe/unchained melody,2
789,memory,3
885,i before e except after c,1
185,he's so strange,5
214,inside out,5
158,the have nots,1
159,kids don't follow,5
287,heartlight,3
349,eat your dog,2
975,slowdive,3
447,all the answers,3
238,my own way,4
969,doing time,4
622,hand to hold on to,3
528,corridor of dreams,2
133,i know there's something going on,5
20,the metro,4
818,i'm not a loser,3
467,save a prayer,5
468,mexican radio,5
529,poison arrow,1
526,love plus one,1
411,senses working overtime,4
340,walking in l.a.,4
862,anarchy burger (hold the government),5
741,breaking us in two,4
693,falling and laughing,2
60,play the game tonight,2
649,talk talk,3
314,o superman,2
50,if you want my love,3
466,workin for a livin,3
834,change,2
723,more than this,1
397,don't change,5
113,do you believe in love,5
319,"i melt with you (7"" mix)",3
337,dirty laundry,4
959,jump (for my love),3
320,neutron dance,4
225,only the lonely,5
884,rip it up,1
887,the warrior,3
420,i melt with you,1
436,suburban home,2
655,do you really want to hurt me,3
210,automatic,3
553,tony age,4
580,m-16,1
188,in my room,1
757,grey matter,3
272,black coffee in bed,1
771,wax and wane,1
169,beyond belief,4
744,too pieces,1
321,someone's calling,3
360,that's how i escaped my certain fate,2
990,goodbye seventies,1
593,private life,5
35,desperate but not serious,5
211,the show must go on,2
531,another state of mind,5
494,slip slidin' away,3
218,i'm not a punk,1
241,don't fight it,3
426,partytown,5
492,jean is dead,3
825,the creeps,5
140,all of my heart,3
485,the space between,5
246,carousel,4
541,unconditional love,5
896,mr blue,5
89,secret messages,1
942,you crack me up,5
784,sweat,3
187,take me to heart,4
82,absolute beginners,2
230,i could show you how,2
576,color me impressed,2
685,honky tonk blues,4
756,soul mining,2
844,i'll be mellow when i'm dead,2
228,less than human,3
18,true,2
482,gold,1
211,kill yr. idols,1
625,(do not) stand in the shadows,3
488,back of love,3
697,catch me i'm falling,2
438,we walk,3
320,strike zone,1
610,bluebird,2
407,butterbean,1
698,a girl called johnny,2
286,i'm ready,3
418,9-9,2
585,wake up (it's 1984),5
122,the sinking feeling,5
999,mr. frump in the iron lung,1
696,i could give you (a mirror),1
356,when mama was moth,1
754,in the gold dust rush,3
653,mad world,3
800,pilgrimage,3
127,money changes everything,3
706,telegraph,3
278,stukas over disneyland,1
895,little man with gun in his hand,4
717,change,2
335,song about the moon,1
819,big strong boss,4
438,my love paramour,5
623,run runaway,5
605,heads will roll,2
624,one thing leads to another,2
535,shintaro,5
226,honey,1
695,dead or alive,2
433,i've got an angel,1
302,sitting still,4
183,goodbye my love goodbye,2
408,don't fall apart on me tonight,4
313,behind blue eyes,5
879,five ten fiftyfold,2
105,no time for talk,4
119,wrap your arms around me,3
74,wishful thinking,3
150,crank call,3
14,words of wisdom,3
63,the dead next door,3
143,doom town,5
378,devil doll,3
371,within your reach,5
641,true colors,5
281,outside,5
225,black money,1
299,silly crush,2
928,when i need you,3
740,flavor crystals,2
317,play guitar,1
222,miss me blind,2
371,leave me alone,3
814,heart and soul,4
366,the goonies 'r' good enough,4
587,crumblin' down,5
995,"promises, promises",1
795,church of the poison mind,3
216,the new world,3
210,we all stand,4
423,strip,2
907,watch me bleed,5
615,kiss off,1
210,time after time,3
731,authority song,4
10,always something there to remind me,5
682,lucky star,5
320,blister in the sun,4
755,this is the day,2
909,she works hard for the money,4
872,everyday i write the book,2
874,the cutter,5
552,a million miles away,1
99,your silent face,4
964,uncertain smile,1
12,all right,2
991,straight from the heart,2
40,gone daddy gone,2
76,all through the night,1
173,please don't step on my rainbow,4
964,catapult,1
766,take a little bit,2
291,hard life,5
328,don't fall,5
358,reach the beach,5
639,one in a million,4
84,moral kiosk,2
217,just another woman in love,3
456,long hot summer,5
167,halfway to paradise,2
201,daytime drama,3
361,the sign of fire,4
925,over the edge,2
255,ugly,5
691,this time,5
984,i do believe (i fell in love),1
231,saved by zero,4
388,how can i refuse,5
558,catch my fall,1
697,the hurting,2
902,oldest story in the world,2
263,to the kill,2
907,5-8-6,2
939,china,2
769,memories fade,1
169,blind vision,1
356,come closer,4
849,black diamond,1
808,two beads at the end,5
213,death valley '69,1
773,hide and seek,3
500,crystal days,1
826,hands across the sea,2
126,we're comin' out,3
239,theatre is the life of you,5
112,get on your feet,1
251,going down to liverpool,5
126,my kingdom,4
739,"broken home, broken heart",4
559,how do you do it?,2
230,amelia,4
598,help you ann,5
32,black girls,4
657,do you want new wave or do you want the truth,2
823,thin line between love and hate,5
331,d.'s car jam / anxious mo-fo,5
424,half a minute,2
747,hallowed ground,4
781,nature trail to hell,4
517,let me down easy,2
810,loverboy,1
240,polkas on 45,2
470,dancing with tears in my eyes,2
475,jacki,4
718,jesus walking on the water,4
727,this is my night,2
655,hero takes a fall,5
688,thorn of crowns,1
793,fallen angel,1
861,one reporters opinion,4
630,the devil game,5
194,toadies,3
723,day after day,2
894,with every beat of my heart,3
842,tender blue,2
183,the whistling song,5
772,(what) in the name of love,3
353,what's going on,5
893,west germany,5
283,hooked on music,5
282,beyond the threshold,3
55,delicious,3
100,playing to win,4
242,long gone,4
916,temporary heroes,1
246,to germany with love,2
626,the yo yo man,2
569,this ain't no picnic,5
759,shit from an old notebook,1
23,king of suede,3
155,are we ourselves?,1
975,one night love affair,4
560,nature without man,1
903,weak in the presence of beauty,5
852,war,4
969,time after time (annelise),2
843,can't stay away from you,5
73,i'm free (heaven helps the man ),2
929,you can't make love,5
309,eat it,4
342,it's only love,1
324,you'll never walk alone,5
647,"pearly-dewdrops' drops (7"" version)",3
909,ferry cross the mersey,2
39,lost in love,1
851,new song,3
529,plateau,4
142,two tribes,3
35,last christmas,3
398,never ending story,4
108,hold me now,2
261,self control,4
294,it's my life,3
450,smalltown boy,5
130,we belong,3
757,mr. telephone man,3
465,something i learned today,2
357,corona,2
83,the lebanon,2
787,no one is to blame,4
760,material girl,4
689,the killing moon,3
372,such a shame,4
916,everlasting love,2
165,chartered trips,2
746,ti amo,4
613,don't wanna lose you,4
348,the paris match,2
11,aloysius,5
443,beatrix,4
964,theme from rocky xiii,1
418,looking for love,3
2,ocean rain,5
548,i hear the rain,5
172,this is not a love song,2
739,it's not the night,5
138,sugar walls,2
149,stay,2
128,skin deep,5
527,is this love?,5
964,kids wanna rock,3
678,1-2-3,4
434,love don't live here anymore,2
51,i feel love,2
723,the order of death,5
714,2000 miles,3
227,"oh, me",1
81,justice and independence '85,4
944,forget the swan,2
605,same direction,1
570,strength,1
9,p-machinery,2
884,give blood,5
21,one of the living,5
869,take on me,1
196,absolute,1
976,the hardest walk,2
919,far side of crazy,5
624,count me out,1
839,windswept,1
236,the blue sky,5
734,good + bad times,2
860,the love parade,2
539,black man ray,1
806,life and how to live it,4
26,head over heels / broken,4
395,shout,5
743,this time of night,3
316,falling in love (uh-oh),5
928,face the face,1
520,don't you (forget about me),4
268,election day,3
506,holding back the years,4
27,everybody wants to rule the world,1
994,the queen and the soldier,2
967,same man i was before,4
662,living a boy's adventure tale,4
354,left of the dial,2
422,lost weekend,3
528,the working hour,3
964,the highest high,4
549,broken / head over heels,3
776,breakaway,1
382,love is reason,1
94,the face of the nation,2
659,lay your hands on me,5
621,gcf,2
325,tomorrow doesn't matter tonight,2
13,divide and conquer,3
938,rockstar,2
736,goodbye lucille #1,5
52,needles and pins,4
364,you're the lady of my heart,4
990,cut dead,1
798,par avion,1
31,sensation,4
613,blue kiss,5
621,passing complexion,1
82,waitress in the sky,5
757,hold me (with teddy pendergrass),5
411,slime creatures from outer space,1
751,lay it down clown,3
621,no point,4
609,state of the heart,4
170,christmas vacation,1
342,every time you go away,5
192,(we're gonna) rock around the clock,5
959,so in love,1
738,all at once,3
570,rain on the scarecrow,2
658,silent running,3
144,bonny,4
688,something about you,5
363,words get in the way,5
498,no one lives forever,3
465,invincible,4
229,and dream of sheep,3
477,be near me,5
5,stay,4
897,what about love?,5
725,greatest love of all,5
952,your love,1
297,the man who sold the world,5
823,bring on the dancing horses,3
685,all the love,2
67,dead man's party,5
489,between a laugh and a tear,4
969,61 seconds,2
859,i don't need her,3
817,makes no sense at all,2
340,a good heart,5
110,driver 8,4
328,primitive painters,2
670,celebrated summer,3
788,i believe,5
777,kerosene,4
563,go away,5
458,since yesterday,1
158,marlene on the wall,1
762,minutes to memories,5
752,to live and die in l.a.,4
662,duel,1
335,forever,2
540,if looks could kill,5
868,when love breaks down,3
80,nothin' at all,3
19,walls come tumbling down,3
258,we close our eyes,2
330,the edge of forever,3
499,haunted when the minutes drag,5
525,jig of life,5
475,money's too tight,5
627,fire in the twilight,2
225,taken in,3
373,under ice,5
791,mother stands for comfort,4
779,watching you without me,3
134,arizona sky,1
732,world where you live,5
711,clara bow,1
670,only love,5
869,i love you babe,3
234,love makes the world go round,3
721,the mercury girl,4
18,jimmy jimmy,2
179,love is forever,1
53,christmas at ground zero,1
238,i don't believe in you,4
723,oomingmak,5
783,living with a hernia,4
585,the flowers of guatemala,4
885,you make me feel brand new,3
887,cross my heart,3
196,bangin' on my heart,1
96,put your hand inside the puppet head,4
977,i held her in my arms,1
361,when tomorrow comes,4
141,blue,1
406,my mic sounds nice,5
41,he doesn't know i'm alive,4
655,in a lonely place,3
772,whales tails,5
267,the other side of life,5
613,split decision,2
213,that voice again,3
661,pretend you don't see her,3
177,now we're getting somewhere,4
79,1000 umbrellas,5
152,tone bone kone,4
437,a different corner,1
344,addicted to spuds,3
812,i'm not perfect (but i'm perfect for you),2
384,you make me feel so good,4
247,one love,5
749,moving target,2
483,time for us,5
713,i believe,5
23,number three,1
589,calm inside the storm,2
301,summer of love,2
389,the end of august,3
845,only love knows why,3
106,the long race,3
804,hyena,3
969,sweetest chill,1
164,love's easy tears,3
372,before too long,4
404,there is power in a union,3
497,begin the begin,2
981,get up off our knees,4
182,candyman,1
666,american science,5
856,cheer,3
655,something so strong,5
118,human,3
120,funny how time flies (when you're having fun),4
379,open your heart,3
415,blood and roses,5
660,life's what you make it,3
320,fadeaway,5
349,behind the wall of sleep,5
950,fall on me,1
904,take my breath away,4
804,higher love,4
353,glory of love,1
551,cities in dust,4
140,don't leave me this way (with sarah jane morris),3
881,mandolin rain,1
691,opportunities (let's make lots of money),3
15,since i don't have you,2
330,oh l'amour,2
140,i've been in love before,2
771,spring rain,1
544,iko iko,1
331,save it for later,1
7,1963,5
973,slipping (into something),5
576,let's talk dirty in hawaiian,5
427,pink frost,2
3,typical male,1
514,heartaches,3
358,look away,1
301,when company comes,4
882,levi stubbs' tears,5
79,getting to the point,4
278,brave captain,5
243,slug song,5
846,whispering bells,3
928,secret separation,5
447,summer's cauldron,5
698,lazy calm,2
47,living in another world,3
540,let's go,5
950,endless nights,3
259,the finer things,1
777,still the night,2
664,this i swear,4
666,break the ice,3
460,rent,4
231,strangers of the heart,5
292,cherry tree,4
282,welcome to the occupation,4
296,catholic block,2
176,hand to mouth,1
897,bad animals,1
301,set the night to music,5
279,itsy bitsy spider,2
894,could you be the one?,4
105,i'll pin a note on your pillow,4
376,ahead,1
161,never mind,3
96,it's not over ('til it's over),2
553,everlasting love,4
870,laying down the law,2
747,feelings,1
650,bad penny,1
266,a campfire song,1
268,scatterlings of africa,5
639,i saw him standing there,1
328,put your head on my shoulder,1
175,bedbugs and ballyhoo,4
800,the overweight lovers in the house,5
36,alex chilton,1
782,bang bang,2
313,strange fire,4
473,go cut creator go,2
64,mirror people,4
225,strap me in,3
682,i.o.u.,2
665,this magic moment,1
258,mr. big stuff,1
979,lightnin' hopkins,1
66,nothing's gonna stop me now,4
348,nine million rainy days,5
484,from a distance,3
693,hideaway,5
759,as time goes by,4
134,l dopa,5
94,cherry came too,2
695,brand new lover,4
625,about you,1
94,get down,1
210,angels don't cry,4
411,world without you,1
734,if i were a carpenter,1
776,still within the sound of my voice,5
53,king of birds,2
186,shangri-la,4
550,ed is dead,4
749,litany (life goes on),1
3,clean sheets,4
124,trust in me,2
34,c'mon every beatbox,3
247,solitude standing,2
917,oddfellows local 151,1
805,go away,3
79,coming up on you,1
157,dreams,5
387,mandinka,2
81,paper in fire,3
861,sometimes,4
525,when smokey sings,2
946,like the weather,2
852,it's a sin,5
277,should've known better,3
815,foolish beat,1
358,dirty diana,4
565,check it out,4
982,i get weak,1
521,mediate,1
526,"crying, waiting, hoping",3
184,i just can't stop loving you (feat. siedah garrett),3
448,love letters,4
742,(i'd go the) whole wide world,3
162,leave me alone,3
470,hold on to the nights,3
880,wishing well,1
650,cherry bomb,2
415,never tear us apart,5
41,didn't we almost have it all,1
739,i think we're alone now,3
279,lessons in love,4
969,devil inside,2
20,together forever,4
216,coming around again,2
388,only in my dreams,5
203,caribou,1
816,fly away,1
287,you're still my man,4
564,seasons change,5
671,what's my scene,1
557,you and me against the world,3
3,never can say goodbye,2
425,it's over,2
891,i've been tired,2
583,whenever you need somebody,2
835,hurt so bad,5
553,coolidge,5
992,nimrod's son,1
670,the lung,1
803,i want your (hands on me),2
177,al capone,2
998,time (clock of the heart),4
568,love will save the day,5
622,living in a box,3
819,we all sleep alone,5
349,little fury things,4
856,world shut your mouth,4
187,speed demon (remix by nero),3
830,seattle,2
698,kick,2
340,made up in blue,4
181,over and done with,4
780,lyte as a rock,2
697,love like we do,1
214,the lover in me,5
303,part iv (the index fossil),2
227,pessimistic lines,3
692,always on my mind / in my house,3
724,i don't want to be a hero,1
93,coldsweat,2
474,especially for you,4
962,i can see it (but i can't feel it),3
751,the lion sleeps tonight,1
517,the itchy glowbo blow,3
33,phantom bride,3
379,knocked out,5
560,when?,2
196,heaven knows,3
725,deus,5
42,love and mercy,3
384,when i needed you,5
68,air of december,2
333,the only way is up,5
628,heart of mine,4
765,the killing jar,5
633,i need you,3
69,hold me in your arms,2
774,delirium of disorder,4
318,dingbat,4
395,spend the night,2
734,i'm down to my last cigarette,5
777,state of attraction,2
128,total trash (album version),5
614,nothing much to lose,4
772,beat the time,1
848,lay all your love on me,1
748,good old days,4
61,it's ok (it's alright),1
207,i remember when,2
703,carry me (like a fire in your heart),3
658,don't say it's love,1
229,i count the tears,3
176,there's never a forever thing,5
591,they always come,5
705,where it all started,5
698,the living daylights,2
322,there's so many,3
962,too late marlene,4
706,shattered dreams,4
138,she,2
35,delicious demon,1
908,stop,2
802,like an outlaw (for you),5
784,i'm not satisfied,4
104,several girls galore,3
143,pictures,2
103,parking lot,2
275,graveyard,5
163,occasionally,1
465,supermarket fantasy,4
978,hey suburbia,3
997,for my lover,4
454,all fired up,5
17,suffer,4
98,magic moments (with mitchell ayres and his orchestra & the ray charles singers),5
197,meet me half way,3
231,boys to men,4
373,crash,5
539,waiting for a star to fall,5
630,i'm on my way,4
515,all this time,5
822,peek-a-boo,4
978,i'm not the man i used to be,5
701,love changes (everything),5
684,there she goes,4
235,bring me some water,3
330,listen to your heart,4
666,forever your girl,5
866,indian summer,4
430,turn back the clock,5
764,good thing,3
728,every little step,1
272,talkin' bout a revolution,2
911,if it isn't love,3
179,i'll be loving you (forever),2
593,straight up,3
349,where is my mind?,4
931,lost child,3
940,cold hearted,3
416,groove me,2
15,sweet jane,4
28,opposites attract,4
593,toy soldiers,1
534,i'll always love you,3
596,blue bell knoll,2
571,walking away,4
514,i don't want to talk about it,3
205,take this waltz,1
851,i should be so lucky,3
846,i want what i want,5
739,ever fallen in love,5
488,take me to your heart,5
686,killing me softly,1
968,sunshine on leith,1
45,little miss s.,1
738,indulgence,3
534,oh my golly!,2
670,ana ng,3
899,(this song's just) six words long,3
565,naturally mine,3
799,give you nothing,2
386,something against you,4
672,the way that you love me,4
290,break my body,1
29,only a memory,5
271,goldfinger,4
186,you are (the government),3
889,lose my breath,2
139,broken face,3
759,why?,2
618,for you,5
644,you came,5
764,running,3
540,the world won't stop,3
409,a miss of you,3
760,another day,2
358,i want something more,3
454,you on my mind,3
330,history of us,1
658,tears run rings,3
702,the only one,3
268,jennifer lost the war,5
865,how bad do you want it?,1
119,all the way,4
266,a love from outer space,3
393,standing on the corner of the third world,3
890,love song,4
849,swords and knives,2
244,drama!,2
594,land of canaan,2
604,breakaway,5
92,vox,3
70,in the real world,4
347,till death do us part,5
27,hand on your heart,3
221,henchman,4
723,love letter,3
861,a love so beautiful,5
420,be careful of my heart,1
947,a world of our own,5
548,anxiety,2
73,vanishing point,3
991,forever blue,2
436,voices of babylon,5
520,dream attack,3
718,leave a light on,1
623,no souvenirs,5
997,given a chance,4
5,real love,3
974,let's go out tonight,1
94,steady on,2
852,54/40 or fight,1
897,i remember,2
382,elders,5
767,plastic bird,2
923,vision of you,1
998,little tin god,4
419,sitting on top of the world,5
39,vanity fair,4
775,i could never be without you,1
172,yesterday girl,2
381,you happy puppet,4
115,talent show,2
329,something to say,1
56,this is the right time,3
39,too many broken hearts,4
768,victory garden,1
493,the carnival is over,2
93,love power,4
878,honey i sure miss you,3
839,love's recovery,2
822,ring them bells,1
557,year of the knife,2
584,you surround me,1
503,manta ray,4
58,my first night without you,5
75,love on a rooftop,1
117,sinoć sam pola kafane popio,3
92,subcity,5
421,love is a long road,5
568,isn't it a pity,5
610,the best,3
618,trouble me,4
804,gouge away,1
761,crossroads,1
468,i bleed,2
837,mr. grieves,5
180,these are the days,1
536,the last worthless evening,1
876,black cat,3
913,have i told you lately,1
942,here comes your man,1
469,you got it,1
958,right here waiting,3
46,i won't back down,5
994,rhythm nation,2
180,blue thunder,5
139,yer so bad,4
967,so alive,2
923,i'll never find another you,4
880,blood and fire,5
208,kid fears,2
607,silver,1
89,most of the time,4
441,cuts both ways,1
334,bad man's song,4
136,this time,4
886,tender lover,3
845,oh father,1
375,jackie brown,5
563,snowstorm,4
380,change of ideas,1
109,state of the world,5
601,king for a day,4
208,we got our own thang,3
351,mandela day,5
180,depending on you,4
457,no 13 baby,2
972,dead,3
610,feel a whole lot better,3
452,have a heart,3
279,secure yourself,5
702,slow death,1
618,falling,1
541,california blue,4
879,there goes my gun,4
770,belfast child,1
114,lover of mine,4
168,rockin' back inside my heart,5
587,sanity,5
845,crackity jones,5
804,deadbeat club,5
188,blue savannah,3
694,electric youth,2
728,sent from up above,4
695,drug train,2
576,games,4
62,a place in my heart,5
432,lover for life,4
794,lay my love,1
518,off your face,4
321,the stairs,3
222,that is why,2
613,dead man's curve,5
71,they might be giants,2
525,all i ever need is you,3
772,walking on my grave,3
923,alone in love,3
214,there's got to be a way,1
962,she hangs brightly,2
293,walkin' back to happiness,4
255,that lovin' you feelin' again (with roy orbison),4
159,metropolis,1
396,quality time,4
272,skin & bones,4
366,we want a rock,5
681,rescue me,4
287,bitter tears,2
638,allison,4
303,go ahead in the rain,4
660,flesh 'n blood,3
902,in private,2
50,a reason to believe,5
957,glorious,3
961,how long will i love you,2
273,so hard,4
865,secretly,3
63,rollin' wit the lench mob,1
728,free,3
289,god song,4
294,what they hittin' foe?,5
529,who's the mack?,5
904,stone cold yesterday,3
40,a certain someone,5
594,taste of blood,2
7,walk away,4
177,particle man,4
384,(you're my) soul and inspiration,4
622,i don't wanna cry,3
694,someday,2
993,real real gone,4
422,sit down,3
90,can i kick it?,2
203,so far away,1
365,seeing things,5
445,disappear,2
930,tonight,4
430,i can't wait another minute,4
950,miracle,3
662,vision of love,5
908,ball and chain,2
851,hold on,1
558,all i wanna do is make love to you,3
55,nothing compares 2 u,1
112,all the man that i need,5
48,love takes time,4
968,me va a extrañar (aka unchain my heart),5
503,let's talk about sex,2
945,jackin' for beats,4
454,secret,3
25,stranded,5
441,from russia with love,1
853,dead,3
521,seagull,4
929,downtown train,3
298,against the grain,2
44,skulls,5
251,sister luck,3
725,velouria,1
979,by my side,1
761,modern man,2
284,eight miles high,1
492,heart and soul,4
866,wolf in the breast,3
972,is she weird,4
453,crying in the rain,2
101,put the message in the box,1
378,pennywise,2
782,only of you,5
931,you're so cold,5
460,ballad of sister sue,3
296,i was there,3
851,blind willie mctell,4
633,all the best,5
779,young black male,5
373,dry ice,1
906,i have but one heart,1
468,the judge's daughter,1
585,the beauty of gray,4
613,there's no other way,2
437,out in the cold,4
189,crazy world,3
120,in my head,4
662,the visit (she was here),5
242,if you need someone,4
467,trompe le monde,1
942,bury me,2
269,i can't stand the rain,3
165,window paine,5
911,never do a tango with an eskimo,2
333,motorway to roswell,5
338,suffer,2
574,coming out of the dark,3
774,disappearing boy,5
545,don't leave me,1
742,private dancer,1
255,daydream,1
524,living for today,3
347,texarkana,3
510,get the message,1
643,vaya con dios,4
279,nightingale song,4
414,pandora's box,2
194,forever in your eyes,3
63,i feel so good,2
111,come in from the cold,5
47,chuckie,1
691,who's gonna take the weight?,1
394,planet of sound,2
451,the dark of the sun,4
958,star sign,1
125,rest,2
993,after the flood,4
365,all the wrong reasons,3
738,all in the groove,4
750,enchanted,1
571,it ain't over 'til it's over,3
192,mercury,5
799,radio song,5
207,"1,000 hours",4
675,rules,3
905,shiny happy people,4
482,time after time,5
547,trains and boats and planes,5
235,belong,3
467,chains around my heart,3
847,looking for the summer,5
884,part time mutha,3
264,all woman,3
261,pray your gods,2
148,and you don't remember,1
266,better be good to me,2
499,love to hate you,3
290,alone with you,5
929,kiss them for me,1
909,american music,4
742,please don't go,4
613,stars,2
912,u and i,1
828,superman's song,5
517,uptown anthem,2
731,hawaiian wedding song,5
397,3 strange days,1
238,good things,5
367,do i have to say the words?,1
923,fading like a flower (every time you leave),4
592,for your babies,1
803,i'm not feeling it anymore,4
16,soon,2
771,1952 vincent black lightning,5
501,we don't need another hero (thunderdome),3
121,the shoop shoop song (it's in his kiss),2
711,what's love got to do with it,3
907,i can't make you love me,3
873,black or white,4
82,emotions,5
320,learning to fly,4
735,remember the time,3
15,heal the world,1
674,bro hymn,2
532,who is it,5
273,come & talk to me,4
491,to here knows when,3
968,only shallow,5
633,me and you,4
962,the actor,3
743,the moron brothers,3
25,snail,1
841,the promise of a new day,2
846,divine intervention,2
614,geronimo's cadillac,2
203,half a world away,5
961,grey cell green,1
411,silent night,1
585,if my homie calls,4
124,washer,2
443,significas todo para mi,3
560,ballerina out of control,3
771,love hurts,4
915,infamous date rape,5
655,tristessa,4
629,goodbye-goodbye,3
483,i remember you,5
634,hit,3
533,從不喜歡孤單一個,2
177,come in alone,3
384,pitch in ona party,1
806,fall at your feet,2
816,something got me started,4
194,everything is fair,1
320,save up all your tears,3
354,going to pasalacqua,5
267,blown a wish,4
326,two occasions (live),5
250,bad to me,1
212,not too soon,5
5,near wild heaven,2
625,"good morning, captain",3
133,kinky love,3
951,blame it on me,1
462,"part of me, part of you",1
870,spring,3
91,it's time to cry,5
204,crucify,2
56,king of fools,4
903,smile,4
874,jonas & ezekial,2
804,i palindrome i,2
501,move on,5
663,morningside,4
653,breath of life,3
923,don't say goodbye,4
400,my generation,3
566,rudderless,5
667,hurt,3
801,summer babe (winter version),3
110,morphine & chocolate,2
182,until i fall away,5
854,one for the razorbacks,4
244,the longest line,1
7,monty got a raw deal,3
93,cold,1
587,reggae train,1
601,80,1
644,the answer,4
931,winning it all,4
349,search for the hero,3
529,29,4
551,don't ever leave me,5
949,tweezer,4
798,naked sunday,3
932,i wonder,5
138,restless heart,4
454,the predator,3
363,without a trace,4
819,taillights fade,1
493,this time darlin',2
675,after the love,4
719,por estas calles,2
861,hoover dam,1
621,it's about time,2
730,fever,1
105,estas fallando,3
104,amor del bueno,1
564,nothing broken but my heart,3
326,calling all the people,5
609,straight edge,5
802,gangsta's fairytale 2,5
961,don't cry for me argentina,5
450,ghost town blues,5
815,blood makes noise,4
14,100%,5
562,happy birthday to me,2
332,primitive,4
605,i want to touch you,3
427,the guitar,1
319,touch me (i want your body),2
393,now i gotta wet 'cha,4
450,change,3
82,dear madam barnum,2
73,words i might have ate,2
555,drifting,1
792,matters of the heart,4
54,bruise violet,5
214,intro talk,5
311,ache,4
700,statue got me high,1
648,sweet children,2
514,leave a message,3
347,i feel,2
749,hot sex,3
908,just by myself,1
818,take it personal,1
452,so you want to be a gangster,4
677,it's a shame about ray,2
853,stickin in my eye,4
85,2000 light years away,5
34,1880 or so,5
913,heaven must have sent you,1
369,only love can break your heart,5
541,stand by me,4
230,generator,3
140,walk away renee,5
747,where does my heart beat now,1
433,"if i had $1,000,000",1
474,weak,2
688,real love,4
179,i have nothing,3
370,walking on broken glass,5
683,it was a good day,3
579,these are days,5
480,free your mind,1
7,love no limit,3
960,wicked garden,2
758,reminisce,5
281,if i can't change your mind,4
116,giving him something he can feel,3
727,brian wilson,3
665,you're always on my mind,4
7,beautiful girl,3
324,mrs. robinson,3
584,my love,4
49,sin,1
385,99 to life,2
228,trapped in a box,4
806,sleeping satellite,2
604,love's taken over,4
281,christie rd.,1
424,something in common,4
744,stay,1
437,making believe,4
846,get away,4
811,ballad of peter pumpkinhead,2
185,spaceman,5
392,heaven knows,3
385,be my yoko ono,5
680,stash,5
845,black metallic,4
615,thorn in my pride,4
285,candy everybody wants,1
805,blood of eden,4
924,cold feelings,4
548,jesus loves me,1
584,welcome to paradise,1
114,try not to breathe,2
911,please play this song on the radio,1
870,let it snow,5
549,still can't...,2
947,elsewhere,5
405,ice cream,3
732,new mistake,1
832,not sorry,5
851,the colour of my love,1
546,rift,1
218,crank,4
735,fear,2
994,why should i love you?,2
999,pancake,2
697,when i fall in love,3
24,living in danger,2
17,more love,4
644,d'yer mak'er,1
393,i shall believe,5
639,mary of silence,2
926,waltzing back,4
370,ruffneck,5
181,how,5
730,happy nation,3
997,good enough,3
699,liar,2
943,gin and juice (feat. dat nigga daz),4
422,take me as i am,2
134,euro-trash girl,2
558,who am i (what's my name)?,5
33,someday,3
150,crying,5
850,there's more to life than this,2
705,never forget you,4
313,say something,1
73,anniversary,4
545,goodnight song,5
534,now and forever,3
201,remember me,4
320,unreflected,1
346,just another day...,1
996,this time,1
228,really doe,3
487,fuck the world,5
968,skyscraper,1
286,pretty,5
584,is my living in vain,5
879,soul and fire,2
476,you know how we do it,3
558,regret,3
159,strong enough,5
772,joining a fan club,4
880,just kickin' it,2
125,know who you are at every age,3
196,hyena,4
789,fumbling towards ecstasy,1
205,outside my window,3
723,only a memory,5
491,distant sun,4
348,emergency on planet earth,3
939,evangeline,4
728,aeroplane,5
75,in the still of the night,2
893,human behaviour,4
796,when can i see you,4
344,bittersweet,5
558,you,5
271,how many ways,1
410,(lay your head on my) pillow,5
617,don't turn around,4
469,venus as a boy,5
501,possession,4
472,luna,4
739,cover me,2
338,mr. blue,3
263,oh my god,4
589,the shoop shoop song (it's in his kiss),1
790,g funk (intro),5
445,cannonball,2
279,the lion sleeps tonight (wimoweh),2
529,that's the way love goes,4
833,today,2
140,dreams,5
36,"ain't no fun (if the homies cant have none) (feat. nate dogg, warren g & kurupt)",3
635,hip hop hooray,5
403,into your arms,5
730,shame on a nigga,3
242,mayonaise,1
157,come undone,3
152,without you,4
644,ordinary world,1
752,losing skin,4
579,time and time again,3
330,a murder of one,3
661,what love has joined together,4
166,i heard ramona sing,2
923,don't you,5
147,whatta man (feat. en vogue),4
71,web in front,4
321,bathtub,5
827,clap your hands,1
69,change,3
293,get off this,3
641,heart and soul,4
620,down for whatever,1
555,sealed with a kiss,2
114,quiet,2
875,broken hearted savior,3
557,break it down again,1
980,five string serenade,2
58,piece of my heart,4
575,anytime you need a friend,4
608,don't forget me (when i'm gone),1
845,souvlaki space station,2
925,sullivan street,4
330,rid of me,3
188,geek u.s.a.,1
260,seek up,5
51,we can get down,1
255,i'm goin' home,3
70,don't go,2
989,homebrew,5
45,island,4
629,brokenhearted,2
472,only a broken heart,5
558,let her cry,1
41,sometimes always,1
739,biscuit,1
977,ridiculous thoughts,3
634,away,1
531,words,2
395,down with disease,2
393,i am a scientist,5
977,you gotta believe,5
520,i can't be with you,3
547,fall down,1
296,genocide,2
421,what happened to you?,1
583,down with the clique,3
975,o holy night,4
539,jennifer's body,2
315,radio,2
549,friend of mine,5
993,broken hearted me,5
359,rock star,2
522,shit towne,3
872,ain't got no home,5
377,kehna hi kya,5
808,perfect government,5
790,reasons,2
99,stranger than fiction,3
996,color me once,2
496,santa claus is comin' to town,1
542,mr. mastodon farm,2
35,time baby iii,4
640,myintrotoletuknow,5
814,get down,5
804,know it all,4
583,tv,1
775,sumthin' wicked this way comes,2
251,mojo pin,3
123,plump,5
660,#!*@ me,2
467,code of the streets,1
600,lori meyers,4
105,side kick,2
243,ping pong,1
882,pedestal,5
829,scent of a mule,1
794,thank you,2
580,everything i said,1
905,don't fade on me,2
683,sometimes,3
627,the icicle melts,1
781,bad habit,2
648,the dam at otter creek,4
920,daffodil lament,3
317,backslider,1
592,dreaming my dreams,5
425,nitro (youth energy),5
803,burnout,3
866,range life,2
332,it ain't hard to tell,5
465,big empty,2
216,linoleum,4
19,warning,2
341,mass appeal,3
816,she,2
781,seether,2
634,resurrection,2
361,age ain't nothing but a number,2
980,roads,1
594,in the garage,3
850,suicidal thoughts,5
177,could i have this dance,3
577,landslide,3
288,plowed,3
84,all apologies,4
71,funkdafied,2
199,longview,5
834,wildflowers,3
674,loser,2
575,zombie,5
449,back & forth,3
226,hook,3
466,i'll stand by you,5
50,feel the pain,2
210,i alone,3
634,my life,4
657,do you see,2
659,dead flowers,2
230,numb,2
757,christmas (baby please come home),4
861,leave it alone,3
527,come out and play,1
118,grace,2
78,personality,1
882,the genesis,5
509,distopian dream girl,2
238,i love you,4
398,take a bow,1
312,to find a friend,4
312,mysterons,5
28,stroke you up,3
773,you bring me joy,4
709,holiday,3
682,tyler,4
235,sassafras roots,2
581,return to pooh corner,5
571,chump,3
970,backwater,2
253,pulling teeth,4
968,coming clean,5
976,don't call me white,4
935,mary jane (all night long),1
867,selling the drama,5
488,just playing (dreams),2
659,unbelievable,5
641,crawling back to you,2
591,fantastic voyage,5
504,no tears,4
970,running from an angel,3
632,galapogos,5
579,the woman in me (needs the man in you),2
83,melt away,5
974,tragic kingdom,3
882,lake marie,2
22,in the blood,1
226,cupid de locke,2
9,starseed,4
723,if i were your woman,2
553,to forgive,3
702,french disko,1
914,hell is round the corner,1
878,1-2-3-4 (sumpin' new),1
929,geek stink breath,3
174,why does it hurt so bad,5
35,hippa to da hoppa,1
350,criminology,5
840,gangsta's paradise,2
32,head over feet,2
671,love me for a reason,3
266,i miss you,5
919,world go 'round,2
930,near you always,4
686,isobel,2
312,train in vain,5
561,"as we go up, we go down",3
720,coming up roses,3
137,the 11th hour,1
848,long ago,1
936,no pride,4
997,beloved wife,5
467,a salty salute,5
864,lifestylez ov da poor & dangerous,3
858,i'm ready,4
450,daydream interlude,1
85,total hate '95,1
510,d.s.,2
771,enjoy,3
970,naked,1
544,money,3
158,forgiven,5
189,telefone (long distance love affair),2
914,love don't live here anymore,4
742,panic song,5
81,home ain't where his heart is (anymore),1
119,me killa,5
115,stuart and the ave.,2
28,westbound sign,2
921,please mr. please,5
258,tabloid junkie,5
836,86,4
979,at this point in my life,3
577,love u 4 life,3
315,you learn,3
440,every little thing i do,4
638,december,4
121,i'll be there for you,1
132,you used to love me,1
910,days like this,4
733,zero,2
637,i could fall in love,2
874,foolish games,4
18,beautiful life,1
769,get on up,1
933,it's oh so quiet,3
556,si tú te vas,1
9,"tonight, tonight",1
704,lump,1
482,tha crossroads,3
898,fantasy,3
982,bullet with butterfly wings,3
141,this is how we do it,4
546,good,5
763,who can i run to,2
442,"ice cream (feat. ghostface killah, method man & cappadonna)",1
862,you are not alone,4
963,freek'n you,3
207,time bomb,2
114,the world i know,3
65,cumbersome,4
616,rest in piss,4
901,toes across the floor,5
527,grave architecture,4
724,buddah lovaz,2
788,over my shoulder,4
265,stranger in moscow,5
171,i believe,1
902,mouthful of cavities,3
383,when god made you,4
731,stuck with me,1
693,different people,5
816,violins,2
88,mvp,4
403,hands,4
934,loungin (who do ya luv),3
675,hyper-ballad,5
994,connection,2
383,friday,1
310,water's edge,5
617,foe life,2
976,count on me,1
427,jaded,4
194,not gon' cry,3
391,runaway,2
715,excuse me mr.,5
804,maxwell murder,4
832,game of pricks,5
998,walking contradiction,4
967,breakthrough,2
607,not tonight,4
479,se a vida e (that's the way life is),2
263,lady picture show,4
804,pet politics,2
44,soup,4
677,the state i am in,5
523,remember (walkin' in the sand),1
16,dear lover,3
90,sucked out,1
396,friend is a four letter word,2
123,"get me away from here, i'm dying",1
257,"this is for the lover in you (feat. ll cool j, howard hewett, jody watley & jeffrey daniels)",5
417,my beloved monster,2
884,only when ur lonely,1
772,goodnight elisabeth,2
309,never is a promise,5
167,frank sinatra,5
298,let you down,4
180,everything sux,5
174,shame,1
80,getchoo,5
305,sullen girl,5
115,use your heart,4
482,proudest monkey,4
672,soul one,4
378,ballad of reverend war character,4
938,through these eyes,3
122,e.t. (extraterrestrial),5
489,soft serve,5
736,ill na na,5
427,sad songs and waltzes,5
400,pale september,5
436,ill vibe (feat. q-tip),4
541,naked,1
519,cool with you,2
576,let's stay in love,3
808,billy breathes,5
762,(you make me feel like) a natural woman,3
707,philthy phil philanthropist,5
78,"keep on, keepin' on (feat. xscape)",1
912,wax ecstatic (to sell angelina),3
535,wailin',3
347,something kinda funny,2
639,kissing you,4
924,falling into you,2
728,cry freedom,4
817,wait 'till you see him,5
923,the outdoor type,1
62,when i'm lonely,3
353,home,3
256,under my thumb,4
402,bullion,4
911,character zero,2
530,earth angel (will you be mine),3
346,blue,4
940,sumthin' sumthin',5
388,knocks me off my feet,1
256,two step,5
101,so much to say,3
787,6th avenue heartache,5
170,bound for the floor,2
338,ready to go,3
256,waste,3
763,devils haircut,4
998,the old apartment,5
867,we gonna take u back (lude)/ don't leave me,2
837,trippin' on a hole in a paper heart,4
951,have you ever really loved a woman?,1
199,steelo,3
23,if you could only see,4
455,as long as you love me,2
568,lovefool,1
678,"because you loved me (theme from ""up close and personal"")",5
947,quit playing games (with my heart),2
431,say you'll be there,2
434,un-break my heart,2
255,i'll never break your heart,3
788,sleep to dream,1
982,pleasure & pain,1
257,5 steps,3
863,cold rock a party,5
822,walls,2
646,blind,5
293,i won't lie down,3
310,novocaine for the soul,4
551,queen bitch,4
846,cool kids,4
397,go your own way,2
285,big bang baby,3
499,flowers in december,4
126,a thin line between love & hate (feat. shirley murdock),5
33,never make a promise,4
678,walls (no. 3),4
776,missing you,5
522,jesus to a child,4
752,virtual insanity,1
848,follow you down,2
285,here in your bedroom,5
774,smoke buddah,1
404,i love me some him,5
616,super bon bon,5
935,don't drag me down,5
227,wheelz of steel,4
488,nugget,3
181,tired of sex,3
143,dick lips,1
964,rim shot,3
499,g.h.e.t.t.o.u.t.,3
825,fight till you die,3
587,only you,3
988,whatever you do! don't!,4
84,where's da bud,2
22,the killing moon,3
777,when u cry,5
277,you got it,5
977,it's my job to keep punk rock elite,1
999,scattered,3
428,high,2
985,the down town,4
197,polar opposites,1
7,recently,5
337,redundant,1
242,all mine,5
892,the grouch,2
163,i would hurt a fly,3
814,vitamin,5
101,tyrone,4
595,saturday night divas,3
321,i'm holdin' on to love (to save my life),2
609,i won't leave you lonely,1
971,starlings of the slipstream,1
675,take my hand,5
488,missing you,4
187,uptight,5
601,ode,5
341,worry rock,3
510,cool to hate,1
58,babydoll,4
861,the roof,2
11,crush,3
945,all the time,3
444,i'm sorry,2
879,randy described eternity,2
313,prosthetic head,1
680,i will come to you,2
158,beetlebum,3
226,not dark yet,5
143,new skin,2
460,abuse me,5
247,one angry dwarf and 200 solemn faces,1
620,song for the dumped,3
591,it's on,5
828,reach out i'll be there,5
946,precious declaration,1
695,convenient parking,1
158,every time,2
752,my little corner of the world,4
286,i love you,5
189,go deep,2
449,i can love you,5
985,"honey, i'm home",1
837,ten crack commandments,1
168,my own prison,1
718,shelf in the room,4
114,everything,3
783,invocation,1
654,building a mystery,5
242,my all,3
893,flagpole sitta,4
59,how's it going to be,5
468,my heart will go on,5
236,bitter sweet symphony,2
956,tearin' up my heart,1
607,mo money mo problems,3
100,i'll be,1
620,good riddance (time of your life),1
877,barbie girl,2
675,harness your hopes,1
709,shimmer,2
908,"touch, peel and stand",2
88,autumn sweater,5
540,the rain (supa dupa fly),5
708,put your hands where my eyes could see,3
608,there she goes,2
82,walkin' on the sun,3
626,angel,3
565,love gets me every time,5
983,torn,2
87,little green bag,1
537,viva forever,5
385,welcome to atlanta,1
881,from this moment on,4
722,all outta angst,4
899,dig me out,3
351,joga,3
676,trailer trash,5
273,mo money mo problems (feat. mase & puff daddy),4
118,100 years,2
209,hey paula,2
591,volcano girls,5
224,a.m. 180,3
396,brakhage,1
858,narcolepsy,2
924,one,2
736,share my world,4
427,lucky man,3
446,what's this life for,1
707,tropicalia,4
1,"no, no, no, pt. 1",1
291,feelings,1
906,true to your heart,5
993,may 16,4
699,all or nothing,2
672,my niggas,1
225,cruel summer,4
607,lonely soul,4
150,the wind,2
33,trippin',5
9,da art of storytellin' (pt. 2),4
465,let her dance,4
868,i belong to you,2
904,angel in disquise,1
538,five lessons learned,2
990,rabbit in your headlights,1
999,i learned from the best,5
544,independence day,4
634,hem of your garment,5
380,singing in my sleep,2
176,free,5
839,tragedy,4
251,heading for the door,2
899,it's the way you make me feel,3
182,bend to squares,2
491,fuckin' wit' d,2
182,i was made for dancin',1
94,check,2
775,falling in love again,3
308,nothing really matters,1
233,somebody to love,2
49,the arms of the one who loves you,3
204,who needs sleep?,4
691,only lonely,4
66,way over yonder in the minor key,3
45,it ain't my fault,2
779,when you're gone,1
220,wading in the velvet sea,3
850,gone ride with me,2
349,party is goin' on over here,3
154,life,1
864,sail away,1
906,work,5
697,spottieottiedopaliscious,3
871,the prayer,4
167,for you i will,1
632,she's a bitch,5
975,stay (wasting time),2
420,thank u,3
835,i used to love him,1
730,sweet child o' mine,4
287,reflection,1
792,across the universe,4
117,this kiss,4
999,fly away,3
183,angel of mine,4
922,pretty fly (for a white guy),1
603,torn,5
560,inside out,5
390,save tonight,4
310,the kids aren't alright,2
332,beauty,5
28,kind & generous,5
299,i do (cherish you),1
65,celebrity skin,1
873,sweet lady,1
988,make it hot (feat. missy elliott & mocha),5
459,the power of good-bye,4
13,400 degreez,4
353,superthug,5
120,have you ever,5
326,satisfied mind,3
264,damien,4
490,nobody does it better,3
897,the miseducation of lauryn hill,2
717,no matter what,3
520,frozen,5
287,superstar,4
864,coffee and tv,4
859,circles,3
392,history of a boring town,1
175,when it hurts so bad,2
505,freak of the week,1
113,"yes sir, i can boogie",2
405,video killed the radio star,3
203,hunter,1
103,echo's answer,1
644,faceless man,4
283,lucky denver mint,4
903,the perfect fan,1
638,alien,2
836,just my imagination,1
428,stand or fall,2
551,zip-lock,2
452,one man army,1
233,else,1
275,clean,2
571,anthem for the year 2000,4
868,heartbreaker (remix) (feat. da brat & missy elliott),1
34,crash and burn,4
985,the truth,1
900,affirmation,2
683,are you ready?,3
881,where is my mind,3
776,back to you,4
430,falls apart,5
166,sidewalk,5
589,livin' la vida loca,2
465,colorblind,3
435,ole,1
578,love soon,1
584,let's not play the game,5
358,back in the days,3
41,if you leave (feat. next),5
900,mixed bizness,4
56,via chicago,1
223,eons,3
933,north memphis,4
305,holiday (feat. phiness),4
119,against all odds (take a look at me now),5
718,get gone,5
137,promises,4
58,hey ladies,4
248,black hole in my mind,2
877,tremble for my beloved,3
301,love can move mountains,2
683,your horoscope for today,1
282,niggas got me fucked up,2
711,atlanta,1
456,we are the world,3
181,every little bit hurts,2
64,cry,4
765,hanginaround,5
73,better days (and the bottom drops out),5
25,graduation (friends forever),2
148,hate me now (feat. puff daddy),1
83,someday,5
999,save me,4
226,what if,3
894,wendy clear,1
287,the book of love,1
740,here with me,2
737,best i ever had (grey sky morning),2
843,faded pictures,5
820,i don't wanna,5
816,drive,2
507,adam's song,2
237,higher,2
371,with arms wide open,4
222,waiting for tonight,3
417,take a picture,2
322,da rockwilder,1
255,show me the meaning of being lonely,1
626,i knew i loved you,4
746,where i wanna be,4
525,so anxious,4
179,where my girls at,2
971,jamboree (feat. zhané),4
138,could i have this kiss forever,1
716,make yourself,5
333,army,1
359,what's my name,2
830,from the bottom of my broken heart,2
261,bernadette,5
954,only hope,4
833,i know,1
119,two person party,5
548,hit or miss,5
429,cold blooded old times,5
314,it's beginning to look a lot like christmas (with mitchell ayres & his orchestra),1
636,you owe me (feat. ginuwine),4
31,to love you more,2
314,race for the prize,1
267,you sang to me,4
942,deep inside of you,5
353,thank god i found you (feat. joe & 98°),4
11,i still believe,5
317,anything,1
168,the plan,1
91,i need you tonight,3
377,so good,3
751,s club party,2
725,duck and run,5
292,hello mary lou,3
357,perfect disguise,5
122,i believe in you,4
787,empty spaces,2
440,mirror mirror,5
175,mary go round,3
890,fine line,4
383,100% (feat. tony sunshine) (feat. tony sunshine),1
191,fresh az i'm iz,4
184,around the world,3
753,hey papi,4
642,come out swinging,3
429,i'll fly away,2
667,broke,2
730,黑色幽默,5
66,everyday,5
953,new,5
68,salty dog,1
314,life of my own,5
387,am radio,5
786,i hope that i don't fall in love with you,1
305,gettin' in the way,3
176,not enough,3
413,teenage dirtbag,4
306,waiting for my real life to begin,1
970,dark center of the universe,4
883,後來,1
422,million miles away,2
325,i lay my love on you,5
692,red rum,4
807,please remember,4
152,up with people,4
11,everything reminds me of her,1
720,church on sunday,1
102,i can't go to sleep,4
691,out of the woods,1
276,soledad,2
732,hope,4
547,where are you christmas,3
713,weak azz b***h (feat. la chat),3
952,"dammit, i changed again",2
435,open up,3
281,dirt,4
622,pearly-dewdrops' drops,5
365,(i can't get no) satisfaction,3
309,the everlasting gaze,4
499,breathing,5
901,"nah, nah... (feat. nate dogg)",1
599,utopia,3
610,the answer to our life,5
825,sick cycle carousel,1
759,when you come back down,4
34,spanish guitar,3
950,get your roll on,2
22,high speed,3
648,our way to fall,1
607,my first love,4
881,bent,4
491,i wish,5
657,we never change,4
391,love,4
6,shape of my heart,2
501,hanging by a moment,3
188,promise,1
182,loser,3
321,hemorrhage (in my hands),4
857,right now,5
206,come pick me up,4
182,never had a dream come true,5
441,breathless,1
212,don't panic,5
18,the day you went away,1
389,playas gon' play,5
54,it's all right,5
380,somebody that i used to know,4
991,da baddest b***h,1
758,give me just one night (una noche),1
697,heavy things,2
808,original prankster,1
370,since i left you,4
891,"best of me, part 2",4
718,one moment in time,3
309,waiting,1
195,it's so hard (featuring donell jones),1
411,luven me,3
849,that's us/wild combination,3
745,simple kind of life,4
635,no strings attached,4
788,promise,2
436,just got paid,4
756,my everything,4
451,popurri juan gabriel medley,3
999,photograph,5
946,where's your head at,4
204,get ur freak on,3
977,anything you want,5
735,214,5
697,the past and pending,2
596,re-hash,3
517,so right,2
332,sound check (gravity),3
788,wish,5
444,everything hits at once,5
807,walking away,5
964,blurry,3
668,objection (tango),2
552,love song for no one,4
448,weathered,1
559,blood brothers,3
346,escape,5
202,misery (with steven tyler),5
625,can't believe (feat. carl thomas),5
863,in your eyes,3
582,take it to da house (feat. the slip n' slide express),2
411,the promise,3
518,trade it all (feat. jagged edge),2
200,bole chudiyan,4
533,deny,3
354,freakish,2
645,annie waits,5
715,still fighting it,2
941,yeh ladka hai allah,2
933,lick shots,2
115,love foolosophy (with beverley knight),2
589,long line of cars,2
987,part time lover,3
861,saints and sailors,4
891,the prayer (with charlotte church),2
351,blood on the ground,5
977,what you are,5
804,oh yeah,5
880,could it be,5
220,kick some ass,3
662,if you ain't from my hood (feat. dj paul & juicy j),4
762,crab,3
40,connected for life,1
74,pagan poetry,2
530,dead cell,3
502,slow country,4
105,"the glow, pt. 2",3
894,hero,1
635,standing on the edge of summer,3
880,stigmatized,5
578,your house,3
826,set it off,2
828,me and the bean,4
845,commissioning a symphony in c,4
765,double bass,5
781,i'm real,4
885,pop,4
260,fuck authority,5
222,hit 'em up style (oops!) (feat. foxy brown),3
715,bad boy for life,2
519,el ultimo adiós,5
414,caring is creepy,1
690,hear you me,1
760,anthem part two,2
426,between angels and insects,4
606,tomorrow comes today,4
604,online songs,3
53,give me one good reason,2
224,drift and die,2
249,emotion,3
710,welcome to atlanta (feat. ludacris),1
148,bleed american,4
427,where the party at (feat. nelly),3
639,sweetness,1
354,she hates me,3
102,why georgia,4
543,differences,5
364,fallin',5
467,what's luv? (feat. ja-rule & ashanti),3
453,last resort,4
484,your body is a wonderland,1
234,wherever you will go,2
620,let me blow ya mind,4
275,wasting my time,4
302,hash pipe,3
872,my sacrifice,3
824,crawling in the dark,3
564,one last breath,1
905,wish you were here,3
507,underneath it all,4
152,the space between,1
564,all you wanted,2
124,get the party started,1
866,when the stars go blue,3
444,lifetime,5
63,shadow stabbing,5
450,true believers,1
4,out of reach,5
477,complicated,2
746,running away,2
761,upside down,5
350,dracula,4
835,what am i gonna do,3
496,save me,5
896,shhh,1
332,rockin' the suburbs,2
393,it's a wonderful life,2
450,young'n,1
546,"happy holidays, you bastard",1
195,3x5,4
470,are you in?,5
703,sing,2
440,when it's over,2
39,everyday,4
69,warning,1
25,to where you are,1
933,our lady of sorrows,4
488,talkin' to me (edit),3
497,one more minute,3
622,impossible,5
696,lip gloss and black,5
749,floetic,3
3,grey street,4
653,pda,4
642,cat like thief,4
268,the young & the hopeless,5
400,bartender,3
594,trusty chords,5
495,big eyed fish,3
931,tomorrow,1
886,letters to you,2
165,daylight,5
595,busted stuff,5
217,hurricane,1
166,get off my back,1
640,sick of being lonely,5
477,ghost man on third,3
31,devil in jersey city,4
509,early sunsets over monroeville,1
235,i surrender,4
741,and i,4
396,paint my love,4
226,nellyville,4
749,two of us,4
788,dope nose,4
707,nowhere to run,1
389,wasted & ready,1
110,supersonic,5
966,"don't say no, just say yes",2
505,this is the best day ever,5
212,elevator,1
731,guess i'm doing fine,4
123,ego tripping at the gates of hell,3
481,no brains,4
989,special death,1
693,poetic tragedy,2
824,stuck in america,4
574,changes,2
94,(oh no) what you got,4
224,in the morning of the magicians,1
996,don't you forget it,4
311,i believe,4
922,keep fishin',4
946,memory,5
105,head club,2
683,butterflies,2
112,thanks for nothing,5
615,naked,3
594,b r right (feat. ludacris),1
748,sleep all day,3
236,if tomorrow never comes,2
946,foolish heart,2
471,why don't we fall in love,2
586,harder to breathe,3
370,you've really got a hold on me,2
761,happy,2
19,unfoolish,4
315,do you realize??,1
41,politik,5
860,get over it,5
751,don't dream it's over,4
9,blue and yellow,1
892,away from the sun,1
522,say yes,1
534,warning sign,1
184,bouncing off the walls,4
119,"jesus, etc.",4
930,jenny from the block,2
763,"swing, swing",1
66,drift away,5
946,clocks,5
646,foolish,1
214,this love,5
143,beautiful,5
537,california,4
931,oh boy,3
740,i'm with you,3
619,still waiting,3
710,the only one for me,1
563,anything but ordinary,3
759,feliz navidad,2
424,angel,5
362,obstacle 1,5
101,you know how i do,2
506,tall cans in the air,2
580,when we ride on our enemies,1
350,with arms outstretched,2
228,fabulous,1
379,basketball,3
594,here i am,3
596,they don't give a f**** about us,3
890,sorrow,3
552,feel,5
348,i wish i was the moon,2
537,losing grip,4
562,signs of love makin',4
842,afternoon delight,5
492,if i ever leave this world alive,1
232,on my block,3
82,i feel so,1
250,over my head (better off dead),4
101,my paper heart,5
133,diamonds and guns,3
767,how to deal,5
235,breathe,3
935,save it for a rainy day,4
332,guernica,3
865,the art of losing,1
469,home,3
506,(can't get my) head around you,3
864,the recluse,3
816,"ooh wee (feat. ghostface killah, nate dogg, trife & saigon)",2
115,let me see it,4
154,beat your heart out,5
840,college kids,2
383,stuck,4
227,anxiety,5
401,breathe on me,5
983,falls on me,2
913,go west,4
603,for once in my life,4
785,the patron saint of liars and fakes,5
858,i'm lost without you,1
13,stay or leave,2
95,here's your letter,2
347,so says i,5
55,the trouble with love is,4
367,jaws theme swimming,3
433,play crack the sky,1
71,kissing the lipless,5
120,in this diary,4
816,idiots are taking over,2
460,dsco,2
735,blood hound,5
332,on your porch,5
976,drain the blood,1
629,take my breath away,3
140,bloody romance,1
326,so damn lucky,3
211,this is your life,3
379,"one year, six months",1
134,i'm shakin',5
430,life for rent,4
82,reinventing the wheel to run myself over,2
5,jump,2
766,miles apart,2
738,falling apart,5
280,home life,2
135,gigolo (feat. r. kelly),1
218,if i can't,4
502,the pros and cons of breathing,2
75,good to know that if i ever need attention,5
269,what up gangsta,1
178,gravedigger,2
646,only heart,5
411,and the hero will drown,5
777,my smokin' song,1
782,every day i love you,1
923,i believe i can fly,5
14,away from me,1
938,sending postcards from a plane crash (wish you were here),2
520,dancing through sunday,4
352,love you more,3
90,saint simon,2
909,always on my mind,4
916,breathing,2
779,way away,5
186,always,3
747,the quiet things that no one ever knows,3
124,fallen,4
990,a moment like this,1
980,when u love somebody,1
473,heartbeats,2
886,a favor house atlantic,5
912,fall back down,2
273,girl's not grey,4
94,so yesterday,1
97,oxy cotton,3
858,how do i live,5
190,you raise me up,5
973,suga suga,1
479,i hate everything about you,4
468,the reason,5
485,i miss you,5
747,feeling this,1
5,it's my life,2
574,hands down,1
437,milkshake,2
687,until the day i die,1
88,only one,5
733,miss independent,3
725,wat da hook gon be,3
517,blood red summer,1
99,delicate,5
41,y control,5
666,splash waterfalls,5
959,sleeping in,2
55,staring at the sun,4
13,hit 'em up style (oops!),5
111,violence,3
359,saturday,3
719,i drove all night,1
924,believe,3
182,in keeping secrets of silent earth: 3,3
419,strict machine,3
202,silver and cold,5
215,the leaving song pt. ii,5
901,forest whitiker,5
995,empty apartment,4
985,meant to live,4
504,seven years,1
468,the way you look tonight,4
689,come back to bed,5
829,rubber band man,4
610,split screen sadness,3
756,title and registration,4
32,bang bang,5
856,(there's gotta be) more to life,3
271,wanksta,4
496,let's dance,3
269,obvious,4
221,dead on arrival,4
990,a lack of color,3
889,look at miss ohio,2
875,because you live,2
817,mexican radio,4
755,"rum is for drinking, not for burning",5
278,motivation,4
63,rain,4
173,rumors,4
757,are we the waiting / st. jimmy,1
353,seduction,1
774,sunrise,5
575,tyrone,3
769,this is the carter,2
787,cheetah sisters,3
654,someone's watching over me,2
593,soldier like me,5
581,take me away,2
512,wake me up when september ends,5
332,i just wanna live,2
235,only u,5
115,wonderful,5
553,don't leave me,1
256,he's so fine,2
162,why,2
230,forget it,4
366,rocket man,1
975,the good times are killing me,4
132,graduation day,4
85,reach for the sky,5
824,no reason,4
544,existentialism on prom night,2
564,lysergic bliss,4
536,slipped away,5
123,breakdown,5
237,lonely,2
127,fly,1
431,satin in a coffin,1
573,ain't gon' beg you,4
141,life less frightening,2
390,drama queen (that girl),2
106,believe,5
881,leaf house,1
66,give it up,1
781,stilettos (pumps),5
461,the new love song,2
348,all the trees of the field will clap their hands,2
695,revolution,5
831,crown of love,3
765,i'm a fake,2
26,i pray (never forget),5
146,some say,4
579,burn,3
537,blow me away,1
939,ghetto,3
788,do somethin',5
835,this is the last time,2
144,let it bleed,2
333,the dress looks nice on you,5
503,that's so raven (theme song),1
568,bite to break skin,1
647,shut up!,3
898,behind these hazel eyes,4
40,my happy ending,4
876,what becomes of the brokenhearted,3
73,all that i've got,4
451,so cold,5
583,thank you for the venom,5
884,holiday / boulevard of broken dreams,4
65,american idiot,3
446,all about the benjamins,4
343,pieces of me,3
308,swing life away,4
538,these words,2
875,pain,5
36,breakaway,5
744,because of you,5
783,1985,3
7,hollaback girl,5
951,unwritten,5
62,goodies,5
434,naked as we came,3
202,hold you in my arms,1
982,scars,1
813,numb / encore,2
633,rich girl,5
328,ohio is for lovers,4
4,"i need a girlpt. 2 (feat. loon, ginuwine & mario winans)",1
845,oh,1
527,rebellion (lies),5
76,i never told you what i do for a living,4
13,sooner or later,3
797,game over,3
429,follow,2
566,something more,2
219,big pimpin' / papercut,2
699,heart of a champion,5
38,us,5
486,walk away,5
579,portions for foxes,2
561,school spirit,2
483,walking with a ghost,4
145,where does the good go,1
235,i caught fire,5
336,"give 'em hell, kid",2
104,evil,2
507,all downhill from here,4
316,locked up,5
87,getting away with murder,4
676,on fire,1
128,nobody's home,1
514,what you waiting for?,1
517,"it's not a fashion statement, it's a deathwish",1
705,give it all,5
56,about today,4
660,niki fm,3
332,just want you to know,4
906,over my head (cable car),5
429,dyslexic heart,4
944,this is how a heart breaks,3
738,don't get lost in heaven,5
165,the hardest part,1
679,you raise me up,3
148,touch it,2
426,trap star,4
494,i want to know your plans,1
809,what if,4
698,wait a minute,2
567,wake up,4
85,"champagne for my real friends, real pain for my sham friends",1
323,last living souls,5
533,brothers on a hotel bed,1
159,swallowed in the sea,3
237,you and i,3
279,white light,3
455,l.o.v.e.,5
94,my hood,4
744,good luck,4
431,white shadows,5
48,"john wayne gacy, jr.",5
295,someday you will be loved,3
332,thug motivation 101,4
723,stay with you,2
255,jump,3
1,crawling back to you,5
695,all we know,5
463,some hearts,2
929,remember the name (feat. styles of beyond),1
886,mr. november,3
775,you had me at hello,3
999,i changed my mind,3
249,fly in,3
344,go!,2
245,mo fire,3
599,hand of blood,5
116,window shopper,5
402,get in my car,3
858,outta control,1
723,celebration,1
286,a walk through hell,1
753,the mariner's revenge song,2
482,count on me,1
864,i've got a dark alley and a bad idea that says you should shut your mouth (summer song),4
365,you,3
46,i'll believe in anything,3
104,wait (the whisper song),1
123,disco inferno,3
448,heard 'em say,1
215,look after you,3
418,get right,3
494,where'd you go (feat. holly brook & jonah matranga),3
276,hung up,3
137,london beckoned songs about money written by machines,1
976,camisado,5
772,time to dance,3
91,come out and play (keep ‘em separated),3
387,i will follow you into the dark,1
309,beverly hills,4
353,how to save a life,4
600,i'm sprung,3
695,la tortura (feat. alejandro sanz),1
595,how we do,5
97,just a lil bit,1
497,feeling good,3
475,why do fools fall in love,4
124,home,2
444,breathe (2 am),4
307,stickwitu,1
848,love,1
762,goodbye my lover,4
850,i write sins not tragedies,5
696,beep,3
777,clay pigeons,2
480,it only hurts,1
762,attack,3
351,my heart,1
32,glycerine,5
251,from yesterday,1
520,flossin' (feat. big moe),5
748,e-pro,3
794,i slept with someone in fall out boy and all i got was this stupid song written about me,5
329,the feel good drag,1
819,el mañana,4
976,don't forget about us,4
449,love and memories,5
995,hide and seek,5
934,crooked teeth,1
381,"nails for breakfast, tacks for snacks",1
247,this year,4
588,my heroine,1
614,the start of something,4
565,a message,1
546,helicopter,4
860,poppin',3
767,the warning,2
629,american baby,5
394,lean on sheena,3
896,voices,2
262,flow natural,5
179,money in the bank (feat. young buck),3
947,i think they like me,1
791,leather so soft,5
806,it's all over,2
54,prelude 12/21,5
404,mandolin moon,4
232,torn,3
490,童話,2
302,rodeo,5
670,what about now,5
853,this is the end (for you my friend),1
982,what's it feel like to be a ghost?,4
44,love hurts,5
908,hearts a mess,1
869,"i know you see it (feat. brandy ""ms. b"" hambrick)",3
217,incinerate,4
953,"pop, lock & drop it",2
531,back that thang up,5
905,red flag,4
940,under the knife,5
186,the party's just begun,4
640,stolen,1
829,life after you,2
904,on my own,4
173,the crane wife 3,4
548,time after time,2
857,amigas cheetahs,1
63,i wanna love you,2
245,september,4
533,ring the alarm,2
263,show me the money,3
956,black swan,4
282,crawling back to you,3
481,the guillotine,3
843,behind closed doors,4
606,hands up,4
940,o valencia!,4
218,do it for me now,4
629,topless,5
47,samson,5
431,hold my hand,3
210,three more days,2
715,one x,1
84,unknown soldier,3
366,all these things i hate (revolve around me),1
219,my beautiful rescue,5
319,leave me alone (i'm lonely),4
868,a perfectly good heart,4
130,the war,3
840,mickey mouse clubhouse theme,1
779,the good left undone,5
946,unappreciated,5
139,millstone,4
900,you,5
660,fallen leaves,2
829,love like winter,1
316,my apocalypse,1
213,empty,3
79,injection,3
940,whisper to a scream (birds fly),1
417,over and over,2
297,time of dying,1
966,all my days,4
761,stay,5
663,"lean wit it, rock wit it",1
289,your guardian angel,3
482,blow the whistle,3
782,the curse of curves,3
403,lazy eye,3
813,dance with the devil,2
354,maneater,5
250,can't be saved,1
774,sexyback (feat. timbaland),1
278,luckiest man,2
523,the heart of life,4
538,riot,1
160,makedamnsure,3
99,my love (feat. t.i.),4
857,gravity,3
77,glamorous,3
243,waiting on the world to change,3
644,chasing cars,3
942,never too late,5
735,snap yo fingers,5
269,prayer of the refugee,1
897,pain,4
274,dreaming with a broken heart,2
449,hustlin',5
535,it's goin' down (feat. nitti),2
4,heartbeats,5
185,fully alive,2
556,do it to it,3
562,save room,2
209,heavy,1
879,evil angel,2
902,monsters,1
947,ex's and oh's,3
857,sons & daughters,1
894,9 crimes,1
369,you give me something,3
513,when your heart stops beating,4
676,i luv it,2
209,get'cha head in the game,2
905,not good enough for truth in cliche',4
866,calling all cars,5
909,i can't decide,2
552,i'm so sick,5
289,hurt,1
297,tears don't fall,1
333,until the end,3
665,back in time,5
397,get out alive,1
892,stick to the status quo,3
627,#1 crush,3
431,say (all i need),3
847,is there a ghost,2
206,there you'll be,2
955,the fortunate,2
536,becoming the bull,2
904,this is my now,5
951,famous,2
300,still in love with you,5
472,miracle,4
88,love is gone,5
341,goodnight and goodbye,4
510,thriller,5
618,happy ending,4
82,i feel it all,4
305,blow,1
638,nantes,3
827,slip slidin' away,5
776,weekend wars,4
115,war pigs,5
901,you are the music in me,2
23,what time is it,3
405,i've changed (feat. keyshia cole),4
539,we are broken,3
250,crying out for me,5
462,sirens,2
485,ladies' choice,3
862,the bird and the worm,4
41,on the hotline,3
110,hiding my heart,2
814,scared,1
508,start a war,3
118,the art of storytellin part 4 (feat. outkast & marsha ambrosius),3
67,between the lines,1
702,we got the party,4
499,where i stood,3
939,don't you know who i think i am?,2
822,are you ready,1
699,the youth,1
647,pictures of you,1
63,your call,2
161,bad kids,2
848,thrills,3
549,straight to the bank,3
391,suffocate,3
115,innocence,4
980,"you be the anchor that keeps my feet on the ground, i'll be the wings that keep your heart in the clouds",3
208,baltimore blues no. 1,1
470,cry for you,2
243,good to sea,4
516,thnks fr th mmrs,2
170,better days,1
459,walking disaster,3
674,church,1
176,back in your head,3
41,when she cries,2
628,life's what you make it,5
920,wake up,5
374,seventeen forever,5
449,"relax, take it easy",5
287,scarborough fair,2
405,how deep is your love,5
851,the voice,4
115,fallin' out,1
136,lesson learned (feat. john mayer),4
142,bet on it,2
127,"this ain't a scene, it's an arms race",3
705,champion,4
43,realize,4
176,everything i am,4
96,i remember,3
864,eyes on fire,3
11,i luv your girl,5
582,wake up call,4
752,piece of me,2
276,hold on,3
904,little wonders,2
368,make me better,2
569,good life,4
242,x gon' give it to ya,1
58,"check yes, juliet",5
870,paper planes,1
586,bubbly,1
835,bleeding love,3
409,1234,3
190,"flightless bird, american mouth",2
43,won't go home without you,2
420,good morning,4
54,young folks,3
38,homecoming,2
483,that's what you get,5
523,buy u a drank (shawty snappin'),3
704,with me,3
537,kill the director,3
869,broken,5
61,when did your heart go missing?,2
238,fake empire,3
958,whatever it takes,3
414,no puedo dejarte de amar (with jesús navarro),2
713,falling slowly,2
415,"for a pessimist, i'm pretty optimistic",4
939,give it to me,5
921,so close,4
234,what a feeling,4
313,stupid girl,5
982,this is why i'm hot,5
712,throw some d's,2
281,teachme,3
531,barry bonds,2
380,she's so lovely,5
348,rehab,2
153,tambourine,5
551,precious love,4
769,a shot in the dark,1
100,the gardener,3
207,body on me,4
416,keep you much longer,2
621,the one,2
504,jump then fall,3
370,be ok (acoustic),1
198,stand,2
572,one of those nights,5
190,the night chicago died,3
944,we are the people,3
141,"ok, it's alright with me",4
219,six 12's (feat. mouse on tha track),4
472,high school musical,1
862,free to be me,4
585,the danger in starting a fire,3
441,"beautiful, dirty, rich",2
495,"lions, tigers & bears",1
959,keep breathing,4
407,coldest winter,5
156,right as rain,1
368,re-education (through labor),3
973,shoot me down,5
446,cookie jar (feat. the-dream),1
780,the kids don't stand a chance,4
652,body on me,1
255,agoraphobia,3
880,country roads,2
890,(coffee's for closers),3
287,that's right,5
25,amazin',1
586,puppets,5
93,soon we'll be found,1
201,rich girl,1
681,she got it,1
65,hustlaz ambition,3
342,i stand corrected,4
391,move for me,1
799,sleepyhead,5
166,tired,4
894,phone home,1
691,the girl you lost to cocaine,5
905,shelf,2
488,the fame,2
555,say yeah,1
333,nothing to hide,3
420,we're so starving,1
351,waking the demon,3
727,ready for the floor,3
792,young,4
694,a milli,2
502,lights & music,2
314,the longer i run,3
599,the time of my life,4
703,walk away,1
316,folkin' around,1
659,pushin' me away,5
126,troublemaker,5
423,shut up and let me go,2
704,i like to move it,4
172,white winter hymnal,4
760,play my music,5
511,it's not my time,1
560,love in this club (feat. young jeezy),1
332,diva,2
379,buzzin',1
382,ragged wood,4
912,how do you sleep?,2
797,bust your windows,1
21,corona and lime,4
686,lovegame,2
612,hot n cold,1
53,poker face,4
877,gives you hell,1
575,breakeven,2
916,chasing pavements,4
936,pocketful of sunshine,4
759,disturbia,5
2,nine in the afternoon,3
179,disculpe usted,2
195,violet hill,2
795,blindsided,1
722,postcards from hell,5
284,about a girl,1
777,a night to remember,1
409,that's not my name,3
871,creature fear,4
962,you should've killed me when you had the chance,5
343,she's a handsome woman,4
261,green light (feat. andré 3000),4
709,"right here, right now",3
934,don't forget,5
141,here (in your arms),1
303,show me what i'm looking for,2
220,funhouse,1
829,mansard roof,5
420,damaged,4
16,for emma,5
857,3 peat,2
898,i will possess your heart,4
589,hometown glory,5
840,the wolves (act i and ii),1
965,melt my heart to stone,4
629,tonight,1
213,i'd rather go blind,2
224,broken-hearted girl,2
911,this plane,1
681,catch me,3
734,enter galactic (love connection part i),1
95,my time,2
237,somebody to love (glee cast version),4
370,drumming song,2
199,eet,3
119,looking up,2
749,how do you love someone,1
429,janglin,5
754,dream girl,3
120,break your little heart,2
848,gettin' over you (feat. fergie & lmfao),3
442,what lies beneath,5
283,wetter (calling you daddy),5
886,day 'n' nite (nightmare),1
760,air catcher,1
596,day 'n' nite,1
158,kiss with a fist,3
592,lasso,5
570,lovers’ carvings,1
533,lost in you,5
635,flashback,1
640,simple as...,3
561,much better,5
875,last to know,5
135,i choose you,3
630,make her say,4
427,don't rain on my parade (glee cast version),3
752,before the storm,2
567,if i had a heart,4
346,no problem,5
970,like we used to,3
824,we'll be a dream (feat. demi lovato),5
241,good to be me (feat. kid rock),1
573,21st century breakdown,2
716,i'll stand by you (glee cast version),4
180,the reeling,5
679,energy,3
30,the mess i made,3
308,closer to the edge,4
968,blue lips,3
160,in my dreams (cudder anthem),2
814,all this time,2
185,into the nothing,4
338,stars,4
635,my boy builds coffins,1
101,gimme sympathy,1
424,between two lungs,5
511,silvia,2
934,moth's wings,2
747,chillin,5
860,blue skies,2
22,addicted to love,3
298,rabbit heart (raise it up),3
435,roger that,3
309,i'm not calling you a liar,3
791,bird song,2
280,hold on,3
13,nj legion iced tea,4
926,down,3
624,you and i,3
805,song for no one,2
685,again,2
309,bitter taste,5
981,"friends, lovers or nothing",3
435,war of my life,1
15,billie holiday,5
837,fall apart today,4
228,imma star (everywhere we are),3
389,black keys,4
575,without you,3
974,oh ms believer,2
383,fuck you,5
190,shots,3
994,you'll always find your way back home,3
391,this is war,1
175,"i'm made of wax, larry, what are you made of?",3
187,"when they fight, they fight",4
203,butterfly fly away,5
871,cosmic love,2
733,two is better than one,3
175,brick by boring brick,3
130,when i'm small,1
197,un-thinkable (i'm ready),3
868,break,2
826,the only exception,1
755,forever,1
894,i will not bow,5
358,home,2
269,i gotta feeling,5
362,down,3
584,fireflies,2
491,party in the u.s.a.,4
453,the downfall of us all,2
739,steady mobbin,1
268,if it means a lot to you,3
323,21 guns,3
764,january wedding,3
420,"a car, a torch, a death",1
8,all we ever do is say goodbye,4
591,russian roulette,4
987,mr. highway's thinking about the end,3
133,therapy,1
891,if i had you,2
532,islands,2
576,misguided ghosts,5
223,panic switch,2
271,money to blow,3
911,undo it,2
502,march to the sea,5
210,give me a sign,3
726,up up & away,4
218,crawl,5
669,kings and queens,3
482,in one ear,1
417,she is love,4
605,throw it in the bag,5
41,taxi cab,2
67,beach comber,3
715,when love takes over (feat. kelly rowland),1
460,the good life,4
925,always like this,1
937,perfectly lonely,5
764,world so cold,1
893,playing god,3
110,back against the wall,5
996,just a feeling,2
734,desire lines,1
192,zebra,2
647,save me,3
374,can't back down,5
779,bill gates,3
625,knives and pens,3
687,revival,2
393,1983,1
686,unforgettable,2
561,i got it,4
486,when i'm with you,4
578,either way,2
628,i can change,5
89,stay,1
805,hold my hand,3
453,constant craving,5
102,right thru me,1
628,love really hurts without you,3
266,gypsy woman,3
496,bulletproof heart,3
312,i just wanna run,4
573,love is all,3
877,white sky,1
287,fall for your type,3
113,this is our song,1
690,the best day,2
703,sexy chick (feat. akon),3
376,i made it (cash money heroes),5
998,california king bed,4
140,make a movie,3
882,shape of love,3
111,nothing i hold on to (live),5
197,when a heart breaks,5
352,you're my favorite song,3
986,lights,2
335,over,2
234,crazy beautiful life,1
346,give a little more,3
408,love all over me,2
309,the bomb dot com v2.0,4
825,the end,5
716,who will survive in america,2
408,bloodbuzz ohio,5
312,vampire money,2
557,broken,5
918,maniac,4
751,dirty dancer,3
963,this war is ours (the guillotine ii),4
720,halfway gone,5
258,this is the life,4
656,summertime,5
376,send me the moon,4
365,it's on,1
78,with you,4
136,futile devices,5
889,superman,2
653,sing,1
74,what's my name?,1
216,somebody to love,1
275,up all night,3
719,you're going down,4
569,king of anything,1
709,knock knock,1
391,the one that got away,2
176,i'll always remember you,3
991,stuck like glue,5
265,find your love,3
400,stand by me,1
18,animal,3
589,dynamite,4
397,in my head,5
666,marry me,1
750,big time rush,4
453,break your heart,4
629,waka waka (this time for africa) [the official 2010 fifa world cup (tm) song],1
516,your song,5
583,over my head (cable car),1
903,the story of us,3
271,wait so long,3
451,i am not a robot,2
957,stuck in the moment,4
964,who dat girl (feat. akon),1
770,goodnight moon,2
18,take on me,1
573,did it on’em,1
67,vixen,4
68,overboard,4
176,he would have laughed,3
212,in my veins,5
510,how low,5
584,kool aid and frozen pizza,5
579,the suburbs,5
636,rolling in the deep,1
652,senior skip day,4
28,wide eyes,5
784,blah blah blah (feat. 3oh!3),5
925,your betrayal,4
918,lost in the world,2
764,never gonna leave this bed,1
292,love like woe,2
740,love faces,3
736,sarcasm,4
144,of the soul,2
366,"young, wild & free (feat. bruno mars)",5
479,sorry for party rocking,2
167,make it shine (victorious theme),2
150,don't carry it all,4
894,apartment,3
552,purple swag,3
128,days,3
326,powa,2
846,turning page,4
658,atlas hands,2
94,three rounds and a sound,4
541,raised by wolves,4
149,winter song,1
280,let's roll,3
507,what a pleasure,2
268,i follow rivers,2
996,if i ruled the world,1
583,it's real,5
883,let's go,4
711,perth,1
380,seven devils,1
263,marry the night,3
42,you see me,3
165,bipolar baby!,5
515,good feeling,1
83,fix a heart,3
30,dance (a$$) remix,1
423,i was here,4
765,nightmares of the bottom,2
892,we found love,3
648,monster,5
397,cole world,3
405,when i come around,4
192,buried alive interlude,3
14,sunrise,4
217,after the moment,5
497,wish you were here,5
544,bow chicka wow wow,4
151,towers,2
195,you are a tourist,4
34,pit of vipers,4
805,the lonely,5
114,dark side,5
868,rolling in the deep,1
841,calgary,4
369,blackout,3
39,btstu (edit),1
861,frick park market,3
960,hopes & dreams,2
843,the wolves,2
420,hol' up,1
619,how to hate,2
502,hurts like heaven,5
796,sticks & bricks,2
547,hear me now,3
995,f**k you,1
273,hot wings (i wanna party),3
494,good morning,5
869,la de la mala suerte,1
477,make it stop (september's children),2
752,shake it up,4
952,then he kissed me,4
758,wake up,2
716,people help the people,4
982,where have you been,2
495,echo,4
434,that way (feat. jeremih & rick ross),1
90,french inhale (feat. mike posner),4
226,she will,4
354,levels,2
659,"minnesota, wi",3
858,barton hollow,4
383,my heart goes bum bum bum,3
352,don't move,1
433,price tag,1
876,give your heart a break,5
705,the edge of glory,1
153,only love,5
381,hello my old heart,3
305,even if it breaks your heart,2
461,crew love,5
631,donald trump,3
431,nobody's perfect,3
652,the a team,5
618,mr. saxobeat,5
597,the drug in me is you,5
78,no sleep,2
123,jar of hearts,3
308,starships,3
71,rivers and roads,3
91,titanium (feat. sia),4
423,marvins room,5
523,pumped up kicks,1
823,love you like a love song,3
402,give me love,5
28,cough syrup,1
358,kiss me,3
758,i'm not a vampire,1
589,memories,3
380,peso,4
21,killer,5
911,party on fifth ave.,3
143,satellite,3
625,birthday cake,1
591,when i'm gone,1
813,princess of china,3
660,another night,2
723,temporary bliss,5
302,trade mistakes,1
255,she wolf (falling to pieces) (feat. sia),2
808,megaman,5
267,2nd sucks,4
692,let's kill tonight,1
931,over my dead body,3
447,small bump,3
911,don't you remember,5
908,practice,2
75,money,5
270,one and only,3
985,i would do anything for you,4
676,the fighter (feat. ryan tedder),4
830,pound the alarm,3
800,judas,2
419,smile back,5
364,every teardrop is a waterfall,1
807,king,3
850,shadow days,1
616,set a fire,3
818,heart attack,2
367,the age of worry,2
94,turn on the lights,1
908,right now,1
58,million dollar man,1
360,lemme see (feat. rick ross),1
384,origins,4
306,insane,2
583,wires,1
509,i wish,4
55,big parade,1
138,she's not afraid,5
838,1957,5
593,make it nasty,3
611,part of me,3
190,dead sea,2
704,catch my breath,4
300,more than this,4
63,treacherous,3
590,gotta be you,1
642,payphone,1
100,natalie,2
152,a thousand years (feat. steve kazee),1
877,stay stay stay,4
352,don't mine at night,4
867,up all night,1
963,i'll sleep when i'm dead,1
274,chalk outline,4
119,the last time,5
447,the birds pt. 1,4
209,had me @ hello,3
396,puzzle pieces,5
562,titanium,2
883,a part of me (ft. laura whiteside),5
889,smoking bomb bud,4
351,scene three,3
532,one hundred sleepless nights,5
691,right by my side,3
520,same old song,1
248,good time,3
160,amen (feat. drake),4
676,right here,5
745,summer love,2
85,taken,1
957,roman holiday,4
212,we come running,4
295,crazy kids,2
210,bring it back,5
381,grown up,5
183,remember you (feat. the weeknd),4
390,stand up,4
101,tightrope,1
582,fall,5
185,rolling stone,4
712,over again,2
784,feel this moment (feat. christina aguilera),5
315,no interruption,2
368,blown away,1
395,take a walk,4
19,flowers in your hair,2
675,little talks,1
674,when can i see you again?,2
633,wide awake,2
575,stay the night,3
133,anna sun,4
252,pour it up,4
815,clarity,3
780,ho hey,5
99,thinkin bout you,4
101,stubborn love,1
216,ends of the earth,3
550,dirty paws,2
369,skyfall,4
714,heart's content,3
313,high school,1
736,sweet life,3
320,next to me,2
67,sweater weather,3
74,something like olivia,4
312,spectrum,3
716,thoughts from a balcony,3
788,loft music,1
955,crack rock,1
510,the question,4
637,genesis,3
380,don't wake me up,4
432,i could be the one (avicii vs. nicky romero),2
789,bust your knee caps,1
371,sweet nothing (feat. florence welch),3
157,hell & back,3
337,teen idle,4
554,disparate youth,2
212,loud,1
34,climax,4
60,king and lionheart,4
351,queen of california,5
627,how many drinks?,2
305,stay,3
669,just one yesterday,5
657,"sometimes you're the hammer, sometimes you're the nail",2
717,let's be still,5
461,little talks,1
696,not a bad thing,5
960,upper echelon (feat. t.i. & 2 chainz),1
566,don't forget where you belong,5
627,the muse,5
243,own it,1
891,spiderhead,4
431,live for,3
366,watching movies,5
435,this will be the day (feat. casey lee williams),1
149,r,5
235,don't be so hard on yourself,5
716,the end of all things,5
167,right now,3
791,wasting all these tears,3
882,one for the money,1
368,trojans,5
409,diana,1
579,phoenix,4
457,lvl,5
350,satellites (feat. wiz khalifa),1
653,molly,5
958,someone else,5
64,san francisco,2
828,checc me out (feat. cobby supreme & dom kennedy),3
34,open,2
172,sunrise,2
847,don't you want me,5
959,kill the lights,1
423,take back the night,4
151,seattle party,2
352,tko,2
838,sex & super smash bros.,5
688,love in the sky,3
698,don't let it get you down,3
315,jim morrison,1
3,send it up,5
986,iii. urn,5
189,i'm already gone,4
837,they roll (feat. the game),1
94,featherstone,2
633,through the dark,2
979,face the world,1
8,pitchfork kids,2
258,if i die young (glee cast version),1
876,game over,3
410,life,5
7,come & get it,1
600,when she grows up,3
95,settle down,3
788,someone like you,5
68,red like roses,4
680,money and the power,2
837,safe with me,4
685,revolution,4
400,blowin' smoke,3
507,everything is awesome!!! (feat. the lonely island),2
854,everywhere we go,5
412,boneless,4
717,watch out for this (bumaye),3
515,heart out,1
599,i. flight of the navigator,3
453,bad girls club,2
127,hey mr. d.j.,1
553,all the time,3
457,applause,4
873,impossible,2
560,how long will i love you,3
625,follow your arrow,4
76,devil like me,2
528,bound 2,2
16,started from the bottom,4
437,out of my league,3
214,unconditionally,5
794,i luv this shit,2
613,blood on the leaves,4
336,23,5
648,dear no one,2
279,scream & shout,4
748,ode to sleep,1
358,just what i am,2
687,put a light on,1
970,human,3
551,heart attack,2
347,wrecking ball,3
102,cigarette daydreams,5
506,summertime sadness (lana del rey vs. cedric gervais),2
945,car radio,1
968,trumpets,2
196,this is gospel,1
914,"f**kin' problems (feat. drake, 2 chainz & kendrick lamar)",5
367,ain't it fun,4
761,royals,5
617,3005,4
397,we can't stop,2
956,photograph,4
31,black skinhead,5
255,break from toronto,2
103,replay,3
815,hold my liquor,4
626,another love,2
436,let it go,3
507,objects in the mirror,3
179,warrior,4
818,#thatpower,1
36,casual affair,4
352,do my thang,3
529,take me home,3
458,ways to go,1
567,switch lanes,5
237,stay alive,3
771,too much,4
559,devils don't fly,4
264,interlude (that's love),5
707,this is how we do,2
560,everybody wants to rule the world,5
518,paper hearts,5
816,harlem,1
621,new slaves,2
394,midnight memories,5
148,collar full,4
8,ii. worldstar,5
288,tattooed heart,4
444,run boy run,2
888,robbers,5
44,pusha man,3
645,the love club,1
471,screen,3
705,afraid,1
701,shake,1
235,nana,2
844,we are bulletproof pt.2,3
170,partners in crime (feat. ash costello),5
695,a little party never killed nobody (all we got),4
973,posed to be in love,3
733,tell your heart to beat again,1
663,foreigner's god,2
988,white girl,1
391,uoeno,5
654,multiplied,1
719,in a week (feat. karen cowley),3
471,to be alone,1
164,out of the woods,1
954,st. tropez,4
367,the breach,1
9,gdfr (feat. sage the gemini & lookas),2
527,wassup with it,4
360,one,4
203,the haunting,2
736,down by the river,3
521,shell shocked (feat. kill the noise & madsonik),5
890,back home,5
688,first love / late spring,2
527,pretty hurts,1
206,can't remember to forget you (feat. rihanna),2
411,work,2
146,runaway,3
286,shatter me featuring lzzy hale,3
298,buy the world,1
254,guilty pleasure,4
380,1hunnid,4
324,where do broken hearts go,4
140,fool's gold,2
176,her,2
646,truffle butter,2
502,i wanna get better,5
37,undo,4
247,voodoo doll,4
410,help me lose my mind,3
793,run,1
62,thunder clatter,3
920,kk (feat. project pat & juicy j),5
827,she don't love you,5
428,bad blood,1
141,black beauty,3
323,paris,3
269,ghost,2
606,he knows my name,2
256,breaking up my bones,4
461,sissy that walk,3
846,clean,2
441,coco,2
734,pop thieves (make it feel good),4
201,el de los lentes carrera (bonus track),4
690,we can make love,2
11,toes,1
908,the days,5
477,you and your friends (feat. snoop dogg & ty dolla $ign),2
697,cut her off,2
279,valley girls,1
949,been on,1
458,only love can hurt like this,1
755,human,3
109,say you love me,5
694,bpt,2
795,212,1
532,studio,4
304,comfortable,5
562,a tale of 2 citiez,3
765,i lived,3
678,trophies,4
910,from eden,4
101,sour patch kids,3
364,so high (feat. ghost loft),4
138,like real people do,3
935,show me (feat. chris brown),5
482,hold back the river,4
696,let's get lost (feat. devon baldwin),2
18,anything goes,1
939,cherry wine,3
560,my type,2
751,time of our lives,2
549,best day of my life,5
139,house party,2
835,wet dreamz,5
155,"or nah (feat. the weeknd, wiz khalifa & dj mustard)",4
917,little do you know,3
353,take me to church,5
994,stay with me,2
719,fancy,1
467,summer,4
287,rather be (feat. jess glynne),3
959,drunk in love,3
693,me and my broken heart,3
288,work song,3
577,someone new,1
702,amnesia,3
907,say something,1
900,cold cold man,2
156,all the time,4
912,main chick (feat. chris brown),5
756,i'm an albatraoz,3
960,money on my mind,4
744,wasted,3
654,ass drop,5
171,kissin' on my tattoos,1
474,lost stars,3
331,remember you (feat. blackbear),2
345,all about that bass,3
377,retro (rough),5
260,heavenly father,5
484,angel of small death and the codeine scene,5
714,strangers,4
562,green mountain state,5
519,18,2
141,paranoid (feat. b.o.b),3
186,never gonna let you down,3
279,just a little bit of your heart,2
335,we dem boyz,5
175,fire and the flood,2
850,machinehead,3
231,outside,2
913,blame,3
3,pills n potions,3
353,no love,3
845,my main,4
188,habits of my heart,5
156,inside out,3
811,hurricane,2
301,lord knows (feat. tory lanez),3
422,baby blue (feat. chance the rapper),1
401,changes,3
18,diamonds dancing,1
376,rgf island,5
521,"touchin, lovin (feat. nicki minaj)",3
80,let em' know,1
565,failure,4
161,cut it (feat. young dolph),5
394,our own house,4
685,ashes of eden,1
619,order more,3
43,south,3
679,r.i.p. 2 my youth,5
741,if i could fly,3
128,institution,4
786,hold me down,4
258,hello,2
882,be real (feat. dej loaf),5
957,random,4
255,might not,1
692,i am machine,2
960,lady lie,2
360,cold cold cold,2
295,10 bands,2
703,peanut butter jelly,3
758,ghost,4
612,all we do,3
920,stay,3
519,pray 4 love (feat. the weeknd),5
864,powerful,3
745,6 god,1
969,love me or leave me,3
562,teddy bear,5
520,drag me down,3
81,fuck you (feat. meek mill),5
533,we rise,4
692,five more hours,1
601,past lives,3
792,run away with me,3
457,apple pie,5
776,right hand,1
312,"30,000 feet",3
290,go hard or go home,5
251,brand name,2
200,king of everything,2
621,ice cream man,3
310,bite,5
478,be right there,1
918,as you are,3
691,bitch,5
584,get you good,4
89,ghost town,5
720,liquor,1
644,preach,2
973,do you there (feat. marc e. bassy),4
359,i am the greatest,2
929,goodnight chicago,2
739,like woah,3
976,down for you,5
128,eye of the storm (feat. gabe real),1
11,real life,4
486,piece by piece,4
437,"flex (ooh, ooh, ooh)",5
268,lord willin',3
110,ooh-ahh하게 like ooh-ahh,2
64,blame it on me,2
604,drunk & i'm drunk,4
535,like dat,2
365,act like you love me,2
206,you got me,1
782,death & taxes,3
663,scholarships,2
567,omen,1
690,till it's gone,5
474,angel,3
148,too many,1
477,willy wonka (feat. paulina & jafé),5
849,rush hour,4
830,split (only u),5
33,no pressure,1
777,american oxygen,1
541,6 man,3
686,make up sex,1
57,forbes,2
155,rambo,5
529,worth it,3
404,here,1
562,youth,2
565,$ave dat money (feat. fetty wap & rich homie quan),2
168,runaway (u & i),5
981,heavydirtysoul,5
4,lane boy,2
811,control,3
972,the judge,1
52,the way (feat. chance the rapper),3
45,no type,5
341,legend,3
704,pity party,1
834,uma thurman,5
911,energy,3
704,space song,2
610,elastic heart,5
322,never be alone,2
56,this could be us,2
660,no flockin,2
266,stone cold,4
324,these days,5
322,centuries,5
429,antidote,5
274,stitches,4
864,unsteady,3
275,the hills,3
256,ride,3
540,don't,3
93,wait a minute!,2
141,confident,1
526,maps,4
561,tear in my heart,1
339,lean on,4
98,budapest,3
415,bitch better have my money,2
183,geronimo,2
170,fools,2
559,ilysb,2
687,cry baby,1
837,purpose,3
703,"10,000 emerald pools",1
294,ocean drive,4
308,the fix,2
196,the need to know (feat. sza),3
542,something about you,5
964,bo$$,2
516,let the games begin,1
294,drive,3
700,dynasty,3
319,rotten to the core,4
386,bad mother f*cker,3
780,till i die,1
830,river of tears,4
954,soap,5
693,lord pretty flacko jodye 2 (lpfj2),3
537,history,1
710,olivia,2
202,same old love,5
547,back to back,3
969,she used to be mine,5
781,calm down,2
772,castle,2
338,know yourself,5
64,ffyl,4
99,where ya at,5
839,cake,1
327,heartbeat song,4
526,it's strange (feat. k.flay),4
817,kill em with kindness,5
168,doubt,4
311,false alarm,5
718,time after time,2
233,why you always hatin?,5
881,backroad song,3
526,silver spoon,4
785,coconut oil,2
269,pt. 2,5
91,uber everywhere,1
126,humbug mountain song,3
925,paranoia,3
423,broken whiskey glass,3
618,ordinary life,4
235,hand of god,3
62,heavy,1
919,thinking bout you,1
869,4r da squaw,1
776,liquor locker,1
883,lose,3
980,bored to death,3
36,feel,2
489,real friends,4
193,thief,5
841,fade,3
7,perm,5
492,hard for,4
174,poison,4
561,"yours truly, austin post",1
300,sweet sweet,5
775,glamorama,4
219,skrt,1
665,11 blocks,3
867,no money,3
695,season 2 episode 3,5
555,golden days,1
850,silvertongue,3
94,morning in america,3
968,impossible year,1
778,phone down,1
625,hype,4
716,"10,000 hours",4
162,pork soda,4
992,wicked,1
405,push it,3
419,flexicution,3
149,irobot,5
113,bird set free,3
394,sick of losing soulmates,4
468,september,5
799,leave me lonely,4
349,calling all my lovelies,3
465,the law (feat. mac miller & rapsody),3
137,ville mentality,1
21,train wreck,2
274,cranes in the sky,4
337,whole heart,2
452,a lonely night,4
878,still here,2
128,el hombre del equipo,3
584,once in a while,2
860,all the way up,5
581,blue notes,4
893,straight up & down,5
364,imma dog too,5
807,pop style,3
292,outside,3
151,hoes mad,3
764,down in the dm,2
186,el afro (en vivo),3
185,remedy,5
299,never be like you (feat. kai),4
490,g.o.a.t.,2
247,weak,3
350,one call away,4
580,the greatest,4
717,toothbrush,4
255,both (feat. drake),2
102,when i'm down,1
440,big lie,1
658,hide away,4
540,everyday,4
887,needed me,1
680,7 years,3
998,death of a bachelor,3
704,"psycho, pt. 2",1
670,side to side,1
518,ispy (feat. lil yachty),5
394,all time low,5
323,starboy,2
144,go flex,3
711,white iverson,3
344,starving,5
826,congratulations,2
217,i fall apart,3
473,million reasons,2
545,in the name of love,3
258,ain't nobody takin my baby,3
361,she don't (feat. ty dolla $ign),3
957,can i be him,4
406,secrets,2
665,me and your mama,5
498,famous,4
170,2 / 14,2
884,thumbs,3
491,kickin’ back,5
798,drive by,3
27,hurts so good,4
878,six feet under,1
390,woke the f*ck up,3
294,house of memories,3
944,true colors,1
425,you're such a,5
988,surprise party (feat. blackbear),1
494,wavy (feat. joe moses),1
785,one night,1
767,too many years,4
319,overwhelming,5
145,digits,5
45,sex with me,4
982,bad intentions,2
784,nikes,2
434,i was made for loving you,5
919,guillotine,4
772,stole the show,4
423,way back,4
770,chunky,1
60,try everything,2
636,6 inch (feat. the weeknd),4
153,"just like fire (from the original motion picture ""alice through the looking glass"")",2
16,dark days,4
368,cold blooded,2
400,oceans away,4
726,sign of the times,1
101,lust for life (with the weeknd),5
109,keep me,3
584,location,2
342,insecure,2
684,waves,4
893,getaway car,4
618,truly madly deeply,1
512,pull the trigger,5
78,ways to be wicked,5
564,at the club,4
661,your song,1
173,please keep loving me,5
365,what do i know?,4
746,you say i'm in love,1
60,walls could talk,3
643,i did something bad,1
802,beige,2
645,winter,5
843,boys,1
831,remind me to forget,1
135,havana,1
369,gyalchester,2
209,moves,2
80,would you mind,4
138,hopeless,4
479,run me dry,2
220,not today,4
321,beautiful trauma,4
955,do it myself,1
997,crzy,1
742,kelly price (feat. travis scott),3
529,save myself,3
686,redmercedes,3
624,f.b.g.m.,4
399,million bucks,4
583,yah mean,2
675,perfect places,5
758,homemade dynamite,4
361,beautiful creatures (feat. max),5
733,cherry,1
94,love so soft,3
861,to the moon,1
860,open arms,3
864,sheep,3
826,love is alive,4
56,swish swish,4
251,paris,5
312,fall,2
920,i miss the old u,2
383,bored,1
346,i get the bag (feat. migos),2
916,"horses (with pnb rock, kodak black & a boogie wit da hoodie)",3
902,sativa,3
920,broken clocks,3
339,slippery (feat. gucci mane),4
572,relationship (feat. future),3
320,nevermind,2
954,rewrite the stars,3
373,humble.,5
448,too good at goodbyes,4
312,i like me better,1
467,idontwannabeyouanymore,4
722,loving is easy,3
930,copycat,1
490,pretty girl,2
983,stay (with alessia cara),2
725,plain jane,5
357,1-800-273-8255,1
718,saved,4
984,passionfruit,4
138,new rules,2
909,sky walker (feat. travis scott),5
296,mercy,3
588,happier,5
792,caroline,1
166,play that song,1
80,some way,4
765,great one,1
456,your shirt,2
221,friends (with bloodpop®),1
516,boulevard of broken dreams,2
3,every kind of way,3
731,losing,4
788,therapy,1
913,we find love,3
860,bad bitch (feat. ty dolla $ign),3
503,woman,3
150,me you,1
320,september song,5
815,transportin',5
845,thief,4
325,chateau,4
9,what they want,3
589,i can't fall in love without you,4
646,heebiejeebies,1
253,without you (feat. sandro cavazza),1
606,naked,5
799,crying in the club,3
892,fuck feelings,4
743,fake love,3
505,bad liar,1
631,sweet creature,3
739,canceled,5
482,stop trying to be god,2
276,wasabi,3
697,notice me,3
351,fake love,1
769,"king's dead (with kendrick lamar, future & james blake)",1
78,5% tint,1
173,can't help falling in love,5
914,better off,2
271,can’t take a joke,3
275,if i killed someone for you,1
454,jumpsuit,3
807,this way,2
457,real friends,3
144,icy grl,4
166,hard place,2
672,jump (with trippie redd),1
257,kiss and make up,4
981,love it if we made it,3
484,flatbed freestyle,4
908,blame it on me,4
125,let you love me,3
126,thru your phone,2
777,151 rum,5
438,die from a broken heart,4
820,she bad,1
541,wasted times,5
740,grip,5
469,yikes,1
592,tootimetootimetootime,3
187,nobody knows,3
277,freaking out,2
527,outrunning karma,4
364,throw a fit,4
24,enemies,1
828,knees,3
225,nc-17,3
608,heaven falls / fall on me,3
461,love hurts (feat. travis scott),4
766,hurt you,2
330,panic room,3
850,remedy,2
425,smack a bitch,4
936,ghost of you,3
415,what's the use?,4
132,workin me,2
974,summer depression,4
483,stay with me,2
257,me too,4
226,vertigo,1
11,mic drop (steve aoki remix) [full length edition],1
816,hurt somebody,5
253,good years,2
345,violent crimes,1
659,overdue (with travis scott),3
66,new freezer (feat. kendrick lamar),5
115,bitch lasagna,4
319,4th dimension,3
326,myself,1
318,out of love,2
417,can't say,1
222,stay,1
330,chlorine,4
46,attention,3
86,calling my spirit,1
233,in my feelings,4
296,3:15,4
938,fire on fire,4
6,greatest love story,1
699,jackie chan,3
415,younger,3
361,plug walk,5
463,rich & sad,1
952,who hurt you?,1
451,scared of the dark (feat. xxxtentacion),2
504,do u even miss me at all?,3
987,uproar,1
441,big ole freak,3
818,no stylist,4
750,shot clock,4
884,yosemite,5
141,be alright,3
55,let me down slowly,5
279,better,2
927,wow.,1
242,sunflower,1
984,no tears left to cry,5
879,midsummer madness,3
241,reel it in,1
4,so close,1
383,lost in japan,3
536,butterfly effect,1
207,in my blood,3
199,i love,2
304,swish,3
250,you,3
855,yacht club (feat. juice wrld),1
604,mob ties,5
841,boy in the bubble,2
650,one kiss (with dua lipa),4
910,all mine,3
244,chun-li,1
224,i'm upset,4
264,let's fall in love for the night,2
39,zack and codeine,2
172,4ever,2
37,i love it (& lil pump),1
123,spoil my night (feat. swae lee),4
446,better not (with wafia),2
203,ferris wheel (feat. trippie redd),2
913,come out and play,2
530,ring (feat. kehlani),1
641,japan,2
440,24/7 (feat. ella mai),2
580,nothing breaks like a heart (feat. miley cyrus),3
259,everyday,2
864,buy my own drinks,3
637,stay awake,5
477,habits,3
635,painkiller,1
598,wam,4
154,make up,1
430,ice (feat. gunna & lil baby),1
2,draft day,5
621,dionysus,2
799,before i let go,5
148,1 sided love,4
381,la la land,3
149,"you stay (feat. meek mill, j balvin, lil baby & jeremih)",4
644,humble beginnings,1
395,i.f.l.y.,5
64,fallin (feat. 6lack),5
917,no way!,4
462,"thunderclouds (feat. sia, diplo, and labrinth)",5
979,100 racks (offset feat. playboi carti),1
42,a whole new world (end title),4
943,speechless (full),2
475,paradise,4
715,the big day,4
936,feels,4
510,mount everest,5
969,naeem,4
996,let's go on the run,2
992,don't throw it away,2
10,strangers,4
640,dead man walking,4
261,started,4
999,virgil,1
629,superposition,1
231,crushed up,3
622,anti-everything,4
761,"leave em alone (layton greene, lil baby feat. city girls, pnb rock)",3
235,paranoid,4
449,el diablo,2
243,i get lonely,5
527,back on,5
983,head above water,4
932,roo,2
979,insomnia,4
433,"no new friends (feat. sia, diplo, and labrinth)",5
429,"1993 (with j. cole, jid, cozz & earthgang feat. smino & buddy)",4
34,rich game,2
802,paris morton music,4
249,all the good girls go to hell,1
148,megatron,3
241,candy (feat. trippie redd),2
534,i don't belong in this club,1
734,mad love,1
789,piece of your heart,2
230,takeaway,4
592,talk,3
139,it's you,5
953,you need to calm down,3
82,"thank u, next",2
363,my type,4
193,you should see me in a crown,4
421,tap (feat. meek mill),2
607,i'm so tired...,3
318,wish you were gay,4
712,the archer,2
545,fake smile,1
714,ready,1
740,big rocks (offset feat. young thug),3
654,blame,4
150,rollercoaster,1
677,trust issues,1
306,walk me home,5
351,way to break my heart (feat. skrillex),2
531,middle child,5
610,doin' time,1
597,simple,3
646,how bout now,3
867,i believe,4
497,sixteen,1
770,no one compares to you,4
546,if you've got the money i've got the time,4
753,i want to be with you always,3
769,how long will it take (to stop loving you),3
201,look what thoughts will do,5
598,treasure untold,2
896,my old pal,3
449,always late (with your kisses),5
479,i love you a thousand ways,5
879,"she's gone, gone, gone",2
105,the long black veil,2
450,"give me more, more, more (of your kisses)",5
834,lost love blues (rehearsal session),2
61,i'll try,4
723,all of me loves all of you,1
918,no mother in this world today,5
85,long gone,3
274,i know you're lonesome (while waiting for me),1
693,that's me without you,5
525,give me the flowers (while i'm living),4
196,gone home,3
883,i still miss someone,2
553,don't stay away (till love grows cold),4
533,who will sing for me?,5
683,he took your place,1
550,forever (and always),5
885,black snake moan,4
969,the little drummer boy,5
571,i'm walking with him,1
545,wait for the sunshine,1
900,joy bells,2
348,losin' you,4
16,strange woman,2
356,gone,1
787,get this stranger out of me,4
666,i'll go on alone,3
17,appalachian pride,4
385,i walk alone,3
509,the story of my life,3
347,don't worry,1
689,some memories just won't die,1
479,juke box blues,2
373,ribbon of darkness,5
93,"my woman, my woman, my wife",4
627,just married,4
704,without a love to call my own,2
843,among my souvenirs,4
56,the loving gift,2
285,i love you sweetheart,1
227,no swallerin' place,4
31,cabin on the hill,2
558,keep on the sunny side,4
656,santa claus is comin' to town,1
848,i love you mostly,4
726,making believe,4
357,i won't mention it again,1
491,release me,4
151,danny boy,5
129,counting the days,5
233,crazy arms,3
172,the devil went down to georgia,5
363,tennessee flat top box,3
126,big bad john,2
239,sporting life,5
879,paper boy,1
637,long time to forget,1
74,uh uh no,2
828,seasons of my heart,5
925,no money in this deal,1
309,honky tonk hardwood floor,4
595,all over again,1
606,good morning blues,3
34,simple simon,5
975,the same old me,3
690,one more time,5
222,i'd rather be sorry,4
721,yesterday's girl,2
34,"when you're lovin', you're livin'",1
879,loose talk,2
786,over and over,1
371,there she goes,2
867,shadows on the wall,3
777,sing her a love song,3
985,i'll thank you all my life,3
164,i married you for love,1
184,hello old broken heart,3
382,make the world go away,2
72,the angel of death,1
922,thank god,3
232,jesus remembered me,2
661,johnny reb,1
184,all for the love of a girl,3
151,message to my mother,5
568,the mansion you stole,2
389,"(i'm gonna) sing, sing, sing",3
465,you're the best thing that ever happened to me,1
190,i got a hole in my pirogue,5
952,wealth won't save your soul,1
7,how can you refuse him now,3
201,i'm ready if you're willing,1
492,why should i be lonely,2
18,if you're ever lonely darling,1
307,release me,3
96,i don't want to know,3
914,joy to the world,1
561,san antonio rose,3
29,i can't help it,5
968,let me talk to you,1
643,all the world is lonely now,3
86,"signed, sealed and delivered",3
784,only one heart to give,3
778,i wish i knew,1
627,"swing low, sweet chariot",3
90,may god be with you,4
678,time changes everything,1
694,please come back home,4
98,lovin' is livin',1
445,forgive me,4
961,the house that love built,5
409,bouquet of roses,5
746,ain't no wheels on this ship,1
926,i can't forget,5
543,i was there when it happened (2017 remaster),1
128,"cry! cry! cry! (alternate version, extended take 1) (2017 remaster)",5
848,don't ever leave me again,2
443,fingerprints,4
809,i walk the line,5
642,three cigarettes in an ashtray,5
933,return to me,3
564,doin' my time,1
261,the wreck of the old 97,1
880,remember me,3
49,in care of the blues,1
670,i heard that lonesome whistle,3
649,unchained melody,4
447,i hang my head and cry,5
22,pins and needles,1
44,i love you because,2
28,letters have no arms,5
811,remember me,4
444,i'll sail my ship alone,1
658,it's too late now (to worry anymore),4
83,you only want me when you're lonely,2
122,to each his own,4
678,hang your head in shame,1
472,love me tender,1
148,heartbreak avenue,5
70,where no one stands alone,4
455,lord i'm coming home,3
881,i love you a thousand ways,1
486,my god is real,4
377,blues in my heart,1
710,evening prayer,4
158,known only to him,2
468,in the valley of the moon,2
523,the best years of your life,5
602,pray for me,3
93,stay,4
193,driftwood on the river,3
851,ice cold heart,5
232,there'll be no teardrops tonight,5
697,let me call you sweetheart,1
631,"signed, sealed and delivered",4
831,make room in your heart (for a memory),5
986,after all the things i've done,5
448,i wouldn't miss it for the world,1
809,please don't leave me,1
911,i overlooked an orchid,2
124,hang your head in shame,3
977,night train to memphis,5
179,slowly,1
595,too soon to know,4
211,goodnight sweetheart,1
7,"you, you, you",3
770,i'd rather die young,3
131,that's all over,3
255,don't make me go,5
453,goodbye little darling,3
712,the troubadour,1
835,come in stranger,2
516,there you go,2
614,next in line,1
906,make him a soldier,5
991,i still miss someone,5
979,home of the blues,2
314,suppertime,3
357,joe's been a-gittin' there,1
945,counterfeit love,2
808,i can't stop lovin' you,2
435,shepherd of my heart,2
410,take me as i am,2
911,"bad, bad day",4
477,i've gotta have my baby back,4
338,"i love you so much, it hurts",3
294,"sweet, sweet girl",2
284,(prayer is the key to heaven) faith unlocks the door,5
464,talk to your heart,4
304,stranger,3
637,lonely heart,5
628,foggy river,1
480,i wish it had been a dream,5
397,let's call it a day,4
271,man has cried,1
835,i'd rather die young,5
908,mary don't you weep,2
546,a satisfied mind,2
456,crying steel guitar waltz,5
122,goin' home,3
760,hey miss ruby,2
407,restless,5
920,judge of hearts,2
373,i'll never shed another tear,3
643,baby blue eyes,1
285,midnight,2
558,almost,5
186,i'll never love another,2
760,i'm going to make heaven my home,3
295,halfway to heaven,5
844,do you think,1
610,walking blues,1
311,you can't break the chains of love,1
255,i'll hold you in my heart,3
323,i love you because,1
285,sweet temptation,4
999,you're calling me sweetheart again,2
348,under suspicion,3
852,memory,2
231,it's my way,1
477,the other woman,5
501,a thief in the night,5
389,brownie's blues,3
662,i'll never be free,4
359,she's mine,2
682,will the circle be unbroken,5
821,hank and joe and me,3
690,thanks a lot,2
853,i forgot to remember to forget,1
731,the caretaker,5
660,you win again,5
936,it could be you (instead of him),1
746,mona lisa,5
474,if i could only win your love,5
42,old apache squaw,3
897,wind,4
510,it's only make believe,4
995,the old account,5
279,luther played the boogie,5
460,lead me father,3
660,lead me gently home,3
568,these things shall pass,1
901,(ghost) riders in the sky,1
710,young love,2
936,"swing low, sweet chariot",5
162,blueberry hill,3
226,i'll try,5
65,the story of my love,3
23,teardrops in my heart,4
499,you'll never walk alone,4
938,don't you know,3
777,all my love in vain,3
720,today,5
736,my lord has called me,5
632,wandering soul,3
992,good ole bible,3
588,take the devil out of me,3
935,danny boy,1
376,rovin' gambler,1
186,ridin' home,1
19,if you want to wear a crown,4
526,it only hurts for a little while,3
162,big hearted me,5
465,never love again,5
107,sweet dreams,4
238,lonely street,2
64,maybe tomorrow,3
984,the blackboard of my heart,2
726,tears are only rain,2
203,how do you feel?,3
439,we've gone too far,5
320,most of all,4
895,my tears don't show,5
152,breakin' the rules,5
433,if i can stay away,4
67,time hurts,4
489,hurtin' inside,5
311,the streets of laredo,2
748,my hands are tied,1
960,rock of ages,3
502,love thief,4
147,cryin' in the deep blue sea,2
286,soft lips,2
58,take a look at this broken heart of mine,3
242,i was the first one,5
753,take this hammer,2
405,bottle it up and go,3
944,if i had my way,1
689,until then,2
466,the foot race is on,1
730,"bill bailey, won't you please come home?",2
288,so long baby,4
203,louise blues,1
937,slow blues,1
57,san antonio rose,4
537,i will miss you when you go,3
300,"cold, cold heart",1
337,that's what i like about the west,5
452,time changes everything,1
930,i love you because,4
987,the kind of love i can't forget,1
625,i couldn't keep from crying,5
979,why do you punish me (for loving you),2
686,i'd just be fool enough (to fall),5
145,who? me?,2
760,hey good lookin,3
294,honky-tonk girl,4
192,a fool such as i,4
487,lonely blue boy,2
690,i feel better all over,2
198,smoke! smoke! smoke! (that cigarette),1
240,in the garden,2
852,seasons of my heart,3
915,just one time,2
553,when papa played the dobro,5
588,he can be found,5
978,i'm ready to go home,4
849,are you afraid to die,1
408,i'm so lonesome i could cry,5
870,heartbreak hotel,2
645,the christian life,2
77,settin' the woods on fire,1
598,"far, far away",1
777,reno,4
503,my adobe hacienda,1
577,the old rugged cross,3
594,just as i am,4
459,eternal tears,1
265,keeper of my heart,5
555,maiden's prayer,3
554,(i'd be) a legend in my time,4
227,i'd like to tell you,2
781,honky tonk girl,5
176,an old faded photograph,5
397,no one will ever know,2
873,the last letter,5
619,above and beyond,5
264,born to lose,5
158,driftwood on the river,4
725,sing me something sentimental,4
563,i didn't mean to fall in love,2
967,my heart cries,1
198,jingle bell rock,2
216,childish love,2
39,take it easy,3
323,i can hear my heart break,5
893,diana,1
372,foggy river,4
842,reelin' and rockin',3
92,man alone,3
524,one white rose,1
701,another,2
704,the color song (i lost my love),4
397,silent night,2
335,got you on my mind,1
315,gotta travel on,2
360,life goes on,5
692,harvest of sunshine,5
415,night train to memphis,5
637,mind your own business,1
413,san antonio rose,3
302,i fall to pieces,4
745,after all,5
183,comanche (the brave horse),4
96,seven lonely days,1
895,"smoke, smoke, smoke that cigarette",4
304,a poor man's roses (or a rich man's gold),1
405,story of a broken heart,2
869,the waltz of the angels,5
986,the storms are on the ocean (with mother maybelle carter),4
154,to think you've chosen me,3
561,above and beyond (the call of love),4
309,blue suede shoes,2
607,jailhouse rock,5
507,hurt,3
205,port of lonely hearts,5
63,my treasure,4
335,i can't help it (if i'm still in love with you),2
230,harmonica blues,3
42,the kind of love i can't forget,4
452,hang your head in shame,2
715,the same sweet girl,1
317,a little bitty tear,2
260,he's so good to me,3
341,san antonio rose,1
988,you don't love me (but i'll always care),3
350,he made me free,1
167,if i could cry,4
511,second choice,4
744,lives like mine,3
700,hungry for love,2
543,it had to be you,1
288,the sadness in a song,4
340,my cup runneth over,4
696,looking back,1
974,september in the rain,3
341,how's the world treating you,1
349,don't throw me away,5
849,we live in two different worlds,4
203,sweet sorrow,5
774,the next kiss (is the last goodbye),2
268,don't you dare let me down,3
496,"i'm in a blue, blue mood",2
57,it's driving me wild,2
106,my mom and santa claus,3
722,i love you so much it hurts,3
162,when irish eyes are smiling,2
588,danny boy,1
185,he'll understand and say well done,1
839,alberta,1
399,bull cow,1
607,i won't have to cross jordan,5
472,when i've learned,2
769,god has my fortune laid away,2
244,you're breaking my heart,4
937,i can't get over the way you got over me,3
265,i'd like to know (where people go),3
552,are you certain?,1
350,little bitty heart,1
764,i don't remember,1
488,lonesome number one,1
234,this cold war with you,5
498,would you be satisfied?,1
289,"so wrong, so fast",1
68,i lost you after all,3
973,second best,3
747,how long does it hurt,5
569,god must have my fortune laid away,3
766,let me down easy,2
36,when he reached down his hand for me,1
478,"sing it pretty, sue",5
717,your cheatin' heart,5
997,i forgot more than you'll ever know,2
834,no regrets,5
154,big city,2
489,funny how time slips away,3
409,lonely street,1
532,in the jailhouse,2
829,heartaches,4
718,your cheatin' heart,3
507,you belong to me,5
71,that's my desire,1
962,i can't help it (if i'm still in love with you),4
726,accidentally on purpose,3
818,my god is real,3
595,darkness on the face of the earth,1
607,undo the right,4
141,the comancheros,5
79,mr. record man,5
646,you were only fooling (while i was falling in love),2
712,blue dream,2
625,it's a sin,4
343,a maiden's prayer,4
111,whose heart are you breaking now,4
994,someone's watching over you,3
67,it's a sin,4
974,beggar to a king,5
512,portrait of a fool,4
320,san antonio rose,1
245,lonely christmas call,1
814,a house without love,3
80,lonesome whistle,3
728,running bear,3
230,don't let the stars get in your eyes,4
755,wedding bells,2
477,they'll never take her love from me,1
27,she once lived here,2
276,company's comin',1
363,i wanna go home,4
544,sweetie baby,3
815,it's been so long darlin',5
86,melba from melbourne,4
357,i am in the heavenly way,5
312,trail dreamin',2
340,i'm working on a building,1
372,the everglades,3
242,almost persuaded,1
903,the crazy engineer,1
531,lonesome valley,3
546,forgive me now,4
995,in the blue canadian rockies,2
949,dear wastebasket,5
494,color of the blues,3
558,in the shadow of a lie,1
802,i'll never let go of you,1
373,the old old house,4
677,poor boy long way from home,5
768,be honest with me,3
815,no one will ever know,2
27,tears on her bridal bouquet,5
587,deep in the heart of texas,2
13,this ole house,3
867,the water's so cold,2
469,you're walking on my heart,5
73,forgive me,5
725,i cast a lonesome shadow,1
99,i'll sign my heart away,3
301,don't fall in love with a married man,1
766,a little bit lonesome,5
670,"two voices, two shadows, two faces",4
866,pins and needles (in my heart),4
870,candy kisses,2
668,misery known as heartache,4
562,multiply the heartaches,3
989,flame in my heart,4
651,don't go,3
881,what's in our heart,1
913,lonesome life,3
314,suppose tonight would be our last,2
80,fever,2
963,pledging my love,1
419,let the good times roll,3
739,oh my darlin',4
61,grieving in my heart,3
314,"a broken heart, a wedding band",2
154,you haven't heard,5
153,there's no justice,1
46,ain't it funny what a fool will do,1
162,tomorrow never comes,2
266,lonesome whistle,4
503,homestead on the farm,1
272,lorina,1
943,tell him i'm gone,2
622,tumbling tumbleweeds,5
272,sierra sue,5
372,you are my sunshine,3
330,book of love,4
841,there's no fool like a young fool,4
194,lonely little mansion,1
357,let me talk to you,3
342,the twenty-fourth hour,3
334,lonely street,4
701,don't let me cross over,2
95,leanin' on the old top rail,4
361,were you there (when they crucified my lord),5
880,the streets of laredo,1
53,why can't he be you,2
391,i love you because,1
507,the rebel,1
757,night life,2
167,back in baby's arms,5
301,cattle call,1
322,leavin' on your mind,1
884,500 miles away from home,1
166,i'd still be there,5
739,bright lights and blonde haired women,2
596,carry me back to the lone prairie,3
369,busted,1
664,abilene rose,4
189,the big battle,1
423,remember the alamo,5
547,memories are made of this,2
943,roses are red (my love),1
76,ring of fire,2
10,big wheels,1
199,with his hand on my shoulder,3
544,my wonderful one,4
664,hawaiian bells,1
309,what god has done,2
259,i wonder where you are tonight,3
547,broken-hearted lover,5
348,what am i living for,1
527,i love how you love me,5
515,lovely hula hands,3
266,i don't believe i'll fall in love today,3
837,she's lonesome again,4
130,we are the shepherds,3
152,blue christmas,2
239,here was a man,4
32,ringing the bells for jim,4
761,kneel at the cross,5
339,blue sand,3
86,i'd fight the world,2
14,after loving you,1
321,things i might have been,2
369,feed it a memory,4
611,there's power in the blood,5
743,the sea and me,4
731,love song of kalua,2
601,who at my door is standing,4
392,when the roll is called up yonder,2
356,the hawaiian wedding song,3
812,home motel,5
644,take my word,1
553,just out of reach,4
18,oh so many years,4
732,the one that got away,2
632,run boy run,2
184,hawaii's calling me,4
422,rosetta,3
913,"kuu ipo lani (my sweetheart, lani)",5
866,china doll,2
947,lynchin' party,5
145,"cold, cold heart",1
15,i've lived a lot in my time,2
337,that's all that matters,1
314,i fall to pieces,1
25,she loved everybody but me,1
790,rollin' in my sweet baby's arms,1
399,please talk to my heart,4
274,"heart, be careful",3
212,"howdy neighbor, howdy",3
39,it's lonesome,3
116,do you know my jesus,1
60,the prisoner's dream,1
453,world's worst loser,3
49,the morning paper,4
812,kicky,4
430,gone,1
181,i'm ready,4
677,higher ground,1
393,will there ever be another,4
462,alive and well,4
717,once more,5
232,i wasn't meant to live my life alone (with vince gill),2
808,unchained melody,4
498,your love,2
122,when papa played the dobro,3
54,cotton fields,4
948,house of gold,4
65,just when i needed you,3
831,take me as i am,4
318,geronimo,3
909,when your house is not a home,3
479,we could,4
557,making the rounds,4
923,my heart's bouquet,5
453,i get lonely in a hurry,1
424,something i dreamed,5
671,my tears are overdue,3
881,a little piece of my heart,2
873,i'll be there to welcome you home,4
689,still,3
32,how long is forever,4
56,take me as i am (or let me go),5
927,same old memories,1
71,this cold war with you,1
93,a way to free myself,1
676,lonely town,1
948,long way to tennessee,5
79,when i'm gone,3
662,big jack,2
969,the search is ended,2
335,"the gun, the gold and the girl",4
131,forever,2
989,me and charlie,1
69,forget marie,4
609,since you're gone,2
721,midnight hour blues,2
868,i love the life i live,5
771,a faded red ribbon,2
211,bummin' an old freight train,1
248,hutchinson jail,5
519,your heart turned left (and i was on the right),4
630,there's a limit,3
273,where does a little tear come from,1
604,always alone,3
338,danny dear,1
688,how great thou art,5
638,belshazzar,1
162,i've got to change,1
963,you'll never walk alone,5
994,indian love call,3
830,sand,1
842,till i get it right,3
679,we're strangers again,4
577,sometimes when we touch,5
676,d-i-v-o-r-c-e,2
489,i washed my hands in muddy water,4
884,golden ring,5
769,stand by your man,5
738,the race is on,3
842,my elusive dreams,3
838,apache tears,1
943,preparations to be blue,1
221,sweet dreams,5
61,are you still my baby,2
567,two story house,2
442,calypso vacation,2
482,together again,5
413,precious memories,4
679,cowboys don't shoot straight (like they used to),4
704,lonely street,5
273,i believe,2
664,they call it making love,1
891,i'll see him through,4
726,love's gonna live here,1
611,you can steal me,1
732,born to lose,3
998,i'll take you home again kathleen,1
363,sukiyaki,3
462,soft rain,2
474,you took her off my hands (now please take her off my mind),2
164,here comes my baby,1
529,talkin' to myself again,4
103,this time i almost made it,3
377,you still get to me in my dreams,4
10,it could've been so good,2
622,i still believe in fairy tales,4
164,danny boy,1
357,let's get together (one last time),1
830,it's not me,5
460,(we're not) the jet set,1
867,near you,5
422,take me to your world,5
576,walk through this world with me,5
10,book of memories,4
275,the ways to love a man,2
6,singing my song,1
718,i've been known to cry,4
790,bye bye bird,3
677,an eye for an eye,2
266,forever yours,2
328,the third man,3
753,do you hear me now,2
468,turn the lights down low,3
460,"please help me, i'm falling",4
666,down by the old river,2
224,not too long ago,4
168,i'm no longer in your heart,3
799,i thought of you,2
828,i won't forget you,2
565,together again,1
356,i don't hurt anymore,4
776,i've loved and lost again,3
441,"mama, keep your big mouth shut",3
402,born to lose,3
370,night life,4
34,fourteen men,4
366,the wild side of life,3
678,once a day,4
399,the man,4
421,the last letter,3
896,delia's gone,2
971,i'm a man of constant sorrow,2
384,it's all over now,1
750,it don't bother me,4
371,who do you love,2
206,take it easy baby,3
443,if i could hear my mother pray again,5
275,but i love you more,3
15,i catch myself crying,3
670,can i help it,4
54,refer him to me,5
311,"no tears, no regrets",4
600,if you see my heart today,4
361,but only in my dreams,5
543,two shadows on your window,3
801,little ole you,4
924,i know one,3
40,too young to die,3
30,she's fine she's mine,5
455,don't think 'cause you're pretty,1
232,just wait and see,5
258,brown to blue,4
14,oh baby doll,5
268,maybelline,5
71,walk right in,4
994,when they ring those golden bells,2
631,falling for you,3
885,you don't have far to go,5
772,one day at a time,2
784,please mr. d.j.,1
186,my own peculiar way,2
964,after effects (from loving you),5
503,sing a sad song,5
309,walking the floor over you,4
659,needle of death,5
993,tiny blue transistor radio,4
154,i'd trade all of my tomorrows,3
267,the streets of laredo,3
288,the race is on,4
732,then and only then,4
223,this song is just for you,3
310,you don't even try,1
557,night life,2
709,just a closer walk with thee,3
902,bring it on home,2
926,fraulein,2
461,the long black veil,4
375,don't you ever get tired of hurting me,1
924,make the world go away,1
136,once a day,1
866,danny boy,2
477,when it's springtime in alaska (it's forty below),2
369,touch me,4
108,don't forget (i still love you),2
724,the devil's grin,1
67,just out of reach (of my two open arms),2
908,what's he doin' in my world,5
387,25 minutes to go,3
655,it ain't me babe,3
488,the wall,5
502,if i had left it up to you,4
358,other side to this life,4
68,cool water,5
319,two empty arms,5
562,buffalo,4
931,"yes, i understand",2
983,how can i face tomorrow,1
17,funny how time slips away,4
955,life turned her that way,3
196,amigo's guitar,4
463,send me the pillow you dream on,4
654,love's been here and gone,4
432,blues on the ceiling,3
540,today,3
132,in its own little way,1
153,i still miss someone,4
208,sam hall,2
969,the worst is yet to come,5
194,from a jack to a king,4
569,here comes my baby,2
920,lonesome 7-7203,5
455,johnny reb,4
697,"the shifting, whispering sands, pt. i",2
495,then and only then,3
631,if i could see the world (through the eyes of a child),5
107,a letter from home,5
94,green grow the lilacs,5
565,stampede,2
241,cattle call,3
90,it should be easier now,3
515,walking dream,5
306,i'd rather have jesus,2
966,"what a man, my man is",5
111,the shoe goes on the other foot tonight,2
806,i still miss someone,5
956,go on home,3
89,making believe,1
787,bunny round,5
982,ain't nothin' shakin' (but the leaves),4
208,"it ain't me, babe",3
511,"quite a long, long time",4
306,"its been so long, darlin'",1
303,houston,2
89,how long is forever,5
976,something to think about,3
287,i just can't let you say goodbye,2
168,walk through this world with me,1
987,anybody's girl,5
901,seasons of my heart,4
507,i can't get there from here,3
897,that heart belongs to me,5
178,sweet thang,4
701,lonely street,5
263,behind the tear,2
110,someone before me,1
647,god gave me a heart to forgive,4
355,i never cared for you,3
411,i love you because,1
690,yesterday,3
770,peaceful waters,3
464,top of the world,1
808,the time has come,5
922,it'll never happen again,5
819,billy christian,4
114,i'll keep holding on (just to your love),1
707,don't you ever get tired (of hurting me),5
512,there goes my everything,4
197,don't touch me,2
124,my religion's not old-fashioned (but it's real genuine),3
979,paper roses,5
501,county sheriff,5
871,my little corner of the world,3
400,am i that easy to forget,4
19,take these chains from my heart,1
84,don't you believe her,3
156,today has been a day,4
35,make the world go away,4
663,my blue eyed jane,4
703,there stands the glass,1
695,aren't you that girl,2
127,the minute you're gone,2
982,along the way,4
370,somebody like me,5
504,good morning self,5
815,the long black veil,2
732,i want to go with you,5
744,nottamun town,5
76,part of the wind,1
373,i can't stop loving you,5
377,it is love,2
26,from a jack to a king,5
115,jealous heart,4
617,look into my teardrops,1
971,dixie cup of sand,4
777,"anywhere is ""home""",2
786,got leavin' on her mind,4
460,(that's what you get) for lovin' me,1
495,leave,4
23,there won't be anymore,5
655,not until the next time,3
274,a house without love,4
754,wedding bells,5
20,look into my teardrops,2
56,happiness is you,3
226,i'm a man of constant sorrow,3
825,hangover heart,2
902,you win again,1
525,rose garden,1
977,i'm a gun,1
24,the snakes crawl at night,5
345,let's turn back the years,3
115,men with broken hearts,2
657,they'll never take her love from me,1
873,i don't care (if tomorrow never comes),3
739,go and say goodbye,4
355,no matter what you do,3
430,you're the only world i know,4
403,if i kiss you (will you go away),3
753,it's another world,1
478,beer barrel polka (roll out the barrel),1
981,turn your radio on,3
946,my elusive dreams,3
456,the girls get prettier (every day),1
547,there goes my everything,1
195,ancient history,5
199,i'm not sayin',5
801,life turned her that way,5
576,busted,2
93,sixteen miles (to seven lakes),5
256,the last word in lonesome is me,4
296,you're my man,1
638,touch my heart,2
749,keep your change,4
576,san antonio rose,3
997,joshua gone barbados,1
657,sand,4
464,you i'll be following,5
220,down came the world,2
72,is it really over?,1
264,the tip of my fingers,1
570,cindy of new orleans,4
429,now everybody knows,5
85,what's left of me,3
274,but that's alright,5
128,just for you,2
496,fraulein,2
987,am i that easy to forget,4
383,put it off until tomorrow,1
357,these boots are made for walking,1
361,honky tonk town,3
613,my baby cried all night long,2
288,a broken heart and a glass of beer,5
922,falling for you,4
45,pride of man,2
70,have i stayed away too long,3
369,"you made me live, love and die",3
100,once alone,1
268,bitter wind,1
912,love is worth living,2
194,it don't work that way,1
115,i wound easy (but i heal fast),4
471,the other side of this life,5
42,a minor ballad,5
567,coloured rain,5
786,if you got it,4
82,another song to sing,4
71,i found you,4
93,are you happy?,2
621,blue for old hawaii,1
857,there goes my everything,5
628,walls,5
81,tears are falling,2
67,hula love,3
111,the walls of a prison,3
613,where do i go from here,4
58,one note man,1
765,making plans,3
536,is yours is mine,5
310,a moment isn't very long,4
322,hold me tighter,4
597,cold december (in your heart),5
687,knight-errant,1
582,my adobe hacienda,5
343,back in the race,5
863,the sun,2
792,dear mr. fantasy,1
428,put it off until tomorrow,1
81,one in a row,5
92,born to lose,1
957,go away,4
749,u.s. male,3
70,slowly,5
933,working my way through a heartache,3
817,i just can't let you say goodbye,2
777,paper mansions,5
106,i've lived a lot in my time,5
108,mary's little boy child,1
153,if i could only start over,1
800,when they ring those golden bells,3
905,words and music,5
865,across the wide missouri,4
202,there goes a man,5
896,all my dreams blue,5
2,rosanna,3
64,hummingbirds,2
846,i'll have to make some changes,1
329,more pretty girls than one,3
764,teach me to forget,4
78,if it's wrong to love you,4
14,life turned her that way,1
163,bonaparte's retreat,2
247,sorrow's tearing down the house (that happiness once built),4
530,sleep,3
219,i'm to blame,4
395,i'll wander back to you,2
781,i stayed long enough,4
545,the flint arrowhead,2
540,just dropped in,3
17,mother-in-law blues,2
34,indifference,1
649,who am i?,4
415,the day the world stood still,2
502,"run, angel, run",2
965,shantytown,5
425,death sound,1
685,what'd i say,3
102,pack up your sorrows,2
797,i don't want to throw rice,3
256,walk on out of my mind,5
978,i lived my life,5
772,i'm in no condition,1
255,good time boy,2
27,the giving and the taking,3
588,mr. soul,5
205,rock & roll woman,4
965,shadow dream song,5
931,i wasted my tears,1
205,just between you and me,4
86,there goes my everything,4
457,"oh, what a good thing we had",3
938,the party's over,2
5,gentle on my mind,3
744,help me make it through the night,4
247,suffer in silence,5
467,no man can find the war,5
577,you're my world,5
995,i can't keep away from you,5
960,grizzly bear,2
946,chilling of the evening,2
34,foolin' around,4
423,i'm living in two worlds,2
621,busted,2
488,don't waste your time,2
94,magoo,1
503,don't touch me,1
975,the devil gets his due,4
673,you've got to hide your love away,5
946,the road,5
29,niki hoeky,2
348,just between you and me,2
710,"cry, cry, cry",1
198,the everglades,5
595,the shoe goes on the other foot tonight,4
655,money cannot make the man,3
47,old sam,5
841,"woman, let me sing you a song",4
948,ruthless,3
329,there goes my everything,3
767,remember the alamo,2
527,between this time and the next time,5
116,before the next teardrop falls,4
162,dear mr. fantasy/hey jude,2
519,i makes money (money don't make me),5
264,space odyssey,5
177,when you touch me,5
237,bound to fall,5
809,"the modern adventures of plato, diogenes and freud",1
241,forever again,5
886,walking through my dreams,3
80,something's wrong,1
322,long black veil,2
277,the only way out (is to walk over me),3
834,san antonio,1
122,try being lonely,1
856,the radio song,3
546,it's been too long,1
20,missing you,3
394,ain't that a lot of love,2
388,love and learn,4
237,don't make me go to school,3
877,vagabond virgin,1
393,baby sister,2
551,run away little tears,5
496,gentle on my mind,4
824,the other woman,2
720,when there's a fire in your heart,4
138,yesterday,4
957,lonesome suzie,1
938,fool's castle,4
986,"woman, don't you ever laugh at me",3
334,christina,3
736,weakness in a man,4
214,draft morning,2
843,walking the floor over you,3
946,play me a song i can cry to,1
285,git it on brother,3
385,a wednesday in your garden,1
96,the journey,4
417,trust,1
741,you never were mine,5
704,i'm shootin' for tomorrow,1
976,travis letter,1
282,burning a hole in my mind,4
866,no time to live,1
765,try me one more time,5
70,she wears my ring,1
350,time will show the wiser,3
230,broken toys,1
25,am i that easy to forget,4
529,somebody's back in town,2
819,how long will it take,2
376,a satisfied mind,1
924,is this the beginning of the end?,1
411,sorrow (breaks a good man down),1
301,means to an end,2
496,penduli pendulum,4
471,who put all my ex's in texas,2
606,good times,4
810,courtyard,1
692,blue suede shoes,3
428,it's my way,5
776,baron saturday,2
225,medicated goo,2
763,where do i go to throw a picture away,3
238,greystone chapel,5
499,this eve of parting,5
759,today i started loving you again,1
857,buddy,1
964,little bird,3
44,i'm only a woman,4
833,my old man,3
329,happy birthday,1
385,false eyelashes,1
611,i've learned,5
296,shanghai noodle factory,1
758,it's so hard to wait,4
431,carefree country day,4
169,the legend of bonnie and clyde,2
548,flowers on the wall,4
484,speak softly (you're talking to my heart),1
774,it keeps slipping my mind,5
359,permanently lonely,2
817,four days gone,3
644,pride of man,2
348,december day,1
166,gypsy songman,2
197,gentle on my mind,3
621,gentle on my mind,3
575,ashamed,3
106,sometimes i get lucky and forget,5
566,the country hall of fame,3
838,a wonderful yesterday,3
177,pages,4
266,keep me from cryin' today,1
228,i'll share my world with you,5
555,it's not my cross to bear,2
462,god is not dead,2
450,d.i.v.o.r.c.e.,2
692,somewhere on skid row,3
247,i'm free,1
643,break my mind,5
868,sing me back home,5
29,lost woman,3
630,smiling phases,5
256,touch 'em with love,2
845,shell game,5
369,ribbon of darkness,2
265,the fourth man,3
820,sing a travelin' song,2
899,but you know i love you,1
803,blue rock,1
130,bet no one ever hurt this bad,2
97,old road,2
774,it's my time,2
808,holler in the swamp,1
181,my sweet love ain't around,1
109,butter,2
269,the river,3
648,smug,3
628,oil in my lamp,2
651,i walk alone,1
449,one has my name (the other has my heart),4
994,when the grass grows over me,3
967,i'll keep it with mine,5
901,quicksand,3
268,land of israel,1
693,i just want to look at you one more time,5
778,lonely weekends,2
283,coyote,1
521,wayfaring stranger,1
846,i'm fed up with you,1
838,sunrise,1
641,tale in hard time,5
967,beautiful,3
124,to make love sweeter for you,1
114,blue melody,4
371,nazarene,5
90,in the arms of love,2
691,games people play,2
968,long time gone,2
718,just to satisfy you,2
347,do for the others,2
775,san quentin,4
526,everybody's talkin',5
255,pre-road downs,4
873,every hand in the land,1
378,jawbone,2
47,i take a lot of pride in what i am,2
825,helplessly hoping,5
964,lookin' for a home,5
432,shady grove,5
567,i'm bringin' home good news,4
203,games people play,1
93,silver wings,4
846,silver threads and golden needles,3
700,bury my body,1
117,rock salt and nails,3
963,cotton fields,5
96,driftin' way of life,1
408,i think we're livin' in the good old days,5
554,collage,3
467,just across the way,5
968,bell bottom blues,2
797,i never once stopped loving you,5
410,all of me belongs to you,5
394,calico girlfriend,5
812,i may never pass this way again,4
634,shutting out the light,1
767,leavin' again,3
357,money can't save your soul,2
626,masters of war,3
626,looking in,2
529,yellow haired woman,1
834,your love's return,3
354,dimples,4
899,minstrel of the dawn,4
660,these days,1
188,don't play the game,5
570,all la glory,3
617,i'm so used to loving you,1
898,this time tomorrow (i'll be gone),4
706,must you throw dirt in my face,1
300,stranger to himself,1
20,keep on growing,4
613,"why, why, why",4
602,nobody knows,4
863,"oh lord, search my heart",3
864,i fall to pieces,2
859,comin' home,2
884,coming apart,5
713,mental revenge,2
728,hang on to your life,2
605,blue field,1
79,i'm crying,1
114,"hello, darlin'",3
869,one more chance,2
504,once more with feeling,2
576,broke down and busted,1
89,the thirty third of august,2
800,i looked away,2
917,"shake, shudder, shiver",3
45,he called me baby,3
222,one has my name (the other has my heart),1
938,waitin' on you,2
680,i never once stopped loving you,4
983,layla,5
86,live with me,1
489,john barleycorn,5
315,i am yours,5
929,that's how i got to memphis,5
438,ashes the rain and i,2
552,it's too late,4
251,roll away the stone,2
904,old times good times,5
713,the devil to pay,1
648,i can't even drink it away,5
768,flesh and blood,5
779,have you ever loved a woman?,4
51,a song for you,2
407,rocky top,2
3,if i were a carpenter,3
207,hello darlin',4
111,have a heart,4
520,revival,3
942,shouldn't have took more than you gave,2
998,stage fright,4
790,thanks,5
338,sing sing sing,3
631,i'll get over losing you,2
466,"rock, salt and nails",1
675,poor elijah,1
682,sleeping,5
138,face of despair,1
26,the world's gonna fall on you,5
791,a hard way to go,5
814,fixin' to die blues,1
490,i took a memory to lunch,5
129,freedom rider,5
552,world in changes,5
146,don't you ever get tired of hurtin' me,1
939,don't do it,2
446,song and dance man,2
857,mr. lovemaker,5
11,don't cry blue,2
74,gimme some lovin',1
257,if not for love,2
42,sad and deep as you,5
641,a heart don't need eyes,5
227,the mystery of the mystery,2
129,things have gone to pieces,4
820,she belongs to me,4
120,another man loved me last night,5
183,nothin' to do but today,2
249,smoke signal,2
29,a better place to live,4
514,louisiana lady,2
262,cherokee,2
668,"beat me daddy, eight to the bar",1
840,lord hold my hand,5
699,the door,2
901,let's build a world together,2
376,when the swallows come back to capistrano,4
98,english noblemen,2
336,loving you beats all i ever seen,5
425,she's all i got,1
963,bluebird revisited,3
360,medley,1
91,strange days,2
357,the king,1
989,i believe,5
184,i feel so good,2
552,abracadabra,3
565,something to brag about,5
204,cold snow,1
490,good friend,1
955,summer of roses,4
357,we loved it away,2
712,the archetypal man,5
345,things i could be,5
681,slippery st. paul,2
825,tulare dust,5
155,the ceremony,2
24,hello mary lou,1
490,changes,2
459,no time,4
189,11 months and 29 days,4
181,someday we'll look back,4
149,back in the goodle days,4
635,still doin' time,3
759,"the pilgrim, chapter 33",5
346,yesterday's wine,1
77,i used to be a king,4
728,a love song,4
980,the lamb ran away with the crown,3
512,hello darlin',1
473,bull rider,5
473,here i am,2
671,rock 'n' roll stew,4
870,if drinkin' don't kill me (her memory will),2
694,chicago,1
48,laughing,2
591,we're gonna hold on,2
950,house at pooh corner,4
641,angry eyes,3
876,music is love,2
879,my man on love,3
726,uncle lijiah,5
633,there's only one,3
555,copenhagen,3
66,me and the i.r.s.,5
384,help me make it through the night,1
104,near you,3
948,last of the blacksmiths,5
570,we can change the world,1
652,the ballad of mad dogs and englishmen,5
555,rainmaker,5
208,up on the hill where they do the boogie,2
891,turn your radio on (i),1
323,wounded bird,4
753,someone to give my love to,3
945,change partners,4
96,sleep song,3
422,my blue tears,1
78,shouldn't have took more than you gave,4
68,listen to the music,4
373,it doesn't matter,4
983,pretend i never happened,5
42,loving you is sweeter than ever,4
814,dreaming my dreams with you,2
394,pigeon song,5
417,(sittin' on) the dock of the bay,2
292,how far,3
446,breakin' down,2
912,sure didn't take him long,1
330,yours love,1
524,only in your heart,5
921,it's gonna take a little bit longer,5
126,sweet dream woman,1
378,grand ole opry song,3
82,playing in the band,4
4,got no shadow,4
812,touch your woman,3
164,we had it all,4
103,"cold, cold, cold",1
757,children,1
36,same ole me,2
21,leave them boys alone,4
44,wonderful future,5
899,jet set (sigh),4
547,golden ribbons,5
268,suspicious minds (with jessi colter),1
105,lonely street,5
819,one of my bad habits,4
241,don't start me to talkin',4
243,snake man,5
228,99 year blues,3
958,the love gangster,2
807,i think it's time she learned,4
753,bound to fall,5
308,heaven's just a sin away,5
351,keep on the sunny side,1
799,head and heart,1
266,crazy arms,4
209,whiskey,1
829,music city usa,3
210,a apolitical blues,4
943,red river valley,2
612,clyde,4
226,30 days in the hole,4
50,falling in and out of love,1
405,mamaloi,2
74,deal,1
953,the wheel,2
145,dead skunk,5
733,i'm a ramblin' man,3
192,that's how i got to memphis,4
143,we may never pass this way,4
576,"gettin' by, high and strange",5
3,this time,1
409,immigration man,2
296,white sun,3
928,delta dawn,1
666,i miss a lot of trains,3
33,old dan tucker's daughter,4
842,thinking of you,1
67,woman tonight,1
780,so begins the task,3
20,radio lover,4
537,bird song,3
348,amanda,1
549,cotton mouth,5
45,you gave me a mountain,2
901,bob wills is still the king,1
598,easy to slip,3
514,"lullabys, legends and lies",5
237,everyday (i have the blues),3
906,black sky,3
987,someday soon,3
540,lay it down,3
710,shoot out at the fantasy factory,2
581,i am the way (new york town),1
776,you'll never be the same,4
246,osteraker (san quentin),2
686,the lonely one,1
718,evil woman,1
403,walkin' all night,2
963,give it time,5
327,book ends,5
532,wolf,3
58,the better part of life,2
852,(all together now) let's fall apart,5
103,you never really wanted me,4
426,it's my life,3
925,i remember,4
420,back home,1
920,i miss you,2
136,in the hills of shiloh,3
431,our conscience you and me,2
347,living together alone,4
110,thank the day,4
111,i've got mine,1
709,after the fire is gone,4
636,if you've got love,2
286,tramp,1
24,all over me,2
897,i hate you,4
198,within without,4
890,days gone by,3
672,you should have seen me runnin,3
482,since i fell for you,5
896,jolie,4
406,down on music row,1
773,soldier of the heart,1
922,tragic magic,5
696,grave concern,1
416,papa ain't salty,4
172,got no time for trouble,4
324,national finals rodeo,3
202,gettin' by,5
444,sad songs and waltzes,2
646,grey seal,4
203,if i had a hammer,3
11,lullaby,3
803,tuesday's gone,3
770,stroker's theme,1
901,simple man,2
917,"louisiana woman, mississippi man",5
310,china grove,5
375,free bird,3
112,we just disagree,3
226,take the highway,4
288,a song for you,4
230,the captain and me,1
894,the man who couldn't cry,1
864,that's all it took,5
483,dixie on my mind,3
698,ramblin',4
374,that girl that waits on tables,2
181,cry one more time,2
23,why does love got to be so sad,3
627,local memory,1
997,without you,2
750,nobody's fool,5
13,loving arms,4
315,the devil is singing our song,5
37,release me,1
242,standing on the rock,5
508,meadows,4
218,black coffee,5
18,highway headin' south,1
576,(i'm a) road runner,4
707,pursuit on 53rd st.,3
750,do it (the way you do it),2
398,song from half mountain,2
449,stand by me,1
369,24 hours at a time,5
184,get ahold on love,1
756,we sing hallelujah,4
889,givin' it all away,5
271,that's all that matters,1
970,you don't know me,1
112,please don't let me out,5
513,mona,3
715,you could break my heart,5
994,true love ways,5
611,put your dreams away,5
718,all night laundry mat blues,1
22,it'll be her,1
602,no place to go,4
27,the hunger,1
475,let's spend the night together,5
203,blue moanin',5
154,walkin',5
242,good morning friend,4
369,sacred memories,3
972,daughters of the sea,1
37,face to face,2
375,road angel,1
269,keep on the sunny side,2
248,bring it on home to me,1
120,she's pulling me back again,5
463,(sittin' on) the dock of the bay,2
441,all the diamonds in the world,1
737,heaven or hell,1
933,something new,1
841,lover please,3
62,if i were a carpenter,5
302,where can you go?,4
310,darlin',5
345,room full of roses,3
570,that's a touch i like,3
293,would you be my lady,4
883,harmony & melody,1
195,head above the water,2
641,if i cross your mind,2
684,"willie, waylon and me",1
363,e. e. lawson,5
317,mexican divorce,5
874,houston (i'm comin' to see you),3
998,mad dog,4
867,my uncle used to love me but she died,1
349,i can't stand the rain,4
693,you're the one that taught me how to swing,2
400,that's for sure,5
902,crying steel guitar,4
48,it's too late,1
707,i'd rather be sorry,1
36,i overlooked an orchid,4
454,old man from the mountain,4
931,feats don't fail me now,4
80,living on memories of you,4
236,randy,1
201,take your time,4
506,cruisin' down the highway,4
587,hearts on fire,3
313,russian lullaby,5
739,lonely comin' down,1
560,carefree highway,2
992,love hurts,3
210,"oh, atlanta",3
489,when will i be loved,2
342,jackie blue,5
576,you're no good,4
467,"jack daniel's, if you please",3
442,sundown,1
571,highlight of my life,3
918,when someone wants to leave,2
258,please don't tell me how the story ends,3
844,sweet home alabama,2
690,southern comfort,5
899,falling down,2
362,old man took,5
558,i still can't believe you're gone,5
203,"rock is my life, and this is my song",2
884,(how will i know) i'm falling in love again,4
906,choo choo ch'boogie,2
148,if you could touch her at all,2
673,now she's gone,2
437,heaven and hell,5
321,phases and stages (theme)/washing the dishes,3
335,medley: cold cold cold / tripe face boogie,5
743,johnny too bad,4
532,county fair,1
102,better change,1
753,you can close your eyes,5
959,phases and stages (theme)/walkin',4
503,you've really got a hold on me,5
586,tears of the lonely,3
714,low down ways,4
750,changing horses,4
994,waterhole,1
463,"crying, waiting, hoping",3
155,fanfare,1
109,the crying clown,4
42,john ed sang cowpoke,3
909,flat broke love,5
746,struttin' my stuff,5
779,made to love you,5
789,we should be together,4
23,i will always love you,5
868,one more time,5
470,barstool mountain,4
564,you belong to me,3
589,deal,3
621,play on love,2
848,old tennessee,2
31,the old rugged cross,2
147,blind feeling,4
311,gonna get by,2
806,aspen/these days,3
653,walkin' and talkin',1
17,precious memories,2
788,mercenary territory,5
500,lovin' me along,1
467,brother jacob,4
925,cum hear the band,3
485,down to the line,2
668,when i'm gone,3
808,many rivers to cross,1
702,rock of ages,4
448,this old heart won't let go,5
38,don't let the blues get you down,4
660,hard times comin',1
703,miss tara,2
276,long black veil,4
36,day's dawning,2
857,that song is driving me crazy,4
851,seasons,5
717,i'm not a fool anymore,3
700,next time,4
142,"hey mister, that's me up on the jukebox",4
476,she's keepin time,1
973,(i'll give you) money,4
505,fool for the city,4
34,sleepless nights,4
553,"win, lose or draw",2
124,feelins',5
514,rags and bones,5
580,way down,1
773,my own best friend,1
989,feel for me,3
578,at the cross,2
70,dreaming my dreams with you,4
565,it makes no difference,5
753,can i sleep in your arms,1
480,amanda,2
704,forgiving you was easy,5
875,hollywood hopeful,4
99,my heros have always been cowboys,1
789,remember me (when the candle lights are gleaming),1
120,all that you dream (with linda ronstadt),3
74,the class of '57,2
852,i couldn't believe it was true,3
452,if you've got the money i've got the time,5
469,angel flying too close to the ground,1
721,rainy day people,1
764,out of hand,3
579,georgia on my mind,5
850,time of the preacher theme,2
151,never been any reason,4
666,she's actin' single (i'm drinkin' doubles),4
713,dream weaver,1
228,fooled around and fell in love,1
38,love is alive,4
833,i've been a long time leaving (but i'll be a long time gone),1
671,all of me,1
229,help me make it through the night,3
584,you're my best friend,2
6,the bargain store,1
725,there goes another love song,4
83,away from home,2
651,amazing grace,1
124,blue skies,1
411,pictures,2
146,the ties that bind,5
523,public domain,5
326,something to reach for,5
737,it takes time,3
792,old dan's records,3
523,i cheated me right out of you,1
8,cold on the shoulder,1
138,let's turn back the years,5
160,living in the promiseland,3
455,heartaches of a fool,4
496,(i'd be) a legend in my time,2
977,virginia,1
82,i'm gonna hurt her on the radio,5
44,let's all help the cowboys (sing the blues),2
360,look what thoughts will do,2
193,don quixote,1
366,thank you world,3
53,blue skies,5
311,long hot summer days,3
234,that's all right,4
880,tomorrow you'll be gone,2
670,beyond the reef,5
653,love has lost again,4
96,protocol,1
289,inside of my guitar,1
686,let my love be your pillow,4
923,so good woman,4
210,heaven and hell,5
339,precious memories,1
653,the last gunfighter ballad,3
612,"goodbye, so long",4
692,knee deep in the blues,4
209,what goes on when the sun goes down,5
641,wind of change,5
502,in the garden,3
760,there is a fountain,5
22,sweet bye & bye,4
907,go on blues,3
733,ready for the times to get better,5
954,i couldn't keep from crying,1
827,carry me away,4
57,amazing grace,3
204,daughter of a railroad man,2
336,the fire that keeps you warm,5
209,mister teardrop,3
528,my heroes have always been cowboys,3
729,race among the ruins,4
311,family reunion,1
677,i can't help myself,3
202,mohammed's radio,2
602,he's just an old love turned memory,4
476,today's the day,2
36,love lifted me,3
687,(i got the) same old blues,2
732,drivin' my life away,1
970,if you don't like hank williams,3
678,a white sport coat (with ray conniff),4
122,(ghost) riders in the sky,3
905,living on the run,4
757,i'll sleep when i'm dead,2
345,jumping jack flash,1
645,do you right tonight,3
820,white sugar,2
313,there stands the glass,4
390,song of the bandit,2
883,livin' in the west,2
153,memory,3
44,big butter and egg man,1
5,crippled crow,3
427,love surrounds me,2
256,false faces,3
375,sweet virginia,3
320,we must believe in magic,2
811,takin' the time to find,3
417,sorrow lives here,4
373,in the end,1
513,time on my hands,1
911,loose ends,2
557,it's not too late,2
296,give it away,3
844,after the ball,2
491,tug of love,2
423,gunsmoke,3
828,end of the show,3
536,heavenly blues,2
945,hearin' my heart talkin',5
214,tonight my love,5
68,mystery train,1
28,all alone,4
626,gettin' lucky,2
22,home in my hand,4
446,that's the way love goes,1
111,you're so close to me,2
160,california blues,1
317,i should have never started lovin' you,3
531,dancin' eyes,4
515,where beauty lives in memory,4
874,just think,5
370,early morning song,2
339,i never go around mirrors,1
67,i want to be with you always,5
11,album tag song,3
488,lose your heart,1
846,an old time family bluegrass band,5
103,just to satisfy you,3
80,i just wanna believe,4
89,here to love you,5
896,when i stop dreaming,5
34,ten years of this,2
133,all i wanna do in life,3
430,ain't your memory got no pride at all,1
569,bake,2
377,nothing you can do,3
489,i love you a thousand ways,2
505,always late (with your kisses),5
217,still falling for you,1
342,(putting my) heart on the line,1
855,when my last song is sung,3
802,got a letter from my kid today,2
386,getting in my way,2
828,one more time,4
76,time,4
846,holdin' on to you,2
340,laid back and wasted,3
159,"it's all wrong, but it's all right",2
47,till the end,5
492,the last gunfighter ballad,2
938,you and i,1
704,just dropped in,1
52,sweet music man,4
450,you are,3
24,what a fool believes,3
903,y'all come back saloon,1
212,that smell,5
778,applejack,3
394,it's so easy,1
131,what a difference you've made in my life,2
774,river song,5
608,some broken hearts never mend,3
857,it was almost like a song,2
555,bougainvillea,5
55,old time lovin',1
916,sweet music man,3
798,making believe,5
488,promises made,3
189,she never spoke spanish to me,4
666,once upon a time,2
739,you're the one,4
577,lessons learned,4
757,sweet caroline,2
55,friday night,4
294,i think i'm gonna kill myself,5
101,i got stripes (with george jones),2
253,if you see me getting smaller,4
526,holy man,2
481,minute by minute,2
264,cathedral,3
440,life in a song,2
435,a working man can't get nowhere today,1
370,moonshine,2
974,tears of the lonely,1
912,join the band,5
392,limehouse blues,4
529,love comes love goes,3
20,it'll be her,5
439,you've got a hold on me,1
395,song of ireland,1
986,someone loves you honey,4
877,it's a cowboy lovin' night,3
921,all that you dream,1
411,i'm a memory,1
713,i walk the line,2
335,"sleep tight, goodnight man",5
447,roll in my sweet baby's arms,2
289,feeling alright?,1
145,it's too late to love me now,3
283,love is a mystery,1
360,evileen,3
129,not fade away,5
891,chevrolet,2
253,hurting for you,5
159,heart to heart,2
536,fingernails,5
161,i love my label,5
375,no reason,1
508,suicide,5
918,love me tender,3
495,the wayward wind,2
369,lover goodbye,1
573,over the rainbow,1
789,always be together,1
164,lone wolf,1
868,onomatopoeia,5
167,della's long brown hair,4
334,all the time in the world,5
912,mohammed's radio,2
163,i wanna fall in love,5
977,maureen,3
555,all i'm missing is you,3
389,with you gone,4
256,take your time,1
101,don't believe my heart can stand another you,5
942,someday soon,4
655,nobody,3
997,we're through forever ('til tomorrow),3
445,normal love,2
307,one more time,2
528,tonight,5
862,don't want to live without it,2
467,when i'm with you,5
827,baby,3
201,unchained melody,3
130,it's been a great afternoon,4
717,"ooh baby, baby",1
199,johnny strikes up the band,4
770,my bucket's got a hole in it,4
783,mind your own business,5
185,every time two fools collide,3
93,you're gonna change (or i'm gonna leave),3
127,i really got the feeling,3
458,weary blues from waitin',4
823,i wish that i could hurt that way again,1
396,take these chains from my heart,4
801,i'm always on a mountain when i fall,3
551,september song,5
750,dear john,2
525,accidentally like a martyr,2
312,settin' the woods on fire,3
825,"lawyers, guns and money",3
777,your cheatin' heart,4
804,"hey, good lookin'",3
412,honky tonk blues,2
161,runaway,5
699,roland the headless thompson gunner,1
877,san antonio stroll,3
766,stardust,4
130,count on me,5
492,"cold, cold heart",3
677,tonight the bottle let me down,4
304,missing angel,5
613,large time,1
406,why have you left the one you left me for,3
492,i just want to love you,1
571,i'm a fool for you,5
996,i can't believe she gives it all to me,5
534,you never change,1
577,tomorrow,3
699,tule's blues,5
371,no walls no ceilings no floors,4
984,tennessee bottle,3
810,imaginary lover,2
191,let's take the long way around the world,1
343,window shopping,1
940,i won't be home no more,5
779,crazy heart,2
137,lay down beside me,5
353,plain as the pain on my face,4
75,making music for money,1
342,at the station,5
745,aw heck,2
26,i'm not gonna let it bother me tonight,2
3,indian summer,5
779,i'll be loving you,5
350,"play, guitar play",5
869,veracruz,1
357,the way we make a broken heart,3
216,honey don't,3
212,take the money and run,5
360,the last to know,3
74,star of the show,1
391,incandescent blue,4
77,without love,1
442,love is thin ice,1
363,heads or tails,3
703,there must be something about me that she loves,4
814,beggar's game,2
304,ivory tower,2
570,on the surface,4
452,after the rain,1
756,heart hotels,3
554,pegasus,5
221,run and hide,2
393,face the fire,2
114,creation dream,3
572,ballad of a small man,3
289,pay my dues,5
158,21st century schizoid man,5
469,himmler's ring,2
311,you are my sunshine,1
995,hold on,1
285,no footprints,1
546,it's gonna be a long night,4
231,woman to woman,1
40,never be you,3
917,on saturday afternoons in 1963,1
536,i know what it means to be lonesome,1
130,waiting for the ufo's,4
8,my song,3
378,walkin' to my baby,4
620,cold war (this cold war with you),1
984,when i'm gone,5
798,american squirm,2
918,roses in the winter,1
188,you got the deal,2
11,everybody makes mistakes,2
7,sail away,1
967,straight from the heart,3
436,sorrow in the wind,4
489,together again,3
906,if you gotta make a fool of somebody,2
990,i want to make you smile,2
341,your hearts not in it,3
265,"baby, better start turnin' em down",1
357,you're the captain,1
252,heartbreak hotel,1
239,little drummer boy,1
125,hickory wind,1
382,rough and rocky,3
138,let the rest of the world go by,2
386,saigon,2
487,i can't get away,5
839,too deep for tears,2
354,hard life (prelude),1
231,feel the groove,5
22,take me through the night,4
278,money honey,2
417,man on the run,1
607,i didn't mean to love you,1
403,gone (like),3
441,you needed me,1
718,my radio sure sounds good to me,5
238,tonight,2
608,babes in arms,2
748,(i don't have) anymore love songs,1
620,last cheater's waltz,5
332,down on the farm,3
730,blind man,3
98,you're the only one,5
816,all i ever need is you,2
412,down on the rio grande,5
750,only daddy that'll walk the line,3
709,somewhere down the line,3
680,20 million things,2
496,it ain't easy bein' easy,5
176,make love stay,3
646,tennessee flat top box,5
721,you decorated my life,4
665,rockin' into the night,4
27,leader of the band,4
201,jane,5
153,(ghost) riders in the sky,5
992,party time,3
582,finally,3
59,red bandana,4
213,all the gold in california,5
738,i fought the law,5
334,all my life,4
929,scratch my back,3
923,i just ain't been able,4
612,little cabin home on the hill,3
442,love and happiness,2
28,dream on,3
302,pretty paper,1
622,(hey won't you play) another somebody done somebody wrong song,5
190,phoenix,4
924,crazy blue eyes,2
24,just the same,2
823,how lucky,2
120,please don't tell me how the story ends,1
606,stone cold believer,4
129,down to my last broken heart,5
135,perfect imperfection,3
143,ladies man,5
435,nobody likes sad songs,3
70,do me with love,5
161,i can't stand the rain,1
273,blue star,2
821,sweet summer lovin',3
832,before my time,2
952,the pilgrim: chapter 33,1
722,can't take it with you,5
678,blue moon with heartache,4
321,lonely in love,5
822,love me over again,2
908,hats off,2
505,navajo wrangler,4
205,gonna have a party,4
790,getting over you,4
954,face to face,2
14,the longest road,1
801,dreamers,5
732,the woman he loves,3
763,dream on cowboy,3
325,ready,4
492,reckless abandoner,2
407,ain't it amazing,2
9,midnight rain,2
8,can't you see,2
780,if we don't make it,4
158,can't forget about you,5
339,you win again,4
398,one love,5
533,what about you,1
153,i'm a fool for loving her,5
436,one night stand,1
546,sad lookin' moon,1
685,fool for love,3
18,hittin' & runnin',1
305,the ghost of another man,1
256,same old fool,5
228,very special love,5
78,bad luck streak in dancing school,5
447,dreams die hard,2
91,the royal mile,2
826,shape i'm in,3
70,am i losing your memory or mine?,2
755,fool for your love,3
952,just enough love (for one woman),3
561,here's lookin' at you,2
613,bed of coals,1
641,under the gun,1
206,you've got a lover,4
77,save me,5
783,simple song,1
25,you're learning,5
347,ever-changing woman,1
152,seeing is believing,2
651,throw out the line,3
681,rainy nights and memories,2
643,you may see me walkin',5
752,vacation,4
126,keep on dreamin',1
795,bars shouldn't have mirrors,4
36,anni,2
844,falling again,2
674,it's good to see you,3
181,undertow,3
715,i guess i've come to live here in your eyes,4
689,honky tonk dancer,5
293,the movies,1
258,"some other place, some other time",1
639,mad love,4
609,w-o-m-a-n,5
129,i keep putting off getting over you,3
653,gold watch and chain,1
83,the arms of a fool,1
474,staying with it,3
95,roll on (eighteen wheeler),5
866,if you don't like hank williams,3
798,if you're gonna play in texas (you gotta have a fiddle in the band),4
877,fallin' again,4
976,i've aged twenty years in five,2
395,lovers live longer,4
947,shoot low sheriff!,2
478,a certain girl,3
926,carry on,4
902,hurt so bad,5
561,rockabilly blues (texas 1955),2
463,here i am fallin' again,1
794,forever's as far as i'll go,2
133,angels among us,4
214,lookin' for love,4
844,i believe in you,1
181,old flame,4
370,my heart,2
479,mountain music,2
41,see you one more time,2
97,why don't you spend the night,3
117,let me love you tonight,4
464,feels so right,5
583,1959,3
584,without love,5
425,some i wrote,5
520,bone dry,4
506,(i don't have) anymore love songs,2
875,love in the first degree,1
733,a pair of old sneakers,1
482,crying my heart out over you,3
942,beatin' the odds,1
621,his lovin' her is gettin' in my way,1
995,heartbroke,4
66,uncle pen,4
570,first things first,4
996,how do you fall in love,2
794,play it all night long,1
171,give me one more shot,5
94,five o'clock 500,4
994,do you love as good as you look,5
475,she and i,1
210,detroit city,3
829,survival,5
138,sweet music man,4
678,i don't care,2
771,heart of mine,2
803,cold hard facts of love,5
39,love can't ever get better than this,5
529,little orphan annie,2
485,tennessee rose,4
61,only the heart may know,5
794,another dream just came true,1
756,i've got you to thank for that,2
341,pledging my love,1
956,someday when things are good,1
903,ghosts,1
566,the lion's share,2
527,hangin' downtown,4
930,heartbroke,3
321,traces of the western slopes,1
949,mary,3
670,i hate music,2
784,mathilda,2
309,lady luck,4
62,dealing with the devil,5
607,river blindness,3
810,the last cheater's waltz,2
308,long tall sally,4
418,rose of cimarron,2
455,it's only love,1
414,fantasy,2
601,i would crawl all the way (to the river),5
415,love or let me be lonely,5
43,now and then,4
381,so you want to be a cowboy,2
572,i've given 'bout all i can take,1
145,tiny demons,4
57,years from now,1
239,i always get lucky with you,2
361,stolen moments,2
683,i've almost jack daniels drowned,2
194,lonesome whistle,4
570,somethin to dü,2
293,more cigarettes,3
878,slow lovemakin',5
582,thanks to you,5
318,ain't it funny the way love can do ya,1
705,two hearts don't always make a pair,5
454,i'm stoned,4
332,the greatest love affair,3
45,only you (and you alone),4
660,the partner nobody chose,1
4,i wonder if i care as much,1
334,son of a rotten gambler,4
47,everywhere i turn (there's your memory),4
640,the same old girl,5
904,i love you a thousand ways,1
339,you make me feel like a man,1
765,power play,2
824,another lonesome morning,1
634,heart of the night,5
779,texas heartache,4
496,it's all i can do,3
814,ain't much more,4
953,the purple heart,4
620,life's too long (to live like this),3
711,rattlesnake,4
927,millworker,2
372,as low as you can go,3
261,exactly like you,4
523,how long has it been,2
656,i made you a woman,3
494,i love robbing banks,2
37,honky tonk down stairs,1
542,her goodbye hit me in the heart,2
509,rivers (of the hidden funk),4
310,down and out,3
728,musta notta gotta lotta,1
491,i wish you could have turned my head (and left my heart alone),4
290,the okie from muskogee's comin' home,1
335,you're so strong,2
681,ragged old truck,1
41,still right here in my heart,2
826,everytime i hear that song,2
108,i don't care (if tomorrow never comes),3
831,quinella,5
510,share your love with me,5
112,angel of the morning,1
843,that's the way love goes,5
367,through the years,4
915,elvira,2
469,ballad of hank williams,3
31,homesick,5
467,nobody falls like a fool,2
684,reasons to quit,2
902,a place to fall apart,5
324,queen of hearts,5
113,find your way back,2
81,breaking all the rules,2
444,someone could lose a heart tonight,4
159,you take me for granted,3
198,dry county,4
921,china white,2
247,i don't know where to start,1
635,dream of me,3
251,how's my ex treating you,2
858,ramblin' man,2
360,"insane, insane again",3
747,if i knew,4
902,give a damn,1
275,tennessee waltz,3
130,chance of lovin' you,5
76,pretty girl,1
579,mona lisa,1
816,break it to me gently,4
770,somewhere in the night,4
729,big city girls,4
401,after the love slips away,3
792,uncle pen,3
341,what are we doin' in love!,3
740,poor wandering one,1
620,love don't care (whose heart it breaks),5
804,love affairs,2
817,take me home,1
808,fuck school,4
322,break of dawn,2
437,i'll fly away,5
920,sometimes lovers,1
813,years after you,2
7,sixteen ways,2
540,the teddy bear song,5
766,never be lonely,4
229,too much love to hide,5
454,hallelujah i'm ready,3
226,fool like me,4
278,right or wrong,2
791,a bridge that just won't burn,1
545,raise a voice,1
946,shoot out the lights,3
778,go,5
736,influenza,5
686,sleepwalking,5
423,there stands the glass,4
611,superstar,4
9,stick it where the sun don't shine,3
869,don't let your sweet love die,3
146,i was too busy loving you,3
419,you're getting married,1
744,sharon rae,1
219,radio land,1
246,always,3
713,back street slide,4
327,dj play my blues,2
948,without love,1
327,(lost his love) on our last date,2
25,after i sing all my songs,4
569,endings,2
27,i've been down,5
394,back door stranger,4
166,the american dream,2
371,you can't run from love,5
8,the hula hula boys,5
554,deep in the heart of texas,5
315,i have loved you girl (but not like this before),3
56,heartbroke,1
74,wall of death,2
781,into the darkness,5
452,you and i,4
765,marina del rey,2
341,fool hearted memory,2
439,the only thing i have left,2
388,inspector mills,5
260,honky tonk crazy,2
637,a fire i can't put out,3
406,dancin' cowboys,1
193,no reason to quit,4
509,why am i drinkin',3
471,busted,5
644,changes comin' on,4
96,you take me for granted,1
286,i can't change my tune,5
580,don't count the rainy days,3
420,long may you run,2
338,boogie grass band,4
555,you bring out the beast in me,1
14,i may never get to heaven,4
778,in the jailhouse now,4
557,walking on a wire,1
31,hobo dreams,3
741,we must believe in magic,3
606,he's a tryer,4
729,gonna write a letter,1
993,if you wanna get to heaven,2
797,inside,2
955,ready to run,5
884,single women,4
86,you are alive,5
111,nobody's darling but mine,5
535,still taking chances,2
129,my life's been a pleasure,2
181,last cowboy song,1
288,get naked with me,1
861,you keep runnin' away,5
599,honky tonk blues,2
70,happy birthday darlin',4
571,opportunity to cry,5
536,daylight again,1
392,write your own songs,1
288,don't you ever get tired (of hurting me),5
698,my love for the rose,4
415,don't your mem'ry ever sleep at night,4
891,one of those days,1
378,a cowboy's ways,2
456,someone to believe in,2
94,midsummer nights,5
109,both sides,1
277,twenty years ago,5
873,she's a runaway,3
366,hootenanny,3
76,better days,5
996,for her love,5
659,don't seem like we've been together all our lives,5
93,jealous heart,2
564,what does it matter,5
372,blowin' like a bandit,3
397,lush life,2
345,i hurt for you,4
465,"nobody slides, my friend",5
711,salute (a lot more livin' to do),1
932,got you on my mind,4
455,falling,3
346,junior's got a gun,3
527,how i wanted to,5
50,that's not the way (it's s'posed to be),4
1,leave it to me,2
260,death by misadventure,5
385,more than you'll ever know,2
46,strong weakness,2
450,we're here to love,2
258,nobody said it was easy,3
423,givin' it back,5
393,i just want to love you forever,5
10,don't be a stranger (with eve shapiro),1
723,the gathering,5
212,every fool has a rainbow,2
311,from here to eternity,4
109,between now and forever,1
519,what a price,4
933,river of tears,2
775,no more tears,5
790,gotta serve somebody (with lacy j. dalton),4
378,livin' for the weekend,2
680,harbor lights,1
674,living with you,4
376,treatment bound,3
671,sleepless nights,3
50,maggie,3
84,sail away,2
50,don't let me be lonely,5
669,tears,2
79,forever more,1
756,we two,3
494,all my life,4
235,when you fall in love,3
524,fifteen years going up (and one night coming down),3
966,she put the sad in all his songs,4
475,today my world slipped away,2
72,way down deep,1
901,somebody's gonna love you,5
605,be there for me baby,1
385,is it over,5
190,right or wrong,4
425,stranger in my house,1
516,i.o.u.,4
477,let's fall to pieces together,4
152,we've got tonight,4
402,potential new boyfriend,5
631,you and i,4
841,80 proof bottle of tear stopper,1
566,bet your heart on me,4
338,letters from the 9th ward / walk away rene,2
497,on the radio,1
612,try,5
789,pledging my love,1
515,misery loves company,3
809,i couldn't love you more,1
184,one more reason,4
131,down on the border,4
607,what i learned from loving you,3
250,what time is it?,4
820,rainbow sleeves,1
92,autumn leaves,2
155,if you hated me,4
771,lover man (oh where can you be?),5
966,sweet dixie,1
974,i don't stand a ghost of a chance,4
901,lovin' man,5
20,the big crash,5
122,keep my motor runnin',2
924,say it isn't true,2
251,i wonder where we'd be tonight,3
862,i'll try,3
598,whispers of the north,5
442,don't you believe him,5
168,love gets dangerous,5
513,those memories of you,2
455,most of all,4
947,swingin',3
2,it's all in the game,4
141,like soldiers do,2
580,island of no return,5
502,the night goes on,3
299,in for the kill,4
8,it turns me inside out,4
83,he broke your memory last night,5
248,we had it all,5
842,special girl,2
565,baby's got a hold on me,1
174,until it's time for you to go,1
77,livin' in the limelight,1
384,there goes my love,2
505,we'll sing in the sunshine,2
586,"turn, turn, turn (to everything there is a season)",1
141,heart to heart,3
858,you took advantage of me,1
258,lorena,3
625,runaround,4
252,live and let live,5
717,what a heartache,1
43,it's not over (if i'm not over you),2
15,falling in love again,3
83,congratulations,4
448,captain lou,4
936,back to the old house,5
521,it must be a river,4
953,fallin' off the world,1
856,showdown,5
697,lush life,3
468,call it what you want to (it's still love),5
599,oh these nights,1
633,winter wonderland,2
736,we're a perfect match,4
748,breakaway,3
716,only love can break your heart,2
157,forget about me,3
332,suburbia,4
704,she's mine,5
170,it hurts as much in texas (as it did in tennessee),5
137,she used to be somebody's baby,1
894,stereo,4
990,i might have said,5
254,one of those things,4
683,every second someone breaks a heart,1
259,i've never had it bad,4
593,(it's like you) never left at all,2
991,easy way out,3
124,summer days,3
203,someone like you,4
660,endless sleep,3
87,if i had a rocket launcher,3
831,somebody's needin' somebody,3
664,til a tear becomes a rose,5
866,i need someone like me,4
118,what did you expect me to do,2
967,any old time,3
874,i should have watched that first step,5
562,lovers in a dangerous time,1
691,layin' it on the line,2
257,love comes from the other side of town,4
461,i've got a heart full of you,4
536,one of the lonely ones,2
231,dead from the heart on down,5
764,one time for old times,3
849,honor bound,3
646,stone cold heart,1
918,ten feet away,1
750,somebody should leave,2
655,does fort worth ever cross your mind,3
438,if i'd been the one,3
974,don't close your eyes,5
218,it ain't nothin',1
682,the cowboy rides away,3
505,love is alive,3
668,you could've heard a heart break,1
474,crazy,4
211,natural high,4
962,when he was on the cross (i was on his mind),2
779,mr. pain,1
187,believe in me,4
480,what about me?,2
850,girls night out,5
481,oh what a love,3
317,the coldest day of winter,5
847,the great pretender,4
815,she don't love you (like i love you),4
929,slow healing heart,5
50,she loves my car,1
248,he's taking it hard,1
365,sweet angeline,2
250,thief in my bedroom,5
476,i'm still here,3
95,melodies and memories,1
235,night games,5
346,listen to the radio,3
78,the gypsy,4
728,she's out of my life,2
993,you never cross my mind,4
541,"i can't help myself (sugar pie, honey bunch)",4
221,sleeping heart,3
685,what would your memories do,3
714,i walk the line,4
782,the boy,2
207,still losing you,5
883,all fall down,2
731,just out of reach,4
115,slow burnin' memory,4
513,corona con lima,1
47,twentieth century fox,2
929,everyone has someone they can't forget,5
892,broken lady,1
549,backstabber,4
848,don't toss us away,4
2,"touch a hand, make a friend",5
283,15 years,2
176,rockin' chair money,1
283,i wish i had a nickel,5
230,once in a very blue moon,2
53,smokin' in the rockies,3
146,black rose,3
191,send me the pillow you dream on,1
50,feelin' the feelin',3
834,she don't know,5
245,your love,2
71,when god dips his love in my heart,3
963,here comes that rainbow again,3
135,lookin' for the time (workin' girl),2
197,the call of the wreckin' ball,4
229,love is what we make it,2
866,ain't worth the powder,3
132,tonight is christmas,2
81,leona,1
437,quittin' time,3
348,as right now,2
687,i don't hurt anymore,3
668,two lonely hearts (out of hand),2
253,it's only love again,1
425,green eyes (cryin' those blue tears),3
240,new orleans,4
219,it's such a heartache,5
795,the devil's train,5
770,i know the way to you by heart,4
294,break them down,3
699,the rose of england,5
831,when the spell is broken,2
461,all the money's gone,5
433,staying afloat,4
400,pretending to care,4
213,johnee jingo,5
740,k-s-o-s,1
607,heart to heart,1
420,i let my mind wander,3
459,except for you,2
247,colder than winter,4
482,you beat all i ever saw,1
905,ain't it always that way,4
96,i wish i could write you a song,5
303,today all over again,2
340,we live in two different worlds,1
435,home again in my heart,5
898,dear john,5
543,pass it on,3
132,old upright piano,3
569,trail of time,2
730,till i get used to the pain,4
434,"soap, soup and salvation",3
151,the distance between us,2
730,at the first fall of snow,1
578,i get the picture,2
168,working in the coal mine,2
191,i can't get you off of my mind,1
665,you sure got this ol' redneck feelin' blue,5
71,river roll on,5
803,i've got the heart for you,5
941,lefty's gone,5
243,tears for you,1
969,don't cry darlin' (recitation by george jones),2
342,real love,4
222,have i got a deal for you,2
688,sutter's mill,1
759,the last of the true believers,1
40,after all these years,2
817,silver wings,4
867,the blues come around,2
986,i'm leaving now,4
917,dreamin' with you,2
860,stone in your heart,4
302,guv'ment,3
668,southern man,1
33,if i were you,4
648,if it weren't for him,3
890,i'm a fighter,5
414,a fool such as i,4
427,my sweet love ain't around,1
672,more than a whisper,5
529,heart don't fall now,1
349,god bless the u.s.a.,5
635,in too deep,3
931,last time the first time,5
616,worlds apart,3
531,headin' west,2
516,lost love,2
890,nobody in his right mind would've left her,5
876,hearts against the wind,5
423,on the other hand,3
58,you oughta be here with me,3
412,"lawyers, guns and money",4
661,blue is not a word,1
511,diamantina drover,2
671,i heard her cryin',1
975,lookin' for a new love story,5
358,a little money honey,3
879,i've seen better days,5
30,cowboy songs,5
18,calm before the storm,2
535,viola lee blues,5
388,"look at that, look at that",3
616,santa claus is coming to town,5
162,soldier of plenty,2
164,heart of gold,1
533,the passion,4
372,never give an inch,4
245,twist of the knife,4
445,good ol' boy (gettin' tough),1
964,on the front line,1
121,don't touch me there,1
563,faces without names,1
776,born in mississippi,4
557,since i started drinkin' again,3
545,stay loose,5
269,lullaby,1
846,winter wonderland,1
733,evidence of love,5
122,bury me (feat. maria mckee),4
743,there goes my heart again,1
350,you go to my head,3
213,"for christ's sake, it's christmas",3
818,till i go down,4
171,it won't hurt,2
270,take me back,5
577,the marriage,4
832,keys to me,4
828,song of songs,1
768,falling star,1
698,no place but texas,5
502,mallee boy,1
951,hopelessly yours,2
407,attracted to pain,5
544,stand beside me,4
774,it's all comin' back to me now,2
526,"true, true housewife",3
713,me and you,2
625,a lesson in love,3
462,east of midnight,3
699,if looks could kill,5
191,i'll tag along,5
471,still hold on,4
925,over and over,5
415,it's only over for you,1
996,unhappy anniversary,5
418,walkin' in jerusalem,2
84,anything for love,2
980,i taught her everything she knows,5
376,am i blue,3
164,your long journey,3
896,above and beyond (the call of love),1
263,it's such a small world,5
319,i had my heart set on you,4
712,saturday night,5
14,montana cafe,4
871,one love at a time,4
950,miner's prayer,5
347,after the lights go out,3
239,love is the way,3
839,cow town,5
261,somebody like you,3
214,my heart cracked (but it did not break),3
892,first time i met the blues,3
558,one promise too late,3
426,nobody in his right mind would've left her,4
148,honky tonk man,4
833,diggin' up bones,2
971,on the other hand,4
688,desperado love,4
694,i'll come back as another woman,1
867,love at the five & dime,5
728,that was a close one,5
110,reasons i cheat,1
68,i love you for sentimental reasons,5
372,the storms of life,1
813,stand on it,5
269,when it's christmas time in texas,1
616,i will be there,4
431,i believe in america,1
314,there's a new kid in town,2
795,i'm never gonna roam again,1
104,the waltzing fool,1
411,if she were you,3
429,just a little love,2
786,just another love,3
748,i will always love you (in my own crazy way),5
598,today i started loving you again,4
226,why'd you go and break my heart,4
33,true blue,5
39,messin' with my mind,4
385,let the music lift you up,3
354,one in a million,1
325,walk the way the wind blows,1
874,three time loser,5
29,you still get to me,5
542,living proof,5
389,forever blue,5
431,it's not my cross to bear,3
137,don't ask the reason why,5
147,untold stories,5
663,tip of my tongue,4
679,w. lee o daniel (and the light crust dough boys),5
156,the hand that rocks the cradle,3
616,where does love go,1
834,thanks a lot,3
194,somewhere in the night,4
91,why don't you believe me,1
667,the shadow of your distant friend,2
756,rogaciano el huapanguero,1
541,"love, you ain't seen the last of me",1
157,old pictures,2
194,life turned her that way,2
671,lonely but only for you,3
458,life as we knew it,2
488,downtown train,4
875,wall of tears,1
779,i'll leave this world loving you,2
664,didn't expect it to go down this way,3
627,where could i go but to the lord,5
349,i've cried my last tear for you,2
724,from a jack to a king,5
813,goin' down hill,3
65,the old timer,3
513,precious memories,5
891,hell's half acre,4
824,dancing to the beat of a broken heart,4
436,two hearts,5
70,(hey won't you play) another somebody done somebody wrong song,5
242,the waltz you saved for me,1
724,"dr., dr.",3
611,birthday gal,2
557,this crazy love,2
115,sonny got caught in the moonlight,2
937,shooting dirty pool,3
528,suddenly single,5
342,"winkin, blinkin and nod",4
621,the crown prince,2
269,crying don't even come close,2
998,oh heart,1
958,statue of a fool,1
111,money,4
859,what it boils down to,4
615,even a dog can shake hands,2
534,stood up,4
319,i can't help the way i don't feel about you,1
158,walking the floor over you,1
808,farther along,5
777,smoke along the track,2
986,love reunited,5
347,"readin', rightin', rt. 23",3
901,always late with your kisses,1
236,the pain of loving you,1
622,life's highway,1
767,long black veil,1
817,m- o- n- e- y,4
596,all my ex's live in texas,4
420,eighteen wheels and a dozen roses,3
506,wildflowers,3
285,after the fire is gone,5
184,do ya',5
79,some fools never learn,2
799,heart trouble,5
278,black and blue,2
108,sing me an old fashioned song,1
327,she's hot to go,1
448,blue wind blew,2
84,what i've got in mind,5
796,jealous,1
696,old pictures,4
524,angel band,3
692,take the long way home,2
847,i've had enough,4
63,someone's walkin' around upstairs,3
77,reconsider me,2
993,showdown at big sky,3
488,the battle hymn of love,2
508,"teacher, teacher",4
224,making plans,1
472,alone in the dark,2
509,boom boom mancini,5
591,at the sound of the tone,5
416,i loved you yesterday,2
13,'57 chevrolet,4
326,will the wolf survive?,3
684,tender comrade,5
829,i still believe in you,2
405,roseville fair,5
861,teenage nervous breakdown,1
557,keepers,2
908,where did we go right,4
465,stewball,3
836,little time bomb,2
97,moon river,4
89,i wish i didn't love you so,1
668,chattanooga choo choo,3
502,i wish that i could fall in love today,3
734,blue to the bone,4
504,can't promise you the world,5
884,ghosts of cape horn,5
476,fear of falling,5
668,corduroy road,3
4,western stars,2
836,you took him off my hands,1
957,wild streak,3
475,break my mind,1
878,if i were king,2
868,i would change my life,2
793,it's only make believe,2
784,change of heart,2
919,dim lights,2
144,walking the floor over you,5
887,the lonely side of love,2
620,take me out to the ballgame,5
13,as long as i live,3
570,you're the one i dream about,5
732,you don't know me,3
905,i'll hold you in my heart (till i can hold you in my arms),4
453,i know you're married,2
154,hearts aren't made to break (they're made to love),3
142,i couldn't leave you if i tried,2
866,too far from the heart of it all,2
63,i'll never grow tired of you,3
425,hangdog hotel room,5
333,silly me,5
141,so many ways,4
446,danny boy,5
196,dirty looks,2
619,safe in the arms of love,2
8,hangin' on to the good times,2
144,"lock, stock and teardrops",2
912,tell her no,2
514,summer wind,5
935,tears don't care who cries them,2
808,voices on the wind,5
982,san antonio rose,1
925,don't let the stars get in your eyes,2
560,had a dream (for the heart),5
472,once in a very blue moon,2
412,everytime you touch her,2
828,our songs,3
155,long time till i get over you,1
55,there he goes,4
291,please don't ask me,4
354,real good feel good song,3
355,blue moon of kentucky,2
583,famous last words of a fool,3
540,it's a heartache,4
242,she loves my troubles away,2
779,there ain't nothing wrong (just ain't nothing right),3
984,comin down tonight,5
235,big bad john,5
123,timber i'm falling in love,2
60,an empty glass,5
985,oo-de-lally,4
196,chains,4
200,promises,2
360,sweet dreams (of you),2
343,island,1
866,goodbye time,2
317,do you believe me now,1
867,the devil's right hand,4
738,i never go around mirrors,4
645,is it that time again,3
182,g'day g'day,4
460,"bill bailey, won't you please come home",3
270,tuesday's gone,5
76,tight as twin fiddles,2
137,we ain't out of love yet,3
606,let me live with love (and die with you),3
889,love is a bridge,4
253,bouquet of roses,3
645,working on a building,4
936,i'll be easy,3
244,the blues in black and white,2
202,sweet wyoming home,5
945,long way down,3
304,(wish i had a) heart of stone,3
824,one clear moment,2
296,it's all coming back to me now,3
643,i still miss someone,2
212,old 8x10,3
630,i hear you knockin',5
277,back to bein' me,1
553,slip away,5
266,don't toss us away,4
386,don't mind if i do,3
953,i owe it all to my heart,4
236,once you love,4
518,waiting on you,3
405,it's out of my hands,1
163,hold on to god,2
454,after all this time,1
656,you are my sunshine,5
678,still within the sound of my voice (feat. aaron neville),2
792,mexican money,4
9,home on the range,3
814,tumbling tumbleweeds,4
917,thank you for the feelin',5
815,late for your life,1
960,wishing well,5
62,"leavin's been comin' (for a long, long time)",1
878,sleepless night,3
246,"angel, angelina",1
471,back to back,5
992,anywhere's better than here,5
392,asking me lies,3
710,listen to the radio,1
612,rip rip woodchip,5
984,amazing grace,3
45,this side of goodbye,5
363,two angels,4
963,don't let the sun catch you crying,4
558,have a nice rest of your life,3
140,card carryin' fool,1
924,slow healing heart,3
664,poison years,3
352,wild ripplin' waters,2
40,between the lines,5
703,terry,3
671,be my friend tonight,1
112,singing the blues,4
45,when your world was turning for me,5
177,aimless love,3
850,no stoppin' us now,5
10,sing one for sister,3
51,something of a dreamer,5
627,o bury me not on the lone prairie,1
877,wherever you are,5
418,passionate kisses,5
599,mary danced with soldiers,3
271,talk to me texas,2
566,once is enough,5
240,houston solution,4
701,hard rock bottom of your heart,3
608,walkin' away,4
118,grow old with me,2
712,if i ever fall in love again,5
676,never knew lonely,1
757,mister dj,2
943,she's all i've got going,4
8,if you were to wake up,4
401,standing on shaky ground,5
279,one good well,4
188,old rock 'n roller,4
172,don't you ever get tired (of hurting me),2
336,"walkin', talkin', cryin', barely beatin' broken heart",4
112,straight from the factory,2
155,live and learn,3
56,you're gonna leave me again,5
707,walk on,1
101,walk softly on this heart of mine,3
21,the race is on,5
320,killin' time,4
724,two dozen roses,1
138,it's just a matter of time,1
628,hillbilly rock,2
46,nothing's news,4
110,maria,3
785,good intentions,4
396,games people play,4
468,he's alive,5
259,stand by your man,4
228,somewhere in my broken heart,2
903,which way does that old pony run,1
404,bad side of the moon,3
956,rad gumbo,3
144,overnight success,2
435,who's lonely now,2
711,take a giant step,3
768,painting by numbers,5
231,somewhere between,4
640,ridin' the rodeo,4
371,crocodile tears,1
932,changes,4
540,river of time,4
546,all men are liars,1
399,gulf coast highway (with willie nelson),5
436,a spoonful blues,5
117,ghost in this house,5
912,(now and then there's) a fool such as i,3
168,stranger in my arms,4
669,around the block again,3
455,edge of sundown,5
460,listen to your heart,3
493,haven't we lost enough?,2
80,is it cold in here,4
632,i want to know you before we make love,3
668,this picture,1
31,climb that mountain high,4
187,honky tonk blues,2
798,sweet dreams,5
194,old church hymns and nursery rhymes,3
213,the red flag,3
123,her man,4
2,made in japan,3
193,the old rugged cross,1
993,put yourself in my place,5
864,when somebody loves you,5
925,looking for a way out,5
425,goin' down with my pride,3
370,watch me fall,4
387,fit to be tied down,5
276,hurt me all the time,2
168,grindstone,4
482,house of broken dreams,1
489,if i were a painting,3
215,mr. jones,3
617,you would do the same for me,2
562,that year,2
437,family bible,5
342,hey you there in the mirror,2
545,she's got a single thing in mind,3
307,fare thee well love,5
752,thirty summers,5
12,bewildered,3
244,black eye,4
663,a few good things remain,3
461,that's where i belong,5
69,family bible,1
820,too close to call,2
326,too good a memory,3
609,i wish i was still in your dreams,5
891,got you on my mind,4
870,the old man,4
788,one wink at a time,4
563,angels love bad men,1
758,texas size heartache,1
946,heroes and friends,2
873,too busy being in love,3
81,jukebox junkie,1
282,drinking champagne,2
302,down the dirt road blues,3
628,blame it on texas,1
73,it only hurts when i cry,1
322,big in vegas,3
933,rhythm of the rain,4
190,your own sweet way,4
359,songs that make a difference,1
821,feed jake,2
420,i'd be better off (in a pine box),4
584,the heart that you own,2
169,i'd love you all over again,5
350,fly me courageous,2
900,born and raised in black and white,5
646,"sad, sad music",1
662,this is your brain,3
656,will you miss me,1
531,goodbye (kelly's song),5
993,"good friends, good whiskey, good lovin'",2
735,fire on fire,1
760,hard time killin' floor blues,2
720,danger at my door,5
895,lucky man,1
283,the internationale,5
235,good times,3
553,the next time i'm in town,1
199,back in my younger days,4
384,if you want me to,5
39,starting tonight,5
924,a few good men,5
786,a heart like mine,2
126,at the crossroads,5
585,warning labels,2
849,somewhere in my broken heart,4
870,fourteen minutes old,2
413,nothing's changed here,3
866,she never spoke spanish to me,5
578,build a fire,3
296,what the heart wants,5
788,woman (sensuous woman),1
523,true to life,2
150,harbor for a lonely heart,5
770,this romeo ain't got julie yet,1
240,the gift,2
534,let it be me,3
426,tear it up,3
402,release me,5
705,when i could come home to you,5
772,(ghost) riders in the sky,4
772,the tips of my fingers,1
470,someone for me,3
176,(for every inch i've laughed) i've cried a mile,5
724,i love you so much it hurts,4
380,heartbreak u.s.a.,5
68,if i were you,5
139,you win again,4
428,victim of the game,1
841,all i can be (is a sweet memory),4
120,shadow of a doubt,2
931,the sound of your voice,4
240,point of light,4
554,king of the hill,2
127,real old-fashioned broken heart,4
73,lonesome dove,4
44,you can't roller skate in a buffalo herd,2
873,dirty old town,1
847,i've convinced everybody but me,2
876,up all night,5
364,one by one,5
37,if only your eyes could lie,3
124,take your memory with you,1
222,when two worlds collide,5
74,anna marie,3
328,searching (for someone like you),2
857,invitation to the blues,3
948,the domino theory,4
952,long day comin',5
622,anything you can spare,4
18,she made a memory out of me,1
882,little darling pal of mine,5
236,time and place for everthing,5
744,i told my heart,2
230,new patches,1
120,password,4
552,wildest dreams,4
367,dreaming my dreams with you,3
775,she found the place,5
77,between us,1
742,jealous bone,3
459,keep your distance,3
946,leave him out of this,5
466,since i don't have you,4
470,i want to be with you always,2
65,fall down easy,2
735,the strings that tie you down,3
526,they don't make years like they used to,1
707,i quit,3
22,is there any chance,5
128,like all the other times,5
433,yellow brick road turns blue,5
371,"paris, tennessee",3
869,froze over,5
308,then again,1
138,is it already time,5
461,i believe,1
642,you're gone,1
8,if there hadn't been you,5
827,someday soon,2
522,oh i'm a good old rebel,4
612,making believe,5
540,my next broken heart,1
47,daddy's hands,1
101,look at us,1
572,remember when,4
256,is there life out there,2
811,anymore,3
947,one more day,5
49,if your heart ain't busy tonight,2
483,tempted,4
101,for my broken heart,4
531,billy the kid,4
892,livin' on love,3
393,homesick,1
414,(without you) what do i do with me,2
535,sweet summer,5
982,if you see my rooster (please run him home),3
651,you really had me going,3
414,it's all in the game,1
309,letting go,5
829,they don't make hearts (like they used to),1
4,in a week or two,1
929,tell it like it is,3
687,black ghost blues,3
590,a woman loves,5
43,"oh me, oh my, sweet baby",4
566,cry not for me,3
170,walkin' the floor over me,1
559,amigo's guitar,5
15,working class hero,2
372,i can see an angel,1
435,forever together,3
583,if i didn't have you in my world,3
199,yellow rose of texas,5
787,today's lonely fool,3
155,talk back trembling lips,4
886,holdin',3
334,like we never had a broken heart,1
382,midnight,2
243,open arms,1
223,he's in dallas,1
432,the woman before me,2
23,all my roads,4
281,every second,1
204,here we go again,4
193,all of me (loves all of you),4
865,when i touch you,1
612,settled down like rain,2
250,safe side,3
264,six more miles (to the graveyard),5
104,closing time,1
797,wonderland of love,2
274,criminals,3
832,the heart won't lie,1
709,six blocks away,4
763,baltimore,3
939,live with jesus,3
813,all my love is gone,5
155,"satan, your kingdom must come down",4
22,shaky ground,1
934,pineola,1
277,another song about the rain,5
867,rockin stroll,2
828,never been rocked enough,1
308,i'm ready if you're willing,1
466,once upon a lifetime,2
3,say hello,2
240,love never broke anyone's heart,4
413,it takes a little rain (to make love grow),1
843,walking through fire,3
51,home,3
678,walls can fall,2
130,down on my knees,2
545,you're right i'm wrong,4
365,bit part,4
376,hank williams syndrome,4
107,hearts in armor,2
998,if i had it to do over,5
490,worth every mile,3
917,big harlan taylor,1
888,hammer and nails,2
347,these hills,1
410,my love for you (has turned to hate),3
795,children,5
845,just one more night,5
862,mama's opry,3
418,suspicious minds,2
489,for herself,1
400,the good old days,4
650,lonesome standard time,4
864,the log train,2
810,back in my arms again,5
103,a hundred years from now,5
664,i wish i could go back home,1
618,lilli schull,4
499,you say you will,1
352,i'd rather miss you,5
335,something 'bout you,2
346,softer than a whisper,2
497,someday,1
650,things we said today,2
230,wipe the clock,3
464,hot blood,5
540,fall in love again,4
444,she's not cryin' anymore,4
941,the battle hymn of the republic,3
888,the king of broken hearts,1
222,heartland,3
979,alone and forsaken,2
434,there's a tear in my beer,4
119,walk away renée,4
897,time off for bad behavior,3
706,our town,2
587,god bless america,1
574,tender moment,4
290,can i trust you with my heart,3
439,don't let our love start slippin' away,3
81,when did you stop loving me,4
193,t-r-o-u-b-l-e,1
82,i cross my heart,3
66,last in love,4
836,tonight i climbed the wall,2
107,"this one's gonna hurt you (for a long, long time)",1
184,just call me lonesome,2
934,tryin' to get over you,4
78,"black label, white lies",2
201,never thought i'd fall in love with you,3
185,hey good lookin',5
177,this broken heart,5
669,"someday, somewhere, somehow",1
929,not too much to ask,1
303,i was born with a broken heart,5
429,samson and delilah,1
162,if you were the woman and i was the man,2
250,it's never easy to say goodbye,5
692,ain't no good goodbye,3
116,some guys have all the love,3
377,america,5
174,dixie,4
389,danny boy,1
539,she takes my breath away,1
703,with tears in my eyes,1
577,truckin' my blues away,4
596,someday you'll call my name,5
550,my strongest weakness,3
533,sweet old world,5
854,american pride,4
122,no future in the past,1
947,no one else on earth,5
881,guacamole,3
867,it's not over (if i'm not over you),5
820,lone star state of mind,1
137,waiting for the sun,5
807,she makes me feel so good,2
931,some day baby,2
599,up to my ears in tears,3
232,just look at me,1
691,memories,1
681,high water,5
303,back to back,4
658,the old crossroads,5
922,kerosene hat,2
166,memory lane,1
784,kansas city southern,5
102,world class fad,1
246,tears in the rain,5
505,morning song for sally,1
901,hello darlin',5
246,heaven's just a sin away,3
375,the silence speaks for itself,4
803,the man that i've been,4
732,anodyne,5
892,just about now,2
44,a memory that just won't quit,5
465,what might have been,1
121,party lights,5
756,blue moon of kentucky,5
675,knockin on mine,3
934,is it over yet,4
580,welcome to the club,5
782,two steppin' mind,2
431,what's in it for me,2
609,mr. man in the moon,3
992,everywhere i go,2
369,big gay heart,2
945,fifteen keys,2
12,hand me another,5
552,splendid isolation,3
254,being around,5
316,what she left behind,5
965,money can't buy (the love we had),4
10,stay out of my arms,3
21,remedy,4
124,sick of goodbyes,1
162,crime of the century,1
153,confessin' my love,1
52,white sail,5
966,make me an island,3
668,help me make it through the night,5
979,wimoweh,3
356,lonesome johnny blues,1
892,things is changin',2
646,pale sun,4
783,april's fool,2
278,where i used to have a heart,5
284,"you were, you are, you'll always be",1
571,just around the eyes,2
118,dawn can't decide,2
649,when love was young,1
582,after you're gone,5
476,the only thing that i have left,5
478,never aim to please,3
291,life's too short to love like that,3
780,forget me,3
521,when he leaves you,5
866,i keep it under my hat,3
183,learning as you go,3
292,try not to look so pretty,4
888,we just disagree,4
516,silver threads and golden needles,2
553,my life,4
107,she used to be mine,5
699,hasn't hit me yet,4
322,i wish i could have been there,3
786,where the soul of man never dies,1
654,she can't say i didn't cry,3
147,can't break it to my heart,3
850,how can i help you say goodbye,3
581,tell me why,2
806,my baby loves me,4
817,does he love you,2
564,a thousand miles from nowhere,4
477,fast as you,4
343,ain't that lonely yet,1
783,your love amazes me,1
612,two doors down,5
698,dreaming with my eyes open,3
377,pocket of a clown,2
627,lovesick blues (with patsy cline),4
811,live until i die,3
996,"woman, sensuous woman",4
473,haunted heart,4
14,kentucky moonshine,3
63,a bible and a bus ticket home,4
26,kiss me in the car,3
85,please help me i'm falling (in love with you),4
917,nowhere train,2
282,the perfect picture (to fit my frame of mind),3
882,take me down to the infirmary,3
143,it only takes one bar (to make a prison),2
587,rollin' in my sweet baby's arms,1
837,in my own backyard,1
626,money in the bank,4
207,someone to give my love to,4
573,half the man,1
281,crying ain't dying,1
927,we don't love here anymore,5
893,in the bleak mid winter,2
274,you lay a whole lot of love on me,2
656,home for sale,5
769,give back the key to my heart,1
979,king of fools,5
244,the man in love with you,1
256,back in the saddle again,1
556,acuff-rose,3
136,still lovin' you,2
486,rose marie,1
48,indian love call,5
69,neon blue,5
449,just a memory,1
324,honky tonk healin',1
791,kick it up,4
684,all in my heart,3
997,high & dry,1
971,i'd love to change your name,2
323,adios amigo,1
912,ball and chain,2
39,i won't forget you,4
852,only daddy that'll walk the line,1
567,goodbye says it all,5
937,if i had you,3
211,separate lives,3
163,my heart will never know,5
481,blowin' smoke,5
334,i never go around mirrors,2
879,now i know,2
181,lead on,3
926,he walks with me,4
804,cherokee maiden,2
554,till all her tears are dry,1
560,billy the kid,2
514,it had to be you,4
243,in my life,2
324,hole in the wall,4
783,no one but you,2
827,honky tonk walkin',2
226,like a soldier,5
341,if there's anything i can do,3
907,badly bent,5
216,why not tonight,2
59,swing low sweet chariot,2
506,can't take that away,5
1,time don't run out on me,3
536,greatest show on earth,3
587,silver and gold,3
239,ain't found nobody,1
71,southern grace,2
231,anybody else's heart but mine,2
808,i'm comin' home,3
589,i'll always be loving you,3
250,one day at a time,1
114,if i had my way,5
604,settin' the woods on fire,5
474,cocaine blues,2
401,every once in a while,5
274,down at the bottom of a broken heart,4
875,maybe tonight,2
487,there goes my heart,1
298,i'm so lonesome i could cry,1
445,o what a thrill,4
130,whisper my name,1
850,welcome to my world,3
556,wasted days and wasted nights,2
143,the box,3
768,don't close your eyes,4
842,i'm over you,5
202,i got it honest,3
975,this woman and this man,1
246,party crowd,3
680,if i could make a living,1
431,someone else's star,5
874,go cubs go,4
266,refried dreams,5
706,not a moment too soon,3
624,lifestyles of the not so rich and famous,2
258,what a crying shame,3
158,whenever you come around,4
872,night is fallin' in my heart,2
648,what a friend we have in jesus,4
774,thank god for the radio,5
751,living waters,4
826,ten feet away,5
955,thank god for the radio,1
588,fly like a bird,2
169,the man who couldn't cry,1
900,summer in dixie,3
246,redemption,3
942,dream on texas ladies,2
614,walking away a winner,3
109,you can't make a heart love somebody,4
588,i should have been true,4
810,i'll never forgive my heart,3
153,why haven't i heard from you,3
562,summer's comin',4
958,the tin man,1
70,thirteen,5
990,i just want you,3
198,charlotte's in north carolina,4
618,i got a feelin',4
542,foolish pride,1
546,good brown gravy,3
384,safe in the arms of love,1
997,the cape,3
281,the best year of my life,4
47,heart to heart,4
748,i must be high,3
192,i will leave the light on,3
697,this time,1
952,leaving is the only way out,2
161,goodbye,4
967,six pack to go,1
175,another puff,1
527,i've been a long time leavin' (but i'll be a long time gone),2
83,what would your memories do,3
665,katy brought my guitar back today,3
443,excuse me while i break my own heart tonight,3
7,atta boy girl,4
253,i wish that i could hurt that way again,3
460,if the house is rockin',4
933,runnin' away with my heart,4
587,you got the wrong man,2
97,praying,5
796,let's be us again,4
186,live free,3
934,cold lonesome wind,1
75,heaven everyday,2
318,here comes that rainbow again,5
569,high sierra,4
30,how's the radio know,3
719,heaven sent me you,1
731,the devil's right hand,4
224,honey would you stand by me,3
160,a thousand memories,2
396,workin' it out,1
119,the crude oil blues,3
816,dear me,3
956,i volunteer,1
730,high school heart,4
915,like a john deere,2
71,the bigger the fool (the harder the fall),4
419,i thought i heard you calling my name,2
773,route,3
111,native son,1
771,heart's desire,5
526,when boy meets girl,4
496,"tall, tall trees",2
116,living in a moment,5
799,i'm not lisa,5
593,cry love,4
99,watch me,3
436,radio king,3
964,goodbye,1
320,maybe we should just sleep on it,2
577,fightin side of me,5
843,she never lets it go to her heart,1
23,foolish heart,5
98,me and you,3
349,that's as close as i'll get to loving you,4
976,"yes, i know",2
644,memory maker,2
237,ben mcculloch,2
941,they're playin' our song,4
450,here comes the rain,5
30,a cowboy's toughest ride,4
554,black diamond strings,3
526,fly me to the moon,3
971,that's how i got to memphis,1
316,long as i live,3
230,thinkin' about you,5
187,i will always love you (with vince gill),4
794,only you (and you alone),5
865,you can't lose me,2
937,where'd you hide the body,1
368,life goes on,1
500,glad and sorry,1
954,can't be really gone,3
547,back in my arms again,3
602,i fell in the water,4
385,one has my name (the other has my heart),2
693,she took a lot of pills (and died),3
448,just when i needed you most,2
340,it's time you learned about good-bye,1
758,paper wings,1
855,love ain't worth making,5
496,can i count on you,1
50,outtasite (outta mind),3
149,simple song of freedom,5
897,another you,3
19,your still standin' there,5
486,big dipper,4
953,all i have to offer you (is me),4
248,she's sure taking it well,5
992,spiritual,3
758,promises,3
216,i fall to pieces,4
299,the one rose (that's left in my heart),2
443,the wind goes,2
812,casey jones,3
951,pacing the cage,5
623,memories are made of this,4
341,if you loved me,3
996,she is gone,5
566,a woman's touch,1
546,if i fall (you're goin' with me),2
398,something more besides you,3
629,love you back,2
490,all over but the shoutin',2
494,free bird,2
253,it's your world,5
338,from what we give,4
198,kingpin,1
389,no small miracle,3
703,must've had a ball,2
730,hold on to me,5
698,more than a margarita,4
842,all because of you,1
779,don't you hear jerusalem moan?,5
338,grace / grace greater than our sin,4
405,i'm already loving you too much,5
581,what's not to love,2
842,hurts don't it,5
853,let the chips fall,4
344,long hard lesson learned,1
804,my poor old heart,1
856,cattle call,2
973,lay it down,1
361,i have to surrender,1
628,high lonesome sound,4
551,louis collins,1
946,there's only you,3
841,life gets away,2
128,say you miss me,1
654,friends,5
7,stairway of love,1
381,all that i am,2
522,please release me,1
337,hurt me,2
997,looky looky yonder / black betty / yellow women's door bells,3
127,only one and only,2
557,i do,4
974,private conversation,2
950,between the devil and me,3
613,black rose,1
941,how was i to know,4
602,little bit is better than nada,1
863,we danced anyway,2
550,rusty cage,5
103,carried away,4
640,seminole wind,4
364,straight tequila night,2
234,nobody knows,2
213,her man,3
151,(this ain't) no thinkin' thing,5
114,it's a little too late,2
101,help me make it through the night,5
292,it's a sin,2
23,my heart has a history,1
389,a common disaster,3
232,right or wrong,3
147,acony bell,2
821,unchained,5
701,how was i to know,4
774,still,3
623,yesterday when i was young,5
854,cry stampede,1
249,sea of heartbreak,2
954,everything i love,2
80,i know that hurt by heart,5
524,medley:,4
969,who i came here to forget,4
219,caryatid easy,2
653,a satisfied mind,1
922,back into your world,3
503,lonely won't leave me alone,4
60,a real good place to start,4
225,creosote,1
706,jacky don tucker (play by the rules miss all the fun),2
898,broadway,2
262,big time,4
83,trail of tears,5
367,please help me i'm falling,1
78,unchained melody,1
544,i'll never fall in love again,2
450,land of the living,4
919,jackson hole,4
312,that something in my life,4
701,i believe in a hill called mount calvary,1
982,old weakness (coming on strong),5
997,that's the way love goes,2
652,miller's cave,2
194,as the years go passing by,3
486,i believe in santa claus,5
47,my last name,2
294,too many memories,4
129,still holding on (with martina mcbride),4
352,the greatest gift of all,3
23,with bells on,4
699,johnny law,2
301,trouble,4
124,i could believe anything,2
532,thanks a lot,2
366,"wither, i'm a flower",4
168,train in vain,5
189,i'd say that's right,4
980,the ballad of the crimson kings,2
933,somebody remembers the rose,2
726,on and on,3
903,waiting to derail,4
268,matches,5
692,i hit the ground crawlin',1
582,lungs,2
913,almost over you,5
58,ridin' my thumb to mexico,2
255,dancing with the women at the bar,3
219,you light up my life,2
632,imagine that,4
969,16 days,1
155,how do i live,5
399,she's got it all,2
925,life's a dance,1
728,one night at a time,3
599,perfect love,2
382,in the jailhouse now,2
599,today my world slipped away,3
788,mohair sam,2
972,watch this,4
380,round about way,5
726,songs about texas,1
814,i'm so happy i can't stop crying,3
293,better man better off,3
697,salome,2
924,the rose,1
211,four walls,1
920,love of my life,2
683,avenues,2
207,you turn me on,2
532,"never again, again",4
249,it's all in your head,3
310,how a cowgirl says goodbye,5
819,gringo in belize,4
319,the heart never forgets,5
747,these arms,3
618,(back to the) heartbreak kid,2
249,christ for president,4
110,ariel ramirez,4
171,cover me,5
84,the hard way,3
988,what a day yesterday was,3
326,i guess i planted,4
479,a woman's love,3
448,jackson,4
966,simple man,3
833,better than it used to be,1
312,l.a. freeway,4
586,big dreams in a small town,1
380,one by one,5
32,elise,1
367,little things,2
325,maria,5
724,i can't get over you,2
324,south of santa fe,3
902,always on my mind,3
350,all roads lead to you,1
316,i've loved you all over the world,3
242,why goodbye,5
656,hard time killing floor blues,3
884,i've just destroyed the world,2
989,somebody stand by me,4
980,the closer you are,1
426,grandpa,4
668,lost love,3
666,i can too,2
739,nomadic revery (all around),4
863,forever love,1
963,farther down,2
824,everytime i cry,2
500,anger & tears,5
933,anywhere but memphis,1
319,somebody pick up my pieces,5
353,these lonely nights,4
662,i will start all over again,2
551,i've got a quarter in my pocket,4
691,death to everyone,1
480,driving the view,4
66,she's actin' single (i'm drinkin' doubles),2
939,sunset boulevard,1
748,never say die,1
690,because you love me,2
620,stand by your man,2
201,walkin' the floor over you,3
572,the note,4
710,cover you in kisses,3
621,everybody's talkin',5
165,i'll take today,3
704,now that i found you,5
658,the bluest eyes in texas,4
371,where your road leads,2
14,i do (cherish you),1
305,true,2
693,when she cries,5
439,stand up,2
949,lonely women make good lovers,3
121,you ain't much fun,1
751,no place that far,5
347,i can still feel you,1
611,i'll still be loving you,1
943,my kind of woman/my kind of man,5
249,right in time,1
941,a soft place to fall,1
310,my greatest fear,5
876,husbands and wives,4
870,we both walk,4
408,in a letter to you,5
655,long way back,5
485,teddy bear song,1
759,it's time to pay the fiddler,2
789,tell me what you dream,2
69,birds and ships (feat. natalie merchant),4
538,for you i will,4
188,dolphins,2
151,if you ever have forever in mind,4
555,the devil had a hold of me,4
999,the last memory,2
670,your memory,4
404,i'm not afraid to die,5
97,winter's come and gone,5
696,help me fall,1
817,born and raised in black and white,4
730,colour everywhere,4
323,lonely holiday,4
445,our little town,4
60,things i cannot change,5
225,cries from the midnight circus,5
157,before me and you,5
389,all the way,5
414,crush,3
760,when love fades,5
690,candyfloss,5
696,never been kissed,4
791,gone,1
349,trying to survive,3
218,heartbreakin man,1
2,on my own,2
735,wanted dead or alive,1
923,valentine,2
286,picture cards can't picture you,5
29,new old songs,3
643,shelter,4
546,lonely grill,5
208,i'll go crazy,1
621,lonesome for you,5
796,lonely and gone,4
690,we're just friends,1
971,it's a cheating situation (feat. dolores keane),4
242,jagged,5
342,if i should fall behind,1
767,unbreakable heart,1
227,domestic life,1
227,saturday night,3
943,pieholden suite,2
205,love the world away,1
726,simple as that,4
256,i look at you,1
949,all night long,4
636,a few old memories,2
166,nashville to kentucky,3
868,there you are,4
160,they ran,4
637,if all else fails,1
54,yours forever blue,1
535,i still miss someone,4
258,steady as the rain,3
931,crows,2
741,old sept blues,5
874,if a broken heart could kill,3
368,bringing out the elvis,1
539,crush on the barrel head,3
828,more,3
70,high sierra,2
722,busted afternoon,1
723,til a tear becomes a rose (feat. fiona prine),3
366,lover's return,5
260,self made man,5
878,evelyn is not real,5
397,i will be there when you die,2
519,blue devil,2
222,i'm only in it for the love,1
108,letters & drawings,1
913,i miss you the most,5
939,carrie brown,5
564,if you wanna stay,4
54,uncle pen,2
700,cryin' for nothin',2
157,he touched me,3
632,who needs pictures,4
3,god gave me you,5
792,runaway,1
175,dear john (i sent your saddle home),1
96,dallas days and fort worth nights,1
760,tattoos & scars,2
430,(we're not) the jet set (feat. iris dement),5
677,you won't ever be lonely,4
689,my next thirty years,2
860,margaritaville (with jimmy buffett),3
510,"live, laugh, love",3
993,some things never change,5
28,two teardrops,3
186,in the garden,3
825,i might get over you,2
390,it will be me,2
106,as long as i'm rockin' with you,1
932,you're the reason,2
150,learning to live with me,2
604,murder (or a heart attack),5
60,nightmare,4
992,the good mr. square,3
908,i'm the one,1
282,still holding out for you,4
369,seventeen,3
406,my name is lazarus,4
826,hole in my head,5
199,i know one (feat. emmylou harris),4
295,oh darlin',4
883,i was drunk,1
668,gangsta lean,4
145,bourbon borderline,3
238,everywhere we go,1
641,something about her blue eyes,3
998,dimming of the day / dargai,5
321,amazing grace,4
954,my next thirty years,4
743,after i fall,3
139,cynical girl,2
629,when i fall,2
60,country by the grace of god,5
758,half enough,5
913,sinner saved by grace,2
368,from time to time,2
546,one good love,5
456,killing the blues,2
989,oh what it did to me,5
900,the healing kind,4
102,no fear,5
440,i would have loved you all night long,2
185,saints & angels,2
20,i love you more today,5
430,something to write home about,2
412,reckon,3
609,keep off the grass,1
249,does my ring burn your finger,5
888,does fort worth ever cross your mind?,5
530,the black crow,1
821,on trial,3
7,rosalee mcfall,1
670,amazing grace,5
588,my strongest weakness,3
118,can i see you tonight,1
118,before my time,2
918,somewhere in between,3
847,dare to dream,5
453,sing me back home,2
819,morning wood,2
821,for my next trick i'll need a volunteer,5
783,my shit's fucked up,2
751,crossing muddy waters,4
649,the mercy seat,1
695,back at one,2
304,i see a darkness,5
247,no love today,2
391,while you loved me,4
570,titties & beer,4
178,the safe side,3
887,one voice,4
316,"i breathe in, i breathe out",5
507,every dawg,1
754,i could not ask for more,2
606,i'm movin' on,2
666,don't happen twice,4
783,i won't back down,3
826,kiss this,4
664,modern day bonnie and clyde,5
325,prayin' for daylight,5
275,murder on music row,3
453,drinkin' again,1
351,this everyday love,3
474,the best day,1
709,real live woman,2
405,man of constant sorow,1
95,livin' on borrowed time,1
676,right here,3
129,every little kiss,5
490,"helplessly, hopelessly",3
942,speak of the devil,3
618,see me through,4
932,lucky as me,3
40,the crawdad song,3
156,the woman in my life,3
873,i'm not strong enough to say no,1
889,sad songs and waltzes,5
73,waiting all my life,3
303,if you ain't lovin' (you ain't livin'),5
894,satin sheets,2
707,isn't love,1
147,old five and dimers like me,5
34,at dawn,2
35,steal your love,4
391,king of all the world,3
248,thick as thieves,3
749,gimme 8 seconds,3
565,lonely girls,5
409,the ballad of carol lynn,5
9,death of an heir of sorrows,5
844,hearts against the wind,4
243,valentine,3
941,walkin' cane,1
596,johnny's song,2
300,death is my sleezy pay,3
513,dooley,2
107,alumni blues (hot tuna),5
850,beyond the sunset,5
699,shot full of holes,4
747,blue moon,5
711,because he lives,2
509,better days,3
137,years,1
714,may it always be,1
269,time to move on,5
568,slowly,4
331,resurrection blues,5
991,honest man,5
480,far away,4
685,i'm tryin',1
971,three days straight,2
823,my life's been grand,2
994,"i can, i have, i will",1
71,tear it down,5
788,cheap whiskey,5
474,i finally found someone,4
376,borrowed time,3
878,highway 377,5
289,real life (i never was the same again),5
899,xmas curtain,3
509,a pretty good guy,1
574,secretariat,2
509,he keeps me singing,2
496,in the jailhouse now,5
424,revelator,5
231,gin and juice,3
331,living and living well,3
821,ain't nothing 'bout you,1
787,three days,3
827,castanets,4
833,sea of heartbreak,1
112,take me away from here,3
161,always late (with your kisses),3
121,never is a moment,1
190,god bless america,1
381,horseleg swastikas,2
683,missing you,4
840,part two,1
563,things change,4
587,same old song,4
67,ronnie and neil,4
544,walking to jerusalem,1
16,run to me,2
212,the tiki bar is open,2
758,back around,2
362,essence,2
916,i remember me,3
420,been there,4
395,the old rugged cross,4
706,unbroken,5
26,that's the beat of a heart,1
313,persuasion,2
613,he'll make a way,4
913,the road less traveled,2
260,come around,2
116,it only hurts when i'm breathing,3
380,the sounds,4
958,"dim lights, thick smoke (and loud, loud music)",5
610,things that scare me,2
701,mendocino county line,4
117,the last fallen hero,1
830,theme from the last waltz,3
944,ain't it just like you,2
860,when you think of me,5
143,sing me home,4
974,just dropped in,1
756,all we ever find,2
438,that's why i sing this way,4
717,westfall,2
945,days of america,2
848,who do you love (feat. ronnie hawkins),4
753,keep it comin',2
155,our love,4
369,walls of huntsville,4
708,tickin' away,1
769,one more night,1
361,i'm not in the mood (to say no)!,3
449,scarecrow,3
164,kay,3
251,illegal,1
981,walkin' with sorrow,3
543,what a shame,3
250,in my ears,4
988,when love comes around,5
652,you're not my god,3
105,sit and cry (the blues),4
369,don't need you,5
53,i slipped and fell in love,4
539,i shall be released (finale)(ensemble),1
271,amazing grace (interlude),5
217,tennessee river run,3
921,everything's a thing,4
368,a-11,1
574,old violin,1
964,i believe in love,4
493,broken,1
598,a home,1
273,i hung my head,1
150,the man comes around,5
305,19 somethin',5
301,landslide,1
500,hurt,1
935,long time gone,1
3,real good man,1
874,lost and found,5
425,mississippi mud,4
979,fall into me,2
371,in my life,4
697,constantly,3
109,stronger,5
308,pow 369,4
211,5 shots of whiskey,5
695,like i am,5
732,you,2
992,why can't you love me,4
895,marry me,4
804,too good is true,5
816,"broke, lovesick, & driftin'",3
563,poor places,2
784,can't tell me nothin',4
516,long black veil,3
895,this is my world,3
922,tear stained letter,4
520,broke down,4
650,"7 months, 39 days",3
879,ain't no particular way,1
297,can't do it today,4
490,lowlands,3
535,long way to go,2
293,old before my time,4
85,those three days,5
713,today i started loving you again,3
401,don't look away,1
695,my love will follow you,5
718,just one beer,3
74,will you remember me,3
388,"homicidal, suicidal",3
661,out here in the middle,5
728,when the pin hits the shell,3
413,back in the mud,5
938,softly and tenderly,4
845,i wanna make you cry,4
863,how far,2
221,this is god,1
361,smile,2
890,his life for mine,4
789,hold me in your arms (and let me fall),1
553,open the eyes of my heart,1
351,overtime,5
196,i will hold my ground,2
484,wildwood flower,1
16,rainbow man,4
785,prison grove,1
128,staying up all night long,3
246,whiskey tears,5
864,doublewide blues,1
330,get high to this,2
521,never be forgotten,1
904,the bottomless hole,1
392,i made a lovers prayer,4
512,she used to say that to me,5
115,mahgeeta,4
124,blame it on da bay,1
419,i pray,1
117,devil behind the wheel,1
40,gentle on my mind,1
346,waylon's guitar,2
378,off the record,2
551,red white & blue,4
95,just a closer walk with thee,2
104,in my dreams,3
892,you are my sunshine,2
874,this one's for the girls,2
257,drinkin' bone,1
968,red dirt road,3
831,what a beautiful day,1
535,i can't complain,3
660,one less tornado,5
86,drinkin' dark whiskey,3
977,heart of gold,3
811,keep me in your heart,3
929,wish it would break,2
748,just be simple,3
557,a simple life,2
155,roll in my sweet baby's arms,4
237,i've been riding with the ghost,4
507,when the sun goes down in georgia,1
627,firing line,4
855,outlaw's prayer,2
908,doubt me now,5
48,redemption song,5
142,in the garden,3
712,statistician's blues,2
840,send me the pillow you dream on,1
923,in love with a memory,3
362,the difference between a woman and a man,1
226,sinkhole,2
838,what's left of me,4
23,welcome to hell,3
16,one big holiday,5
561,holes,3
801,holdin' you,3
260,break away,3
576,don't break my heart again,4
383,saved,5
157,drinkin' 'bout you,1
144,million miles,5
609,i'm livin' for you girl,4
359,spend my time,5
798,wash away (reprise),2
968,love train,4
177,fly away,3
228,deadwood mountain,3
452,mighty lucky man,3
839,like there ain't no yesterday,3
356,do you want fries with that,4
125,outta here,2
508,these are the days,5
624,turnin' off a memory,4
571,thanks a lot,1
539,cc rider,4
917,puttin' people on the moon,2
632,wake up america,5
23,nothing short of thankful,5
93,ashgrove,5
385,corona,3
792,static on the radio,4
125,will you love me in a trailer?,1
708,i miss you with me,5
513,college,5
697,unlove me,3
766,leave me alone,1
470,tornadoes,4
538,softly and tenderly,4
784,hummingbird,5
602,corpus christi bay,2
395,tonight's not the night,3
325,the day before you,2
171,where the devil don't stay,2
653,days go by,2
301,when the sun goes down,3
243,bless the broken road,2
879,goddamn lonely love,5
644,the ballad of the kingsmen,4
330,some people change,4
351,tell it to me,5
170,don't worry 'bout a thing,1
115,stand back up,2
846,this time around,4
492,take 'em away,3
285,play something we know,5
214,in time,2
56,holy water,4
317,brass bed,1
419,satisfied mind,3
796,that's what it's all about,5
910,busted in baylor county,4
521,cold roses,2
559,what kind of fool,5
549,tell it like it is,1
601,southern comfort,4
970,dance all night,1
59,my heaven,3
583,there's a wall,3
808,let me hold you,3
654,statue of a fool,2
86,hey good lookin',2
4,this time around,3
90,i may never get over you,4
346,master of disaster,4
50,timber i'm falling,2
444,lonesome 7-7203,4
128,yours and mine,4
734,8th of november,3
73,too much on my heart,4
86,home on the range,3
826,are you washed in the blood?,5
209,funny how time slips away,4
644,keepin' up,1
995,oh baby mine (i get so lonely),3
43,if i am a stranger,4
899,how can i love you if you won't lie down,3
509,i never meant to break your heart,3
428,let her cry,4
47,i'll be yr bird,5
245,one day at a time,5
288,the freak parade,5
353,he's got the whole world in his hands,4
638,blues as i can be,3
369,hello mary lou,5
896,whenever you remember,1
925,lessons learned,5
90,you're gonna be,1
686,why,3
132,kerosene,2
915,redneck yacht club,2
108,life ain't always beautiful,2
222,i just can't live a lie,4
902,honky tonk badonkadonk,1
229,guitars and tiki bars,1
805,who you'd be today,5
591,island boy,4
211,an empty glass (that's the way the day ends),2
324,sherry's living in paradise,2
653,bones,3
965,butt ugly slut,1
965,fireflies,1
466,punks in the beerlight,1
846,it's a heartache,1
805,i just got back from hell,1
10,magic,4
981,blame the vain,2
486,long time gone,5
197,lonesome usa,5
577,the ghost of hank williams,4
360,i'm just a man,4
546,the world,1
679,down in flames,4
821,she's got a way with me,1
171,beat of your heart,3
182,some humans ain't human,5
432,stay,2
659,somebody’s trying to steal my heart,5
442,finger on the trigger,5
156,i believe in ghosts,1
62,greyhound bound for nowhere,1
683,a heart like hers,5
247,april showers,4
425,love's been good to me,5
893,gravity,5
299,where do i put her memory,5
682,take me home country roads,4
260,topanga canyon,3
600,for the turnstiles,2
466,he must have really hurt you bad,3
424,i am,5
288,broken bridges,3
205,mountains,4
198,"goodnight, irene",2
524,rebel soldier,3
464,not everybody likes us,5
386,rose of my heart,3
990,hey god,4
688,crash,1
294,silent house,3
300,burn,5
605,good thing going,1
44,it's all over,5
975,louisiana stripes,5
603,hey batter batter,4
737,don't walk away,5
666,sweet home california,2
418,to see my angel cry,4
462,standing on the edge of goodbye,1
315,way back home,3
327,call me gone,4
744,i'm just me,5
590,sanguine,5
714,william's son,5
814,i was gonna leave tomorrow anyway,5
712,when the stars go blue,5
512,before i believe it's true,2
175,livin' like a lonestar,3
66,i came to believe,2
635,shine on me,4
828,why you been gone so long,1
42,a legend in my time,4
207,are you washed in the blood,5
680,the old rugged cross,5
903,pills i took,4
843,center of my world,1
49,i'll fly away,1
933,drinkin' me lonely,2
614,thunderbird will do just fine,5
312,in the garden,4
576,the heaven i'm headed to,2
897,what a friend we have in jesus,2
313,broken,4
700,some people change,4
402,blessed assurance,2
640,words i couldn't say,5
400,fallen,1
25,can't take it with you,1
694,brand new girlfriend,3
766,white trash story,1
481,give it away,5
612,what hurts the most,3
744,how 'bout you,1
744,me and god,3
213,before she does,4
562,pledge allegiance to the hag,4
562,if you're going through hell (before the devil even knows),4
802,easy silence,5
694,cry lonely,2
39,county line,4
388,san angelo,2
376,i hear them all,1
609,i can't stop loving you,4
740,thrown out of the bar,1
21,"stand still, look pretty",2
215,backwards with time,4
670,turn your eyes upon jesus,2
311,fightin' words,5
926,softly and tenderly,5
954,leaning on the everlasting arms,1
183,i want to stroll over heaven with you,3
823,pieces,2
344,my good gal,1
533,when we all get to heaven,3
652,standing on the promises,3
588,just a matter of time,1
64,yes i do,3
86,'tis so sweet to trust in jesus,4
338,enough rope,2
8,black star,1
909,life is beautiful,3
621,before the next teardrop falls,4
302,i-35,1
79,to the dogs or whoever,4
463,close up the honky tonks,4
220,please be patient with me,1
215,living of love,3
345,none but the rain,1
446,anyway,2
529,steady rain,2
717,i would've loved you anyway,3
969,first love song,5
973,sky blue sky,2
45,unless it's kicks,2
391,merry christmas from the family,4
622,satellite radio,2
983,mandolin rain,3
593,two,1
880,cry lonely,4
392,because of you,1
111,still feels good,2
953,snake song,3
58,down in a hole,2
468,nowhere fast,3
467,cool cool rain,5
168,do you hear what i hear,4
827,you never gave up on me,3
729,who run this,2
512,when i cry,5
241,when we all get to heaven,1
470,nothin’ better to do,2
61,"sweet, sweet spirit",4
704,you're my witness,2
202,it's not love (but it's not bad),5
266,high shelf booze,1
557,getting ready,2
499,go to sleep,5
32,long way from georgia,1
897,watching airplanes,1
974,another try,1
223,do you wish it was me,3
802,back in this cigarette,1
295,"fare thee well, miss carousel",1
908,the longer the waiting,2
893,laughed until we cried,2
713,fall,1
948,if you're reading this,3
828,johnny cash,4
132,don't blink,3
845,take me there,5
467,finger on the trigger,5
606,down,4
94,i can only imagine,2
103,the pila song,3
128,let it go,4
370,not every man lives,5
544,american man,3
412,desperation,4
363,don't wait for me,5
767,a feelin' like that,2
69,sunshine,4
151,are you alright?,2
64,better as a memory,4
838,home,2
635,learning how to bend,3
956,south carolina low country,5
410,i got my game on,4
635,find my way / finale,1
120,sweet & wild,3
440,no trash in my trailer,1
866,better get to livin',1
337,give me more time,4
775,turn on the lights,4
652,home,1
121,a ghost to most,1
991,"hold on, hold on",2
289,mercy walked in,1
110,we could be looking for the same thing,5
681,angel of the morning (as heard in charlie wilson's war) (re-recorded / remastered),5
671,home is where the heart is,1
259,the ballad of scumbag country,5
246,upper middle class white trash,5
219,what i'd give,3
827,heart of stone,5
433,this is goodbye,2
271,forever,4
417,the carolinian,4
369,devil in the bottle,3
901,no love songs,4
993,what is not but could be if,4
995,stoned & alone,2
486,it's my life,1
732,i wish i could back up,2
492,mowin' down the roses,2
780,$50 dollars and a flask of crown,2
42,either way,5
133,black river killer,5
540,f*** the po-po,1
971,where i've been,3
8,i saw god today,1
351,that lonesome song,3
642,high cost of living,4
892,in color,4
197,best days of your life,3
903,long line of losers,2
305,waitin' on a woman (with andy griffith),3
30,ragged as the road,2
455,st. joseph's,2
643,i'll just hold on,2
45,dreaming my dreams with you,2
282,walk on,5
332,that song in my head,5
988,learn to live,2
247,anything goes,4
459,under the neons,4
791,frankie's gun!,4
268,bad liver and a broken heart,1
149,til the last shot's fired,4
403,lonely too long,5
974,god must really love me,5
153,angel,1
770,fight like a girl,3
970,maintain the pain,3
242,monkey and the engineer,2
595,change,5
36,strong enough,3
534,tin man,4
272,it goes on and on,5
83,salue,2
866,southern ways,5
898,getcha life right,2
824,so called homies,5
865,angel,4
271,don't listen to the radio,5
154,undone,2
488,because he lives,3
222,live it up,5
629,this tornado loves you,1
97,this is our moment,3
312,if you knew him,4
562,i'll fight,1
613,my girlfriend,1
222,sea of heartbreak,1
701,country song,1
3,missouri,2
625,queen of hearts (re-recorded / remastered),1
725,unsent letters,1
749,pacific,2
399,irreplaceable,5
537,endless ways,5
267,sex on fire,5
966,where have i been all my life,2
49,i'm still here,4
410,why's it feel so long,4
127,dad's gonna kill me,2
54,promises i've made,4
319,i hear them all,3
90,that western skyline,4
699,no tears in my eyes,1
880,pop another pill,3
975,empty glass,2
334,livin' the dream,1
885,bells of harlem,3
842,corner bar,5
931,my heart is open,3
429,thank you,5
858,play me that song,1
265,look at miss ohio,4
981,wide open,2
97,carolina,3
223,cattleman's gun,4
473,i could kick your ass,3
150,hurry home,3
504,the devil went down to georgia,3
443,nowhere fast,5
786,i keep on lovin' you,3
981,forever,2
698,shape i'm in,4
158,breaks my heart,1
889,somebody made for me,3
17,the perfect space,1
357,welcome to the future,1
735,keep the girl,1
5,lemonade,5
797,sin for a sin,1
313,me and your cigarettes,1
805,red nose,5
174,rainy night in georgia,4
668,another try,4
225,i'm alive,5
30,take me home country roads,1
639,fast,4
163,end of a dirt road (feat. roger creager & trent willmon),5
814,if i knew then,4
221,today,2
347,groovy little summer song,1
55,let it go,3
97,pound sign,3
971,all about tonight,3
687,ready to love again,2
909,tonight,2
152,my heart skips a beat,5
954,soldiers & jesus,1
85,all of a sudden,3
941,pali gap / hey baby (new rising sun),5
965,no hurry,2
964,colder weather (feat. little big town),1
579,martin,4
658,together again,3
425,nothing,5
46,all for you,4
981,a lot to learn about livin',2
328,put you in a song,1
285,down 2 die (feat. sean p),3
564,the guitar song,3
5,no regrets,5
680,my way to you,4
254,stand up,1
5,simple man,3
727,without you,2
581,mental revenge,2
878,no time,4
808,angel from montgomery,3
940,this ain't no love song,2
602,freight train,4
789,every night is friday night (without you),4
221,above and beyond,5
804,fallin' for you,2
614,rank riders anthem,4
64,cold hearted,2
416,red headed woman,2
601,seven-mile island,4
994,where the boat leaves from / one love,3
657,marry for money,2
212,whole damn town,1
165,fall into me,2
823,one more drinkin' song,1
939,hillbilly bone (feat. trace adkins),4
254,long hot summer day,4
397,as she's walking away (feat. alan jackson),5
778,ain't no grave,2
483,i won't let go,4
932,last call for the blues,1
947,black tears,4
849,playing the part,1
80,me and my boys (feat. jb and the moonshine band),2
702,love's gonna live here,3
382,tulsa time,5
293,she ain't right,5
619,saving amy,4
952,i can't love you back,5
987,the weary kind,4
809,can't cash my checks,4
809,if she could see me now,1
286,been around,3
439,hard hat and a hammer,5
863,steal you away,5
5,hell on an angel,4
137,redemption day,4
112,lucky now,3
489,good luck & true love,2
624,take it off,4
497,dancin' away with my heart,3
289,comin' around,2
453,as you turn away,4
33,better in the long run,4
145,marry me,2
340,dear diamond,4
84,easy living,2
770,i'm wearing black,4
917,edge of desire,1
165,go it alone,4
759,cold as stone,5
587,the locket,5
489,regrets,5
277,this time,1
17,who do i catch,5
547,keep on lovin' you,4
96,buckle up or bow down,1
908,we fought hard,4
706,hungover & hard up,5
428,i cross my heart,3
928,my heart's got a memory,4
608,eyes of a child,5
996,oxygen,3
489,safe,2
659,the hunter's wife,2
613,"hey, leigh",2
592,homegrown tomatoes,3
126,at calvary,4
839,gone,3
116,home grown country folk,2
385,ring them bells,3
786,here for a good time,5
132,fastest girl in town,1
383,semper fi,2
887,tangled up in you,2
405,here kitty kitty,5
843,cost of livin',4
763,i'm gettin' stoned,2
12,god gave me you,5
295,red solo cup,2
360,mama's broken heart,1
669,fake id (feat. gretchen wilson),4
689,the one that got away,3
547,massachusetts,3
809,look at miss ohio,5
30,trailer for rent,2
931,baggage claim,3
746,song for you,2
405,cry with you,2
485,glass,1
60,talk to me right,5
213,bleed red,4
191,all you ever,5
487,there's you,5
139,vicious circles,2
975,million dollar bill,3
330,no better than this,3
42,damage (feat. snow tha product),1
318,from here to the moon and back,1
584,i'll sing about mine,2
914,please remember me,5
804,life off my years,1
724,cows around,1
883,i fall to pieces,1
847,you ain't livin' yet,5
983,life,4
48,party like cowboyz,1
172,the once and future carpenter,2
836,that's gonna leave a memory,5
622,in my head,2
466,pallbearer,3
52,harden my heart,2
552,the eagle,4
67,heart of a lonely girl,4
321,party like charlie sheen,5
96,sister christian / just like paradise / nothin' but a good time,2
921,party people,2
542,gettin' down on the mountain,2
410,guide you home,3
404,to get to you (55th and 3rd),1
917,let's don't call it a night,3
426,hero,3
164,redneck nation,3
306,the littlest birds,1
328,three times a lady,5
265,guess who's knockin',1
340,empty dreams,4
359,run daddy run,2
642,ease along,1
912,who are you,1
32,leave love alone,4
217,every song i sing,4
126,home (feat. michael bublé),1
198,torn,2
270,burn.flicker.die,5
662,pbj's & pbr's,3
92,changed,3
543,unstable,2
530,back (with jake owen),2
151,before the devil knows we're dead,4
279,touch,2
526,roll me up,4
493,better dig two,5
340,let it hurt,1
685,saturday night,1
596,if you ever get lonely,1
99,parking lot party,3
118,5-1-5-0,4
350,somethin' 'bout a truck,5
812,gone gone gone,1
76,better than i used to be,2
722,my texas (feat. pat green),5
942,just another thing (feat. crucifix),1
302,february seven,1
743,1994,4
922,time is love,2
389,black tears,5
210,crying on a suitcase,3
195,thank god for hometowns,2
425,lessons learned,3
361,forever changed,3
16,you and tequila (with grace potter) (live at red rocks amphitheatre),3
502,breathe you in,1
397,way out,4
615,"i like drinking, cause it's fun",5
512,goddamn lonely love,4
158,that's why i pray,3
462,a memory and a dream,5
21,drinks up,4
369,"red, white & blue",1
546,quit while i'm ahead,2
282,walking away,2
88,party in hell,3
608,cupid's got a shotgun,3
248,last but not least,2
482,waited too long,4
470,day drinkin',2
778,there is power in the blood,5
543,different days,5
115,i wish i could break your heart,4
882,a.m.,3
233,exposed,2
381,happy on the hey now (a song for kristi),3
477,amazing grace,1
479,the dash,5
29,nineteen somethin',2
256,whiskey drinking song,4
601,pieces,3
950,shut it down,3
480,billy graham's bible,5
470,lay low,1
134,sippin on shine,2
135,oklahoma,4
176,closer tonight,2
894,signs,5
606,it's about time,3
674,if i had another heart,4
497,drink you away,5
310,just as i am,2
71,he lives,4
866,amazing grace,2
541,let it rain,2
312,day for the dead,4
792,it's such a pretty world today,3
955,it's that time of day,3
298,old habits,3
765,marley,1
573,life on a rock,5
880,blue ridge mountain song,1
934,when your lips are so close,4
522,fish in a barrel (feat. d. thrash),1
539,ride on / right on,3
612,fuzzy,2
875,keep them kisses comin',1
942,compass,2
867,if you ain't here to party,5
92,goodnight kiss,2
551,you can have the crown,1
409,if i didn't have you,5
497,outta my head,2
32,when i see this bar,1
891,roller coaster,1
396,play it again,1
207,what are you listening to?,5
775,feelin’ it,5
348,true believers,4
591,hands on you,1
922,sorry for partyin',1
370,stockholm,1
473,down this road,5
550,jealous of the angels,5
969,do you remember,1
749,speak of the devil,5
109,let's go there,2
893,don’t let me be lonely,3
711,100 miles,2
702,your side of the bed,1
214,coconut tree (with willie nelson),1
23,19 you + me,5
382,ho hey,4
102,blood brothers,5
587,text me texas,4
455,girls like that,3
893,country folks (feat. colt ford & danny boone),5
933,sidewayz (feat. sean p),5
852,holes,5
125,sing it to me,5
89,voices,2
187,nothing in particular,2
373,where the sun don't shine,3
746,don't change gone,4
518,arms of fire,2
356,me and jesus (extra special bonus track),2
690,lead me,2
431,two night town,4
154,long stretch of love,3
804,if i die tomorrow,4
960,better off (feat. vince gill),2
500,slow me down,4
636,old sh!t,5
316,bathroom sink,3
507,remind me,1
770,black moon,2
275,colloquy,3
310,goin deep (feat. luke martin),1
787,rock bottom,1
947,hell naw (feat. jawga boyz & bubba sparxxx),4
875,less than whole,3
825,don't put dirt on my grave just yet,1
446,not over you (feat. gavin degraw),4
833,love too much,2
154,headlights,3
995,gravity is a b**ch,5
69,just gettin' started,4
234,shelter from the rain,4
362,tonight we ride,2
23,(i wouldn't go there) if i were you,1
436,tell me you get lonely,5
965,black roses,1
126,home sweet home,2
625,automatic,4
13,one hell of an amen,4
811,lonely tonight (feat. ashley monroe),5
7,say you do,2
639,that’s damn rock & roll,3
248,little toy guns,5
778,riser,1
287,reckoning,5
472,crank it up,5
602,little red wagon,5
835,i like the sound of that,2
531,platinum,3
444,broke record,1
126,just let go,4
810,"we all country (feat. colt ford, sarah ross & charlie farley)",1
1,shoot from the hip,3
733,find yourself,2
748,living the dream,5
384,dozen roses & a six-pack,2
588,dark side,1
33,love the lonely out of you,4
247,kiss you tonight,5
766,close your eyes,3
721,write you a song,3
360,the one you're waiting on,2
555,"mud digger mega remix (feat. lenny cooper, colt ford, moonshine bandits, demun jones, moccasin creek & cap bailey)",4
388,lipstick,5
452,like we ain't ever,1
580,what else is new,5
209,the life you chose,1
57,"mexico, tequila and me",4
16,"look heart, no hands",2
582,huntin' the world,5
531,alone tonight,2
937,just as i am,3
192,sympathy,1
626,i'm gone,1
482,your side of town,3
857,blame it on those baby blues,3
65,here tonight,3
572,bend,4
476,are you ready for the country,1
566,sticks and stones,5
55,missing ol' johnny cash,1
249,downside of growing up,3
142,where it all begins (feat. lady antebellum),2
168,come and get it,3
540,"backroads life (feat. charlie farley, demun jones & the lacs)",1
912,my mistake,1
187,tomorrow never comes,2
297,real life,3
583,cast no stones,1
45,sometimes i cry,4
181,late to the party,2
645,better in boots,4
229,smoke,2
544,games,1
817,heavy is the head,1
676,shut up and fish,3
939,high time,5
984,remedy,5
436,i don't even want this beer,5
731,running for you,3
376,fire away,5
399,kick the dust up,3
199,it don't hurt like it used to,1
914,i'm comin' over,5
343,damn good friends,4
986,vacation,5
735,kill a word,2
479,nobody to blame,2
781,we got it right,4
461,junkyard,3
581,goodbye,1
833,hangover tonight,2
895,good ol' boys club,1
758,borrowed time,3
336,should've ran after you,3
232,ready for the times to get better,3
375,over my head,4
309,put it together,4
585,whiskey on my breath,2
43,can't get away from a good time,4
868,shut me up,5
946,i’ll be your man (song for a daughter),4
750,chattanooga lucy,1
782,the day you stop lookin' back,4
966,young and wild,3
993,last minute late night,2
55,forgetting is the hardest part,5
129,how to forget,3
462,til it's over,1
674,fine,1
122,bitch i operate,5
377,smoking jacket,3
649,lonely girl,2
729,use my heart,5
365,hand me down,3
782,i be u be,1
656,come as you are,5
354,things that break,4
224,can't be replaced,3
859,worry 'bout nothin',2
39,kiss me,4
524,zombie (feat. madchild & insane clown posse),3
202,dear life,1
642,to learn her,3
166,this plane don't go there,1
100,donald trump,2
455,party wasn't over,1
437,pawn shop,2
510,tequila eyes,3
244,shit bubba,3
183,billy's brother,2
272,one night stand,5
340,what do i do,3
823,concrete dreams (feat. cody davis),1
519,separate ways,5
661,tennessee rap,3
934,do you wish it was me?,2
770,meet me tonight,5
612,it ain't my fault,5
731,story of my life,3
861,doing it to country songs (feat. the oak ridge boys),4
371,mr. right now,3
696,when i get rich,5
942,good ole days (feat. brent cobb),2
470,our town,1
333,room to breathe,3
628,stuck in these shoes,1
815,got it good,3
365,next to me,1
918,well-rested,3
275,break on me,3
117,road trippin',5
281,i'm not the devil,3
294,learning,1
149,kiss goodbye,2
487,comin' in hot,3
610,go ahead and break my heart (feat. gwen stefani),1
386,black,3
131,the fighter,3
382,from the ground up,5
479,wish you were on it,1
430,"john cougar, john deere, john 3:16",5
12,tin man,2
513,21 summer,5
898,all around you,1
10,sinner,4
333,it won't matter anyway,1
712,whisper,3
383,that's why they make jack daniels,4
897,it feels good,1
828,first time again,1
65,bad mutha fucka,5
269,no words,1
844,straight outta cold beer,5
2,hell yeah,5
448,sea of love,1
602,lost and lonely,4
133,brace for impact (live a little),3
417,breakers roar,4
226,this old heart,5
439,like you that way,2
346,a girl is a gun,4
53,memory won't let me,4
578,on tonight,4
917,just got paid,3
654,heaven,3
727,gateway love,4
593,start over,2
691,grave,4
197,billions,5
884,castaway,1
760,lonely for you only,3
992,death before dishonor,3
995,never had a reason,1
143,sippin' on the good times,2
924,white man's world,3
647,redneck life,3
293,sit awhile,5
392,hotdamalama,4
781,sanctuary,4
873,smokin' gun,1
547,life's a party,1
641,the wurlitzer prize,4
758,i miss you bae,3
888,bro code,3
305,the devil don't sleep,1
689,chaos and clothes,4
2,the winding stair mountain blues,2
440,close enough,2
801,undeniable,2
652,never land,5
573,at least you cried,2
16,dearly departed,4
354,skin & bones,5
913,check cashin' country,4
199,somebody else's heart,5
33,life's about to get good,5
407,broken halos,3
641,lonely call,2
598,the rest of our life,3
861,shut up kenny,2
120,rich,4
935,life changes,3
698,outta style,2
442,dirt road dollars,2
508,that's all,2
386,sleep without you,1
172,somebody to thank,3
368,yours,5
87,you broke up with me,1
208,hotel key,4
972,most people are good,2
912,blacked out,3
710,up to no good livin',2
209,them stems,4
875,traveler,4
782,something's gonna get us all,2
785,the rewrite,2
633,hate goes on,4
459,only,4
661,noise,2
976,get to you,2
903,heart break,5
343,california,5
696,without your love,3
147,this night back,5
808,son of the south,4
540,tryin' to untangle my mind,5
144,cover me up,3
170,today,1
281,burnin,2
989,missing one,5
34,tough to tie down,2
166,best years of my life,1
145,unapologetically,1
536,spotlight,1
557,public enemy,2
897,wings of an angel,3
248,that song that we used to make love to,3
598,racism,2
763,huck fosier,1
63,river rat,1
136,floatin',5
244,diesel gang,2
962,graveyard,3
896,we don't,1
377,codigo,4
326,just sayin',1
191,things that we drink to,4
111,cardboard heart,3
978,fun and games,1
453,what we gonna do about it,3
196,the bullet,1
845,dirty hat,4
497,feeling good,2
578,that's how ya left me,1
775,if you met me first,5
277,"new phone, who's this",2
346,man in the mirror,5
359,saskatchewan in 1881,4
269,hands on you,5
923,blessed,2
39,"oh, what a world",2
598,bitches,4
979,catch,1
29,rearview town,4
443,parallel line,1
971,legends,1
169,chapters,4
15,downtown's dead,5
778,"woman, amen",5
408,this is it,3
302,living,5
775,break up in the end,4
636,here tonight,3
780,change your name,2
895,song for the saints,5
30,the snake,5
483,solid,1
156,cornbread,3
207,gettin' warmed up,3
423,higher wire,1
237,somebody's been drinkin',4
791,heart's having a hard time,4
850,if i ever get you back,5
257,million reasons,3
534,my world,5
769,dukes of hazzard,3
599,dirty south,1
169,change my life,4
532,shoot me straight,2
962,yada yada yada,5
443,rules of breaking up,1
574,ends of the earth,5
764,hippie radio,5
58,stupid love,5
425,feels like a party,2
722,some nights,5
65,trying like the devil,4
602,damn strait,5
907,cheatin’ songs,3
357,family tree,4
637,put me in my place,3
498,señorita,2
69,life after your leavin',4
564,lost in the night,5
413,every song’s a drinkin’ song,2
425,same asshole,3
286,ask me how i know,4
356,better than me,5
602,the ballad of the lonesome cowboy,2
902,bury my bones,1
539,american bad dream,2
447,black and white,5
136,small town talkin',5
332,solo,5
295,just the south comin' out,4
60,chicken wire,3
529,running out of people to blame,3
686,made in america,1
987,drinkin',4
60,hey hey hey,4
969,don’t threaten me with a good time,1
871,psycho,2
721,the dead don't die,3
284,ghett ol memories,2
364,"all you, all night, all summer",5
121,take me away,1
423,good and gone,2
369,a world without haggard,1
989,two more wishes,1
983,puddle of love,4
696,lets make a love song,2
82,i'm not him,5
366,i'm not leaving,3
22,further down the road,3
586,this time,2
85,rescue,3
908,"songs about me, songs about you",3
338,intro,4
94,nothin' on you,1
37,my heart is a bar,4
648,i wish grandpas never died,4
120,try saying goodbye,4
955,welcome to hazeville,5
257,almost,5
854,kick it,3
976,beer never broke my heart,3
192,the bones,5
166,clean money,3
684,refrigerator door,5
891,made for you,5
194,remember you young,4
312,heartache medication,1
288,i was jack (you were diane),3
621,waitin' on 5,2
314,ten feet away,1
19,our hearts (feat. lucie silvas),4
908,one at a time,5
530,live forever,5
544,in love by now,1
444,still,4
697,red dirt road (with cody johnson),2
59,why we drink,5
569,drink i think,2
880,livin easy,5
515,holler,4
897,puzzle of us,3
362,how about rocking with me,2
511,midnight blues,3
351,gotta find my baby,3
93,you're gonna lose your gal,5
969,i've got a crush on you,5
135,but not for me,2
375,soon,3
838,call me darling,1
989,the bigger the figure (with keely smith),5
693,one mint julep,3
828,eleanor,2
658,basta,5
68,you'll have to swing it (mr. paganini),2
812,it might as well be spring,5
626,thanks for the memory,5
150,"lover, come back to me",1
419,taking a chance on love,1
28,between the devil and the deep blue sea,1
241,yesterdays,2
498,i can't face the music,2
277,remember,4
430,no more cane on the brazo,1
764,santy anno,1
375,i'm glad there is you,3
915,what is there to say?,5
819,my heart belongs to daddy,1
660,please be kind,2
38,you leave me breathless,3
331,foolish tears,2
100,you don't know my mind,3
517,anymore,1
384,my song,2
688,saving my love for you,2
543,the masquerade is over,4
740,falling in love with love,3
79,pledging my love,2
14,blue gardenia,3
691,i've got you under my skin,3
604,willow weep for me,2
339,i could write a book,3
144,i get a kick out of you,2
197,easy living,4
470,pete kelly's blues,1
233,you go to my head,4
366,i hadn't anyone till you,5
615,alone together,5
124,lover's gold,4
799,this can't be love,1
956,dream a little longer,2
866,i wished on the moon,3
580,mule skinner blues,2
901,chilly winds,4
295,memphis blues,1
263,he's got the whole world in his hands,2
181,jack o' diamonds,3
316,new studio blues,3
88,"come along, charlie",5
162,joshua,4
387,night and day,1
302,ace in the hole,4
329,miss otis regrets (she's unable to lunch today),4
656,from this moment on,4
753,ev'ry time we say goodbye,3
572,what is this thing called love?,4
7,everybody's somebody's fool,3
80,i'm in a crying mood,1
704,get out of town,3
462,why can't you behave?,4
866,i've got you under my skin,3
877,begin the beguine,5
327,always true to you in my fashion,1
990,i concentrate on you,2
327,i get a kick out of you,2
653,too darn hot,4
861,it's delovely,5
95,let's do it,1
56,so in love,2
781,love me or leave me,5
812,deep song,2
44,you took advantage of me,4
177,good morning heartache,2
131,what is this thing called love,5
353,lover,3
598,spring is here,3
425,johnny one note,2
398,wait till you see her,4
299,some other spring,5
394,i could write a book,4
479,there is a fountain filled with blood,4
630,to keep my love alive,5
866,too marvelous for words,3
155,easy to love,2
984,solitude,5
65,you go to my head,3
898,everything i have is yours,5
247,smoke gets in your eyes,5
779,moonglow,3
791,easy living,3
177,my love will never die,3
239,jericho,3
798,them there eyes,4
434,no more,1
953,lady sings the blues,4
525,i love you so,5
792,goodbye,2
888,fly away,5
366,i cried for you,5
779,groaning the blues,1
769,a cottage for sale,2
341,all of me,5
519,good morning heartache,1
872,i've got five dollars,4
709,here in my arms,2
241,thou swell,1
389,strange fruit,5
220,while the blood runs warm,5
282,cain't no grave hold my body down,4
575,our love is here to stay,5
667,when they ring the golden bell,4
980,all alone,3
849,you grow closer,5
393,he will wash you white as snow,2
828,cha cha cha in blue,4
354,little by little,3
251,keepin' out of mischief now,3
966,forever and a day,3
249,christopher columbus,1
772,ain't you a mess,3
784,solitude,3
439,only forever,4
461,from coast to coast,3
357,ill wind,5
578,that's all i need,3
573,wishing well,2
590,in a sentimental mood,1
63,day dream,5
621,it don't mean a thing (if it ain't got that swing),3
543,stompin' at the savoy,2
597,prelude to a kiss,5
991,squatty roo,3
887,do nothing till you hear from me,3
492,lush life,4
58,all too soon,3
617,dream a little dream of me,1
616,embraceable you,1
990,downbound train,1
242,i've got my love to keep me warm,5
505,wee wee hours,1
604,they can't take that away from me,3
686,boogie woogie woman,2
474,blind love,3
68,i'm puttin' all my eggs in one basket,4
11,blues in the night,5
976,learnin' the blues,4
570,early every morning,1
358,a fine romance,3
568,5-10-15 hours,5
562,don't be that way,1
641,"you upset me, baby",5
459,speedo,4
291,drown in my own tears,5
707,she's a sweet one,4
69,long distance call,1
57,everyday i have the blues,3
382,lucky lips,5
800,louisiana blues,1
465,she moves me,5
698,i'm ready,3
829,woke up this morning (my baby she was gone),5
891,we'll be together again,2
13,so long,2
804,woe is me,3
740,zoom,4
66,bli-blip,2
625,i wonder why ?,4
240,old man river,2
464,you're blase,1
481,you are,1
184,what's new,2
676,don cha go way mad,3
483,mood indigo,5
740,did you ever love a woman,3
244,"gee baby, ain't i good to you",4
620,what can i do,1
984,just a-sittin' and a-rockin',1
543,you know i love you,4
636,lost mind,4
447,drifting heart,1
242,that old feeling,3
333,for heaven's sake,2
901,just you just me,2
749,my life,3
706,"love, life and money",2
631,out of this world,2
176,you hit the spot,4
130,race you down the mountain,4
699,as long as i live,1
342,teardrops from my eyes,3
492,i get along without you very well,3
378,let yourself go,1
606,dance around,1
787,you keep coming back like a song,3
761,"top hat, white tie, and tails",2
747,i can't give you anything but love,4
508,sweet and lovely,3
526,i'm putting all my eggs in one basket,1
998,pitiful,1
611,put your finger in the air,5
747,you're something else,4
577,go on to school,3
380,supper time,1
324,alexander's ragtime band,5
529,the song is ended,1
957,you've changed,5
715,sweet lovin' you,4
777,goin' home baby,2
203,pledging my love,4
717,for all we know,5
850,your love is all i need,5
574,my one and only love,2
994,i miss you so,5
636,violets for your furs,5
986,little jazz,2
44,april in paris,1
254,moonlight on the ganges,5
926,all by myself,4
415,dearest darling,4
712,get thee behind me satan,4
150,bad blood,1
175,somebody in my home,1
675,yes indeed!,2
93,strollin',5
814,bess you is my woman now,1
608,it ain't necessarily so,1
68,little turtle dove,1
287,the right time,3
418,the blues are brewin',5
580,guilty,2
841,blackjack,5
220,oh baby doll,4
134,hush your mouth,5
37,all or nothing at all,5
244,i got plenty o' nuttin',1
128,no place to go (you gonna wreck my life),3
501,love is here to stay,3
950,lover man,2
495,moanin' at midnight,3
424,who do you love,4
160,how many more years,1
490,april in paris,5
723,evil (is going on),5
837,forty four,4
312,mood indigo,1
309,bring it to jerome,1
572,fever,2
948,candy,5
991,love me or leave me,2
49,now or never,4
879,ill wind,5
2,remember,2
621,i love paris,2
519,if you are but a dream,3
401,saving my life for you,1
951,"swing low, sweet chariot",5
247,strange things happening every day,1
488,time to say goodbye,3
470,deep purple,1
562,so long baby,1
117,i love you so,4
55,"i've got papers on you, baby",1
506,the fool,3
247,talkin' 'bout you,1
616,yellow coat,3
105,what you want wid bess?,3
173,temptation,5
393,orange colored sky,3
697,always,4
427,a woman is a sometime thing,5
665,let's face the music and dance,2
366,it's too late,5
959,it's a lovely day today,2
779,"oh, doctor jesus",1
106,la jaunda,3
203,john henry,2
927,why don't you do right,4
531,that's my home,1
282,let me explain,2
187,so rare,2
972,the music goes 'round and around,5
374,swingin' shepherd blues,1
640,moonglow,5
315,of thee i sing,3
589,it's not for me to say,2
466,i'll never be the same,2
345,i've grown accustomed to his face,4
806,beat me daddy eight to the bar,2
566,the real american folk song,4
807,deed i do,5
254,when your lover has gone,4
258,i was doing all right,3
661,like young,3
586,he's got the whole world in his hands,2
111,i wanna be loved,2
748,my gal is red hot,1
328,bring back those happy days,4
400,crowing rooster,5
139,sweets' blues,3
883,please forgive me,4
880,baby move on,5
403,am i blue,1
796,black is the color of my true love's hair,1
504,duncan and brady,3
711,strike up the band,1
874,that's enough,4
211,all the way,4
657,walkin' the boogie,1
742,embraceable you,2
564,just for a thrill,1
778,don't start me to talkin',5
287,blue skies,5
520,what a diff'rence a day made,1
105,carol,5
157,the other woman,4
368,short fat fannie,1
421,gloria,3
900,alexander's ragtime band,3
438,don't let the sun catch you cryin',5
442,little queenie,4
598,johnny b. goode,5
446,time after time,2
122,you go to my head,5
149,by strauss,3
801,tomorrow (we will meet once more),3
233,can't get out of this mood,2
1,stompin' at the savoy,5
689,ole time religion,1
585,forty days,5
882,i won't cry anymore,2
986,last time for love,5
727,you've been gone too long,4
252,if you were the only girl,1
301,isn't it a pity,1
701,that certain feeling,1
534,love walked in,2
394,"swing low, sweet chariot",2
479,that's him over there,5
816,try a little tenderness,5
249,blue prelude,1
140,slap that bass,4
348,for you for me for evermore,5
249,sometimes i'm happy,1
922,save a seat for me,5
515,you took advantage of me,3
25,solitaire,3
142,i'm thru with love,1
301,things are looking up,3
255,it might as well be spring,4
882,(i've got) beginner's luck,2
949,there'll be some changes made,3
573,don't worry 'bout me,4
282,the lord have mercy on me,4
724,night,2
531,"it's been a long, long time",2
924,looking back,4
826,you'll never walk alone,2
262,southern exposure,4
257,freedom road,1
826,stranger blues,3
27,azure,5
768,the sky is crying,5
569,close together,3
704,again,4
270,"hey, hey",3
366,i do,4
902,mopper's blues,4
755,there goes my heart,2
166,i feel so good,5
242,my heart cries,1
108,girl of my dreams,1
565,anything to say you're mine,3
532,if i can't have you,5
319,i need some money,1
478,my dearest darling,5
9,trust in me,4
738,baby (you've got what it takes),1
791,all i could do was cry,2
902,you'd be so nice to come home to,3
60,childhood sweetheart,4
292,where can you be,5
203,i'll survive,5
711,days of old,1
254,i just want to sing your name,4
413,night and day,5
289,teach me tonight,3
495,"baby, we've got love",2
936,i need lots of love,2
404,if i lost you,5
463,long nights (the feeling they call the blues),1
301,i was blind,3
28,one of these days,4
414,keep on loving you,4
42,in the evening by the moonlight,5
342,that's my story,4
287,found love,3
815,there's a hand leading me,2
868,ain't that a shame,5
164,don juan,5
254,bo diddley is a lover,1
973,congo,5
793,ya ya,2
274,mad man blues,1
785,i've been trying,4
589,love me,1
356,your love,1
92,promises,2
977,if i had a million dollars,1
20,i believe to my soul,3
336,early in the morning,2
456,just me and my telephone,4
550,good news,5
648,joy ride,3
292,ac-cent-tchu-ate the positive,2
776,love is the only thing,4
910,"music, music, music",3
708,i'll dry my tears,1
14,it's only a paper moon,5
31,half ain't been told,3
898,in my diary,5
580,it ain't necessarily so,4
655,stop and listen,3
352,sweet sixteen,2
262,sweet lover,5
968,midnight special,3
652,stormy weather,3
961,gin house blues,4
530,when the sun comes out,1
757,"hong kong, mississippi",5
609,hard-headed woman,1
478,i've got the world on a string,4
475,shut your mouth,4
486,ain't that just like a woman,3
890,this time the dream's on me,5
319,little star,3
814,two loves,4
952,he's gone,1
204,"i surrender, dear",4
166,kissin' by the mistletoe,1
388,when they ask about you,5
125,without the one you love,4
821,merry mending,1
371,try a little tenderness,5
264,stand by,3
55,you never miss a good thing,3
317,private eye,4
735,do it,1
222,dirty overalls (my dirty overhauls),5
687,bristol stomp,2
7,stretch out,2
287,the tear of the year,5
782,the greatest hurt,4
74,broken hearted,4
154,you can't hide it,4
70,don't touch,3
337,blue holiday,1
617,your very first love,3
319,georgia on my mind,1
161,keep your hands to yourself (she's mine),1
162,your mind is on vacation,3
147,wang dang doodle,3
410,don't ask me to be lonely,5
501,spoonful,1
641,green onions,1
270,i don't worry about a thing,3
30,thirty days,5
803,ac-cent-tchu-ate the positive,2
468,lover man (oh where can you be),2
734,blues before sunrise,3
401,all of me,3
105,just in time,4
413,i'm sitting on top of the world,1
634,after you've gone,3
650,it don't mean a thing (if it ain't got that swing),5
807,just for a thrill,3
381,solitude,2
748,walkin',5
560,just for you,5
57,i wanna be loved,1
554,just out of reach (of my two empty arms),5
280,will you miss me?,5
216,nobody like you,1
848,do nothin' till you hear from me,3
380,bye bye blackbird,5
718,something to live for,2
327,it's a blue world,2
613,a long time ago,3
475,the gift of love,4
446,birmingham blues,3
793,it's all right,1
685,every night,2
481,my little brown book,5
183,time for the madison,5
876,havin' a good time,5
834,"how long, how long blues",3
238,maybelline,5
333,"shame, shame, shame",2
743,don't say goodnight and mean goodbye,5
527,hear me talking to ya,1
518,will i find my love today,1
209,goodnight my love,5
821,baby don't you weep,4
529,sundown,3
473,you shouldn't have left,3
337,the man and the donkey,4
437,if i never get to heaven,1
891,you've got her,4
585,poor boy long ways from home,2
496,still got the blues,3
462,nobody knows the way i feel this morning,2
999,don't come running back to me,3
840,looking through a tear,1
346,ooh-poo-pah-doo,4
973,believe in me,1
846,tossin' and turnin',2
514,can your monkey do the dog,5
409,laughing on the outside,5
812,all i can do is cry,5
959,900 miles,4
332,into each life some rain must fall,4
580,if you live,4
481,why was i born?,5
555,whatever lola wants,2
98,as long as you love me,2
236,when i grow too old to dream,5
418,all the things you are,4
795,young man's blues,2
938,my last affair,4
928,don't look back,1
739,your letter,4
40,your cheatin' heart,1
153,my summer love,2
862,riding the waves,4
116,i got a right to cry,4
690,by the way,5
411,memphis,4
506,trick or treat,2
186,remind me,4
993,would you love me,2
213,yesterdays,5
989,if ever i would leave you,4
643,moonlight and music,4
55,heartaches,3
1,you've come home,2
385,when i see you,4
601,she didn't say yes,4
596,the black swan,4
547,the jitterbug,2
399,you always hurt the one you love,4
97,till the end of time,2
554,that's what love will do,4
142,when you got a good friend,2
592,maudie,4
852,without you,2
72,georgia on my mind,4
579,ten to one,5
523,somewhere,5
702,september song,3
778,never again,3
657,mistreated mama blues,2
511,the sweetest sounds,2
31,the thrill is gone,5
199,sister kate,3
858,hurt,4
931,i stand alone,5
654,i believe to my soul,5
11,when you dance,4
289,love theme,1
517,rain is such a lonesome sound,1
994,go bobby soxer,1
13,my john the conqueror root,5
710,too marvelous for words,2
377,country boy,5
727,i've been there,1
36,every little bit hurts,5
269,something wonderful,3
194,winter wonderland,1
833,drinking again,2
692,night song,1
765,what a diff'rence a day made,5
617,i need you so,5
607,pretty polly,1
297,you send me,4
24,walk on by,2
977,pain in my heart,5
387,keep on pushing,3
250,these arms of mine,3
2,you wanted to change me,3
151,the shoop shoop song (it's in his kiss),4
654,talkin' 'bout you,1
312,oh death,1
895,long distance,4
251,pirate jenny,4
907,can't buy me love,5
994,lucille,2
487,the right time,5
518,blue feeling,3
761,two sides of love,3
143,somebody help me,3
992,single-o,2
420,a monster,2
678,a woman who loves me,3
497,don't let it hide,4
884,hurt,2
275,trav'lin light,5
928,i can't wait until i see my baby's face,1
338,nobody knows the way i feel this morning,2
859,brenda lee,2
741,i made a mistake,5
832,if i should lose you,4
612,walk on by,1
714,"cold, cold heart",4
284,someone to love me,4
213,go limp,1
574,dream (when you’re feeling blue),2
690,every little bit hurts,3
988,i can't wait until i see my baby,3
173,my girl,4
784,ole man trouble,5
379,that's what love is made of,2
859,i'd rather drink muddy water,2
858,f-e-e-l,2
792,come see about me,4
650,take this hurt off me,5
533,boss guitar,5
657,checkin' up on my baby,1
150,i can't stand it,1
256,how you've changed,5
874,how can i say goodbye,4
93,vaya con dios,4
628,i cry,2
700,do right,3
810,with god on our side,1
531,everyday we rock and roll,1
647,something to live for,5
510,it's my own business,5
638,straighten up your heart,1
647,just one kiss from you,4
947,falling in love with you,3
326,woke up this mornin',2
263,july tree,1
641,you've got to learn,1
418,one september day,4
312,bury my body,1
139,i'm gonna change the world,1
904,strange fruit,1
155,that's how strong my love is,4
546,bring it on home to me,2
518,i want to thank you,3
615,tomorrow is my turn,1
461,boogie chillun,5
453,night time is the right time,4
73,high blood pressure,2
158,good golly miss molly,3
53,i wish someone would care,1
197,i believe to my soul,2
577,boss hoss,4
137,end of the line,1
437,keep your arms around me,4
195,for miss caulker,4
115,mr. tambourine man,3
654,red rooster,5
443,it's too late,3
548,i can't make your way,3
457,out of bad luck,4
164,hot house of omagararshid,3
261,ever since the world began,2
490,falling in love again,2
628,i got a mind to give up living,4
376,"get out of my life, woman",4
680,see see rider (special bonus track/stereo version),5
422,you better believe it,1
403,and i like it,1
785,get out of my life,5
254,go to her,1
535,hey there lonely boy,2
834,help me girl (bonus track),1
76,nearer blessed lord,2
704,you're on my mind,1
962,come tomorrow,3
175,for myself,4
102,another man,3
807,double crossin' time,4
942,look away,5
968,trying to get back on my feet,3
502,i know,3
536,the hunt,1
805,sweet bitter love,3
625,key to love,3
930,the usual place,3
403,high time,5
776,mr. zero,1
411,spring is here,5
863,"baubles, bangles and beads",4
957,you don't have to say you love me,1
761,just let go,1
157,dreaming,3
811,shake it baby,2
46,sleepy time time,1
553,built for comfort,5
510,"oh, how to do now",5
491,she put the hurt on me,2
144,we do wie du,1
316,whispers (getting louder),1
80,boom boom (bonus track),1
211,don't slip away,2
886,the shadow of your smile,5
781,it's growing,1
64,i love your lovin' ways,2
198,if i should lose you,5
296,it ain't right,4
663,break down and let it all out,5
541,why keep on breaking my heart,4
751,shut up,5
605,this year's kisses,2
734,the natchez burnin',1
292,monk time,2
683,see saw,4
815,i need your loving,5
660,my mind's eye,2
720,don't hurt me no more,5
209,cry before i go,2
378,are you lonely for me baby,2
344,mind gardens,2
164,the death of j.b. lenoir,4
960,tell it like it is,1
785,wild tyme,4
240,come ye,5
333,consummation,2
23,keeper of the flame,3
57,he ain't comin' home no more,2
485,what's it all about,2
243,the old rugged cross,5
994,only the black rose,1
36,me and my woman,4
931,the last wall of the castle,2
632,night life,2
864,it takes two,2
331,don't leave me,2
429,little games,3
780,that's all it takes (lady),5
351,it came upon a midnight clear,1
190,the sounds,1
124,chevrolet,5
799,glimpses,2
394,for what it's worth,3
846,kaleidoscope,1
229,love until i die,2
902,runaway,3
890,who will be next,5
403,as the years go passing by,3
198,he was really sayin' somethin',2
993,i got to love somebody's baby,3
260,mr. lucky,3
530,"ooh carla, ooh otis",5
749,too many ways,1
601,(you make me feel like) a natural woman,5
51,plastic fantastic lover,1
985,blue condition,3
755,young girl sunday blues,2
901,i can't keep from crying sometimes,3
520,white rabbit,1
443,we're going wrong,5
506,in the morning,5
170,can you see me,5
507,manic depression,5
863,are you experienced?,3
619,may this be love,5
227,call on me,2
901,strange brew,4
974,today,3
669,sunshine of your love,2
883,drown in my own tears,2
291,do i move you?,2
671,remember,5
761,i don't live today,3
611,swlabr,2
614,a hard road,2
895,go to hell,1
664,two heads,1
796,real real,2
487,i shall be released,3
879,love o' love,5
533,light is faster than sound,2
618,i love my baby,5
969,ramblin' rose,1
344,whatever i am (you made me),5
133,i'm gonna leave you,3
44,watch her ride,3
820,the road song,1
561,lookin' good,5
871,blindman,5
973,i do really love you,2
924,the stumble,1
916,bang bang,1
371,back up train,1
18,i feel so good (i wanna boogie),3
406,possession,2
225,all over again,5
422,watch yourself,4
760,moonshine,1
440,(sittin' on) the dock of the bay,3
827,run for cover,2
456,funky fever,5
586,gramophone man,1
524,faster than the speed of life,5
251,it hurts me so much,3
56,tighten up your wig,5
672,wicked lady,4
883,an owl song,2
429,mandrake root,2
865,my mirage,4
18,none of your doing,4
362,there is,3
438,the huckle-buck,4
574,rock me baby,5
675,gone away,5
864,old man going,4
636,ice in the sun,5
545,a song for jeffrey,2
394,losing faith in you,5
174,moog raga,5
69,spiritual fantasy,1
444,love help me,1
616,shadows,4
637,in my own dream,4
142,you can't win,3
921,slippin' around,4
341,raining in my heart,4
541,life and death,1
289,house burning down,5
731,i love you more than words can say,4
292,in my first mind,3
417,papa's got a brand new bag,2
898,checkin' up on my baby,5
418,let's spend the night together,1
759,paying the cost to be the boss,5
444,watch dog,1
120,slip away,1
224,the pusher,4
271,piece of my heart,1
788,i say a little prayer,1
673,i'd rather go blind,5
150,let's go get stoned,3
205,ain't got no,1
219,burning of the midnight lamp,5
690,stay in my corner,2
467,mama roux,3
683,shapes of things,3
929,goin' down slow,2
453,"get out of my life, woman",3
160,crown of creation,5
606,i can't see myself leaving you,5
198,triad,1
858,passing the time,5
510,night time is the right time,4
568,those were the days,3
842,louis to frisco,2
316,people get ready,4
454,evil woman,1
827,over-lovin' you,1
388,i'm gonna fight for you j.b.,4
947,come on in my kitchen,2
305,can't sleep this night,3
869,plynth (water down the drain),5
233,good shepherd,3
856,we used to know,1
601,no amount of loving,4
281,living in the past,5
74,time was,4
189,a new day yesterday,3
72,no good,2
519,as good as you've been to this world,3
469,do i still figure in your life?,1
53,i'd rather go blind,3
135,stoned woman,3
216,the letter,3
753,the laws must change,2
711,the other side of this life,2
760,i'll drown in my tears,3
704,as long as i have you,5
634,sleeping by her side,2
694,i am the blues,3
800,feelin' alright,3
387,don't waste my time,1
92,i'll let nothing seperate us,4
925,your feeling is mine,4
842,in the times of our lives,3
571,soul experience,2
510,my feeling for the blues,1
173,i'm a changed man,5
468,the stomp,1
365,power play,1
75,why didn't rosemary?,1
362,bad scene,5
403,sweet soul music,3
946,key to my kingdom,3
882,sandpaper cadillac,3
868,(your love has lifted me) higher and higher,3
228,everything's coming our way,1
367,do what you like,2
555,blue and lonesome,4
436,badge,2
393,1969,4
308,feelin' alright,4
934,can't find my way home,5
378,black magic woman,1
405,blind man,5
234,had to cry today,5
902,kick out the jams,3
489,move over,1
56,not right,1
225,we can be together,1
514,every day i have the blues,4
482,what a bringdown,1
646,look into the sun,2
663,real cool time,3
35,hope you're feeling better,3
500,too weak to fight,1
381,master heartache,1
757,spoonful,5
620,tonight,2
469,lonesome and a long way from home,2
691,girl from the north country,1
898,call me animal,2
328,mean mistreater,1
598,as the sun still burns away,4
640,loose,4
614,share your love with me,5
836,back in the usa,1
614,living wreck,3
324,nothing to say,1
946,i ain't superstitious,1
919,try matty's,2
460,superstar,1
198,a time for everything,1
19,you can't judge a book by the cover,3
977,space captain,4
348,lovin' you lovin' me,2
234,for yasgur's farm,2
150,sticks and stones,4
752,inside,1
238,what comes around (goes around),3
771,that's all right mama,1
107,let me try,1
586,the letter,5
457,hummingbird,5
583,"i can't quit you, baby",4
671,(i know) i'm losing you,4
55,child in time,2
898,brown sugar,1
705,machine gun,3
892,after midnight,1
712,going to mexico,5
113,stay while the night is young,3
626,high school,2
201,hear me calling,2
68,squank,1
727,we gotta live together,4
967,"50,000 miles beneath my brain",1
654,railway and gun,4
597,silver paper,5
423,old man,2
804,"right now, right now",4
881,sittin' here thinkin,4
115,black juju,2
343,killer,5
105,living on the highway,5
837,angel of the morning,5
654,find the cost of freedom,3
163,for the last time,5
963,piece of my heart,5
22,the love we had (stays on my mind),3
51,once there was a time,2
622,over the hill,3
265,no no no,4
946,fools,2
574,i ain't superstitious,1
519,cross-eyed mary,2
69,let it rock (rock and roll on the radio),3
636,think about the times,2
818,i'd love to change the world,5
103,make it with you,5
157,teardrops will fall,4
352,one way...or another,5
956,dying to live,5
205,diamond meadows,1
125,situation,3
597,22nd century,1
136,half moon,4
162,high priestess,4
548,on the way home,1
776,life's a gas,5
634,clyde,2
390,sweet touch of love,2
439,woman i love,3
633,chicago,2
881,my god,4
783,going down,3
193,don't go to strangers,2
259,i fall apart,2
2,hot love,5
414,baby let me take you (in my arms),1
250,fire and brimstone,3
156,ohio,2
634,burning hell,1
655,right between the eyes,4
196,"slipped, tripped and fell in love",3
94,long time gone,1
781,"happy birthday, john (happy trails)",4
934,i'm not awake yet,4
212,satori part ii,1
909,slipstream,4
714,take me home jesus,2
146,desperado,2
450,nowhere to run,1
994,a whiter shade of pale,1
57,southern man,3
850,"are you lonely for me, baby",3
369,jumpin' jack flash,4
142,raw ramp,4
618,long way to go,2
249,girl,5
37,tonight i'll be staying here with you,4
95,maybelline,5
371,highway star,5
638,soulin,5
155,border song (holy moses),5
406,lost and lonely child,1
886,ice cream cakes,3
758,this masquerade,5
264,all the king's horses,1
340,changes,5
347,going down,5
302,godzilla,5
835,cat fever,2
646,right down here,5
640,i wonder,4
394,in the night,2
339,april fools,3
513,angel,4
562,little bit of love,2
37,easy livin',5
601,mole on the dole,2
754,religion,2
144,change your ways,1
79,circle of hands,5
130,crow black chicken,5
860,amazing grace,5
104,old time feelin',3
347,didn't i (blow your mind this time),2
647,leavin' again (again),5
327,public animal #9,5
688,frozen over,4
497,thousand days of yesterdays (time since come and gone),4
574,first snow in kokomo,3
224,everything will be alright,2
942,"lions, christians",4
761,thousand days of yesterdays,1
667,a hole to hide in,5
346,high time we went,1
194,my sweet lord,1
700,stack-a-lee,1
744,woman to woman,4
734,guess who,1
129,going down,3
815,me and my guitar,5
273,blow wind blow,5
115,iko iko,2
135,reelin' in the years,1
23,let's stay together,1
873,fire in the hole,3
620,lazy,3
978,brooklyn (owes the charmer under me),5
809,sweet dreams,3
753,children of the revolution,5
103,change of the guard,4
591,spanish harlem,4
711,kings,3
448,have a good time,4
347,luney tune,5
688,all the love of the universe,1
197,precious memories,5
735,johnny b. goode,5
693,tales of your life,3
689,raging river of fear,4
219,goin' down,1
669,pictures of home,3
43,i'll play the blues for you,2
535,the messiah will come again,5
568,autumn,1
361,waiting to take you away,3
69,rock on,5
266,muddy water,3
751,ain't got nobody,1
121,yours is the light,5
2,mistress of the salmon salt (quicklime girl),5
451,sweet sweet surrender,2
695,i love the dead,3
432,big john is my name,1
4,hello hooray,5
659,stop lookin' back,4
772,twice removed from yesterday,5
347,woke up this morning,3
948,black licorice,2
128,i like to live the love,2
513,we're an american band,2
96,creepin',5
575,come together in the morning,1
19,ma,5
864,corners without exits,5
235,broken hearted blues,3
344,presence of the lord,5
229,somewhere,2
464,my god is real,5
703,i gave my love a candle,1
550,drifting in space,1
32,that's how strong my love is,4
455,letter to the north star,1
792,evil men,5
546,i got a line on you,1
321,a song for while i'm away,4
148,roll right stones,1
586,baby ice dog,1
140,i'm your hoochie coochie man,1
64,mary ann,5
3,i can't stand it,2
970,take the money and run,3
188,"hot, blue and righteous",2
581,king of the world,5
664,cold cold cold,5
971,the boston rag,1
531,razor boy,3
716,o.d.'d on life itself,3
825,gimme danger,4
729,right place wrong time,3
335,la grange,5
724,stealin',1
244,bad motor scooter,3
519,now that i'm down,2
231,waitin' for the bus,4
213,search and destroy,2
992,beer drinkers & hell raisers,1
987,i don't want it,3
762,death trip,5
690,hannah,4
261,i'm so lonesome i could cry,5
5,sufficiently breathless,2
153,teenage lament '74,2
295,it serves me right,4
561,rock me baby,4
818,one thing on my mind,4
175,life is strange,3
210,black cat moan,3
217,bio,4
363,i can't hear nothing but the blues,5
923,bell bottom blues,2
99,i can't wait much longer,5
899,the red & the black,5
409,precious memories,3
601,let it grow,5
788,life is anew,2
400,school days,3
978,"cry, cry, cry",1
55,practice what you preach,5
25,the city,1
235,philomena,2
886,underground,3
861,she's a burglar,2
721,paper money,3
755,can't find my way home,5
382,r u 4 real,4
845,i shot the sheriff,3
123,love is missing from our lives,1
912,mirage,4
851,give her the gun,5
663,starbound,1
594,either or both,1
196,something so right,4
385,blow wind blow,1
957,st. james infirmary,1
272,the gypsy,4
695,passion,5
884,graveyard people,5
411,only solitaire,5
977,highball shooter,3
882,the sky is crying / have you ever loved a woman / rambling on my mind,3
882,"do right woman, do right man",4
412,give and take,4
204,banshee,5
875,oh my,5
623,don't cry no more,5
944,get ready,1
816,mos' scocious,5
153,let's make a better world,1
958,in this place,1
313,the fool and me,5
459,funkier than a mosquito's tweeter,1
143,i got the same old blues,3
948,with a gun,2
716,quitters never win,3
767,skating away (on the thin ice of the new day),5
721,any major dude will tell you,3
649,ain't no love in the heart of the city,4
837,woman to woman,1
593,ready for love,1
415,night by night,1
624,soldier of fortune,3
87,helplessly hoping,1
803,charlie freak,1
996,career of evil,4
266,built for comfort,5
764,i'll take care of you,5
923,good times (let the good times roll),3
972,i pity the fool,2
619,don't let me down,3
990,meet me (down at the bottom),4
202,love don't mean a thing,1
13,mainline florida,5
276,me 262,5
370,a chicken ain't nothing but a bird,1
287,night life,1
489,it's only money,5
672,i ain't gonna be the first to cry,4
699,all i need,2
176,it's over,4
717,blues never die,1
331,comin' home,3
858,weep no more,4
592,turn back the pages,3
710,trying to make a living,3
110,"hey, hey, hey, hey",2
208,music man,2
734,funky #7,1
32,magic party,2
474,feel like makin' love,4
897,could i be the one?,1
92,hidden charms,5
618,the sky is crying,5
46,another's lifetime,4
957,you keep on moving,3
360,better make it through today,4
1,i'm blowin' away,4
110,tear drops on your letter,3
280,someone told a lie,5
157,requiem,1
641,reelin' and rockin,4
784,nevertheless,1
929,running out of time,1
452,zip gun boogie,5
776,my first night alone without you,5
274,make you feel good,1
751,gimme shelter,3
952,baby what you want me to do,2
552,cold cold world,1
483,the love sermon,2
34,in the way,5
134,one white duck / 010 = nothing at all,1
795,this time around / owed to 'g',4
547,my ding-a-ling,1
333,dreamer,4
606,fighting my way back,4
773,just another love song,2
414,heartbreaker,5
786,lotus,3
519,good enough,1
303,cry for me baby,4
223,too much of nothing,3
141,the black widow,5
898,your gold teeth ii,2
511,devil's food,3
959,sure feels good,2
990,further on up the road,2
395,where have you been all my life,3
204,beggars day,4
55,i wish you were here,5
96,blue jean blues,4
109,love hurts,4
743,gettin' tighter,5
85,any world (that i'm welcome to),5
503,stormtroopin',5
699,only women bleed,2
925,black friday,3
296,can i change my mind,3
897,confessin' midnight,3
487,have you ever loved a woman,2
406,spirit slips away,2
881,knock me a kiss,4
425,work with me annie,4
509,ballad of the hard man,4
482,king's vengeance,5
470,that's why i'm crying,5
302,savannah woman,5
387,swing low sweet chariot,1
215,rose in the heather,3
293,back in baby's arms,5
549,beans and cornbread,3
616,department of youth,2
700,it's only money,1
18,loving arms,5
2,some folks,5
124,years ago,1
899,fine day,3
957,lonesome in my bedroom,3
806,shame the devil,4
809,alethea,2
958,escape,2
758,massacre,4
945,natural thing,5
250,yellow roses,2
967,fade away,3
834,on with the action,5
779,stand by me,3
49,let's go,4
956,long misty days,1
563,chrome sitar,5
673,do you feel like we do,4
806,questions,3
545,groovy people,5
618,do right by your woman,3
930,would you like to swing on a star?,3
799,going home,1
124,one note samba,2
274,time,3
389,i'm always chasing rainbows,3
845,borderline,5
152,messin' the blues,4
675,night shift,1
626,give me a reason why,5
291,have a good time,4
855,sweet marie,2
321,easy to love,4
466,from now on,2
188,the warrior,3
285,no regrets,2
601,jump on it,3
879,reasons love,2
757,carry out feelings,1
42,cash in,3
281,e.t.i. (extra terrestrial intelligence),4
158,i hear music,1
292,go to hell,1
726,sinful love,5
27,romeo and the lonely girl,2
935,i never cry,3
521,don't take me alive,1
369,the caves of altamira,4
39,she's a heartbreaker,1
94,debbie denise,3
844,tattoo vampire,1
994,bustin' out for rosey,1
434,true confessions,1
623,pure imagination,4
25,love me somebody,5
356,beltane,4
696,dear lord,1
787,give me love,4
105,it's hot tonight,4
437,wang dang sweet poontang,3
514,lover jones,2
505,shot me down,3
413,that woman's gonna break your heart,4
380,revelations,5
36,hey mama keep your big mouth shut,5
868,downtown sundown,4
543,soldier of fortune,5
14,gettin' ready,2
357,southbound,4
476,the river,2
564,i'm a fool for you girl,3
798,"if i coulda, woulda, shoulda",1
516,alone again,2
846,opium trail,2
344,one by one,1
408,busted,2
169,betcha never been loved (like this before),5
119,mystic traveler,2
422,blues so bad,4
296,searchin' for celine,3
778,pain and love,4
378,freeways,1
712,three time loser,1
16,bad reputation,3
133,lonely avenue,1
236,full moon boogie,2
291,road fever,1
661,morning sun,4
832,chariots of fire,3
693,man needs woman,1
615,let the music set you free,4
831,we're all the way,3
826,songs from the wood,2
758,steal away,3
897,nosferatu,5
175,i'll be waiting,3
83,ring out solstice bells,1
401,home at last,5
972,knocking on heaven's door,1
868,winter time,5
749,madison blues,1
414,greyhound bus,4
38,bluebird,1
730,death by misadventure,1
508,many rivers to cross,2
502,place in your heart,4
673,mean old frisco,2
137,fireworks,3
659,transcendance,3
397,feels like summer,4
26,"workin' hard, playin' hard",1
32,sweet sally,4
36,"soul sacrifice / head, hands & feet",3
532,howling wolf,4
203,one woman,1
780,stay with me,4
879,i hear some blues downstairs,3
72,falling rain,3
760,change is gonna come,3
122,no lullaby,2
229,only my soul,3
919,dream lover,1
824,drowning on dry land/fish soup,2
413,that's alright,2
728,hold on (i feel our love is changing),4
982,you are the show,5
696,midnight believer,3
769,dead or alive,3
201,piece of my heart,1
516,wham!,1
942,broadford bazaar,2
9,steal away,2
217,california,3
64,birthday boy,1
889,tight spots,4
782,easy money,5
658,all your goodies are gone,5
9,down by the river,3
77,one track mind,5
938,only women bleed,4
328,fun time,4
944,davenport blues,5
587,nobody,3
363,stand by me (stand by you),3
531,forget,2
389,"lawyers, guns and money",2
987,don't mess with me,5
609,mess around,5
53,king of all,3
445,the time is right for love,2
764,sweet dream,1
698,thinkin' about love,3
802,chicago institute,1
475,come back to me,2
342,ain't no way to forget you,3
460,play something sweet,5
511,cruise on out,5
509,lonely man blues,2
479,i just can't leave your love alone,1
264,milk and alcohol,2
73,stormy,5
291,everything must change,5
354,i'm out to get you,5
797,great white buffalo,3
578,funky bitch,5
561,opening: i can't turn you loose,3
375,parisienne walkways,3
341,shot gun blues,2
995,heavy horses,4
280,"""b"" movie box car blues",1
768,hey bartender,1
154,i'm a woman,3
643,are you ready,2
247,music for lovers,5
124,warrior,3
54,ask me no questions,3
693,too tired,4
546,move on,5
952,nurse rozetta,3
464,and the mouse police never sleeps,3
424,you don't fool me,2
376,that's all i want from you,4
192,balm in gilead,5
672,tell me that you love me,1
948,when the welfare turns its back on you,3
293,rich girl,3
5,it's for you,2
126,venom soup,5
930,fool,2
29,rawhide,1
83,feelin' good,2
414,the dreamer,1
205,you're gonna get what's coming,1
656,flat of angles,1
163,take it or leave it,4
909,hollywood town,3
794,waving my arms,2
857,somebody's been sleepin' in my bed,1
479,your good thing (is about to end),1
552,a catholic skin,4
726,death by drowning,4
723,it don't matter,2
811,"""belle"" of the earth",2
738,faint heart,1
675,the hair shirt,5
12,catman,4
279,bye bye baby,5
818,alabama,2
51,does it hurt,5
51,we wish you well,1
803,good good lovin',5
872,bingo-master's break-out!,5
399,indirect enquiries,2
629,old ghosts,1
592,better off dead,1
868,alone,2
114,dice man,5
420,a figure walks,1
145,i hate the blues / let's go get stoned,5
244,psycho mafia,1
758,lost inside your love,1
15,40 versions,2
615,various times,4
888,california,1
756,there's no one else,1
351,the inside story,3
322,the sky is falling,2
844,sail away,4
9,we've just begun,4
854,you're my blessing,4
786,underground medecin,3
416,the beginning of the end,4
380,rowche rumble,2
70,gunboats,2
308,music scene,2
656,broken hands,2
882,i really love you,5
516,our swimmer,3
415,mr clarinet,1
888,i feel so good,2
995,with love,1
275,dust my broom,5
406,lonely teardrops,3
834,the great sun jester,4
767,walking in the shadow of the blues,3
985,switchblade,1
621,i can't stand it no more,2
248,get out of here,3
296,just for you,2
376,manic mechanic,5
359,in thee,3
656,waiting for an alibi,1
328,thirteen days,5
335,boilin' pot,1
683,dark ages,3
942,midget submarine,1
269,muzorewi's daughter,2
838,stand up,4
560,medicine man,3
740,north sea oil,3
957,h.s. art,2
29,hard times,3
378,fever,1
946,i thank you,1
379,wake up dreaming,3
628,something's on the move,5
837,down in mississippi,3
861,the handwriting is on the wall,2
660,you're not the one (i was looking for),4
193,go all night,3
764,lonely for your love,2
309,i am the storm,3
32,stay (beside me),2
894,you know that i love you,3
282,new york,4
502,dressed to kill,3
702,no stoppin' us now,5
959,crossfire,3
202,so good after midnight,1
325,the rat's prayer,2
431,sweet talker,1
489,dance me down easy,1
148,violent love,3
104,cryin' won't bring you back,1
424,ready for the taking,3
552,desire (please don't turn away),4
344,lies (through the 80s),5
834,dedicate this heart,5
741,poison pen,3
849,over you,4
445,model citizen,1
943,ain't gonna cry no more,2
87,fallen angel,4
97,matrial eyes,1
70,into the flame,3
576,the way we make a broken heart,3
805,talkin' to one of the boys,2
285,talkin' 'bout love,5
438,fool for your loving,5
901,agitato,5
433,black snake diamond rock,4
608,protect and survive,5
879,like flies on sherbert,5
798,famous last words,3
59,sunny,4
744,whatever it is,1
226,i'm gonna lock my heart (and throw away the key),3
754,all my life,5
966,money talkin',1
447,and further on,3
190,no way,5
888,sandra's having her brain out,1
200,goodbye baby,4
307,turning a new leaf,3
526,united together,1
535,jimi,2
225,adolescent dream,2
452,without you,1
89,dreams,5
402,hello| i am your heart,1
73,gone in the night,1
954,money money,2
790,showdown at the border,1
897,she's a woman,3
435,wey wey hep uh hole,1
5,bedside radio,3
377,victims of the fury,4
484,monsters,5
865,flesh & blood,4
463,lips in the hills,1
236,divine wind,3
815,tear it up,4
289,chinatown,5
723,gimme some lovin',2
452,(ghost) riders in the sky,5
698,night time,4
154,going back to miami,2
334,black blade,4
139,pain,5
783,hard as nails,3
585,tonight,1
513,cake shop girl,5
915,one woman love,5
223,aspirin damage,3
881,when a blind man cries,3
321,only time,4
617,bald head,1
440,unknown tongue,5
383,the crawl,2
750,last night,5
22,heatstrokes,5
375,don't know what i am,2
145,nuclear blues,5
166,your love can't be right,2
583,sugar blues,4
181,black night,1
580,having a good time,3
503,winning man,1
90,smelly nelly,1
899,lock up your daughters,5
261,end game,3
642,maybe we can go back to yesterday,1
333,kathy's kisses,1
635,girl,3
5,it's killing me,5
657,"lonely days, lonely nights",5
618,two rights,3
787,the judgment,3
122,vicious rumours,1
65,"slags, slates etc.",4
634,burning bones,5
786,the burning spear (live),2
596,an older lover etc.,3
437,prettiest cop on the block,4
240,blundertown,1
948,reveal yourself,2
709,"the wild, the willing and the innocent",1
480,figure of fun,5
137,the race is on,1
413,middle mass,3
164,born again human,4
250,straight from the heart,3
279,one's too many,5
933,over the edge,3
676,couldn't get it right,2
774,it's too late,2
786,leavin',2
234,yard,3
928,just you and me,3
323,friday on my mind,2
83,wasting the night away,3
165,rise up,4
895,lonely heart,3
260,whatcha gonna do?,1
354,going to l.a.,3
942,dollar got the blues,1
320,sweet little woman,4
171,love some,4
337,not fade away,4
710,eastern eyes,1
74,rabbit stomp,2
671,till the day i die,3
208,i beg of you,5
750,we've got a lot to learn,5
833,you kill me,3
184,good times,1
596,in my lonely room,4
427,skeletons in the closet,2
826,into money,4
667,ghost on the highway,3
581,bump and grind,4
983,gotta see her tonight,4
331,angel of death,1
273,don't break my heart again,5
485,the pressure will blow,4
26,love all the hurt away,4
202,voodoo idol,4
22,the crusher,1
730,changes,4
529,pearl necklace,3
909,vengeance,1
168,joan crawford,4
941,primitive,1
810,sole survivor,3
389,fire of unknown origin,5
104,down home blues,4
655,renegade,2
687,preaching the blues,1
598,taking too long,5
659,rockin' bones,5
286,for the love of ivy,1
405,i can't stand it,3
667,carry on,1
191,love has been gone,5
177,fats,1
839,back 2 the base,3
44,another ticket,1
889,blow wind blow,3
349,mexican blood,3
260,see you in the boneyard,5
631,when can we do this again,3
998,primera invasion,3
235,hold me lord,3
746,ho ho,4
362,bullet in the sky,1
303,rita mae,3
934,capers,3
722,year 1,3
959,deep dark dungeon,1
877,love me,3
283,black train,4
540,can this be,5
425,leila,1
141,under the wires,1
957,leave this town,5
554,cry,1
431,zorro's ascent,2
691,gonna break my heart again,3
924,i can't help myself,4
393,i can't wait until tomorrow,5
703,nuthin' on the tv,4
972,dedication to the late t-bone walker,4
769,knockin' on heaven's door,3
886,overhang,4
332,voices in the rain,2
773,i'm falling,5
187,"so good, so right",3
308,too many too,4
504,follow the leader,5
276,and this day,2
48,i'm alive (that was the day my dead pet returned to save my life),3
795,"tag, you're it",5
916,no baloney homosapiens,2
65,adaptable (anything for you),4
306,river of tears,5
467,i am the future,1
131,time for me to go,5
998,"6"" gold blade",4
102,while i'm waiting,1
976,who makes the nazis?,3
577,mere pseud mag. ed.,4
933,falling in love with you,2
653,kiss me black,2
20,can't stop me now,1
674,heel of a stranger,1
905,big boy now,1
886,love me tender,5
386,the devil made me do it,4
349,prisoner,5
412,loose talk,3
624,casablanca,2
962,secret life,5
3,think it over,4
791,love me right,2
413,the wedding dice,2
541,my life to live,5
982,i better be good,2
663,ballad of the band,4
568,big guns,2
43,in cold blood,5
180,"slipped, tripped, fell in love",2
436,i'll be standing by,5
877,racetrack,3
152,don't push me,4
839,joker hysterical face,5
975,marquis cha cha,1
856,fightin' words,5
834,the classical,5
368,here at the western world,1
135,victim of love,5
384,as the years go passing by,2
691,young blood,1
746,one night stand,1
156,bad to the bone,1
441,burning down one side,1
933,who got my natural comb?,1
44,don't wait,3
458,long stick goes boom,5
369,precious lord,3
556,give it up,1
75,the clown,3
137,cool magic,4
463,beastie,4
798,in the garden,3
662,end of the world,5
115,blast off,3
92,junkyard,2
585,fallen on hard times,5
788,playin' the outlaw,2
31,jack-a-lynn,3
946,slow marching band,1
38,make that money (scrooge's song),4
147,crossroads,5
378,gonna send you back to georgia,5
683,dead joe,1
802,white sky (love that evil woman),5
680,into the darkness (45 version),5
708,i la la la love you,5
523,keeps me wondering why,3
372,how i (learned my lesson),4
431,inflation blues,2
842,no man's land,4
195,set it on fire,1
750,keep your hands off my power supply,3
792,sun goes down,5
140,river,4
712,a fool for love,4
975,high and dry,1
476,straighten out your life,5
566,porch light,4
494,holy war,2
675,scarlet and sheba,2
198,jesus is coming back (back again),5
468,hiroshima,3
232,fresh blood,5
20,former lee warmer,4
634,early american,3
546,live in peace,4
401,cold sweat,2
76,nuclear attack,5
253,still waitin',3
356,nowhere to run,4
30,the law of the jungle,4
320,rest in peace,3
97,run for cover,4
483,take me down,5
259,why don't you do right?,4
383,the man whose head expanded,5
553,when fate deals its mortal blow,2
38,backroom boys,5
296,all nite radio,1
29,whippin' boy,2
958,want!,4
117,get to gettin',4
407,we're goin' down,2
373,cold cold feeling,3
496,fragile,2
737,rags to riches,4
229,"two track stereo, one track mind",4
154,diesel in the dust,4
749,don't tame a hurricane,2
499,broke,2
502,blinded by a lie,2
881,superstition,2
93,the night,1
863,love is for all time,5
399,please don't let our good thing end,1
565,ain't gone 'n' give up on love,4
776,loose change,4
837,who do you love,3
31,russian winter,3
242,true love,1
81,i'm a blues man,2
380,wall of denial,5
937,ready to burn,5
692,dirty pool,5
114,screaming in the night,2
794,hold on,4
988,gimme all your lovin',3
565,sharp dressed man,1
105,headhunter,3
753,down home blues (xrated),5
373,prisoner of the light,1
82,you got good taste,4
396,eat the rich,1
311,one with you,3
203,take me away,2
634,surfin' dead,3
46,night hunting time,2
671,empty rooms,1
327,victims of the future,3
947,what is,5
27,local still,4
362,high school nights,1
959,confusion is next,2
453,everybody oughta make a change,5
443,murder in the skies,4
268,the last time (i get burned like this),2
276,got to make a comeback,2
236,where do i go from here,5
439,minkin,1
28,oxun (oshun),1
711,make love to me,4
476,now is the time,3
396,fuck your face,4
330,man overboard,3
847,nowhere to run,5
353,this is the one,4
491,make the music go bang,1
232,ac/dc bag,1
726,someday she is going to hit back,4
301,man in love,4
545,no one wants an alien,5
293,the lonely one,4
687,veins,4
558,the world looks red,3
219,stand and be counted,3
215,shapes of things to come,5
916,texas,4
390,truck load of lovin',2
295,tired man,4
608,let me repair your heart,1
625,i can't let go,3
256,moonlight motel,2
806,heat,4
226,the way i feel about you,5
224,diggin' my potatoes,5
453,cry baby,4
32,little hotel room,2
499,i confess,1
598,copped it,5
128,slang king,5
356,don't stop now,2
559,under wraps #2,3
562,a legend never dies,1
112,brave men run (in my family),1
100,the stranger in our town,3
598,no hiding place,5
464,"ya, ya",3
704,flaming heart,3
746,louie louie,1
78,thumping beat,3
671,walk on by,1
399,love is here today and gone tomorrow,1
721,bombollini,1
184,ace of hearts,3
427,reasons,3
811,burning down,1
841,you had it comin',3
535,hold on (i feel our love is changing),5
995,give me back my wig,3
501,standing in the shadow,2
613,all or nothing,2
206,guilty of love,5
331,couldn't stand the weather,2
2,gambler,2
590,money talks,4
650,rock the nation,1
191,my dreams,2
614,love ain't no stranger,4
901,midnite maniac,1
446,don't be angry,1
344,knocking at your back door,1
66,mother of earth,1
983,the sky is crying,5
301,perfect strangers,1
785,cold shot,5
481,"it's my life, baby",1
579,our love,5
545,life without you,3
54,a gypsy's kiss,4
4,watermelon man,3
479,just right tonight,1
412,my man's gone now,1
293,by the time i get to phoenix,2
769,shapes of things,3
553,who do you love?,1
98,this old heart (is gonna rise again),1
289,ain't doing too bad,2
912,ready to rock,5
77,out of control,4
464,boys nite out,3
909,gone! the promises of yesterday,4
821,give up the sun,3
517,"right place, right time",2
887,little by little,5
165,around my heart,1
802,i'll stand up for you,4
760,all join hands,5
868,my guitar sings the blues,4
863,gut of the quantifier,2
396,"lover man (oh, where can you be?)",2
254,stompin' at the savoy,1
989,my soul cries your name,1
507,cruiser's creek,5
492,this time,5
627,listen to your heartbeat,4
597,harmony,2
35,love turns to lies,4
620,stainsby girls,4
811,chicken heads,2
542,to nk roachment: yarbles,2
380,bombast,5
75,"hello, i love you",3
777,all summer long,1
882,run for cover,1
96,spirit,2
487,brotherhood,1
258,too much too soon,1
628,ecstasy,2
204,how long,4
163,love shack,1
284,straight shooter,5
478,out of my system,2
782,i am damo suzuki,5
359,who loves you,1
701,he tells me he loves me,2
966,vixen,5
621,the usual,5
211,heap see,5
722,hell beach,5
480,lies,3
735,rhythm and romance,5
875,things are looking up,3
681,time to rock,3
422,one heart,5
501,do you believe in miracles,4
62,don't be that way,3
655,there's nothing i wouldn't do,3
944,tangled in love,5
30,little by little,5
492,same old blues,3
377,going away,4
438,willie and the hand jive,3
809,halloween,4
816,members only,2
83,rough boy,1
897,song for the children,1
842,she's waiting,1
945,oreo cookie blues,2
858,you can't put your arms around a memory,3
859,lookin' out the window,3
559,freebird,5
601,you brought the sunshine,1
871,comin' home baby,2
25,breaking out,5
167,i feel like going on,3
11,evil,3
509,too loud,1
692,hip to hoo,2
835,joey joey,2
469,nearer my god to thee,2
310,spy in the house of the night,4
769,never make you cry,2
105,i love her all the time,2
90,behind the sun,5
708,eve of destruction,4
723,true love,2
530,i'm insane,5
668,hurt me,5
459,crawling king snake,3
847,let the four winds blow,3
270,dktr. faustus,3
624,when we made love,1
400,giverny,3
760,living without your love,4
702,true love is hard to find,1
987,burning up,5
3,gross chapel,1
699,demolition derby,5
368,one from the heart,4
597,games people play,1
981,crazy bells,2
352,i'm good,2
681,broke and lonely,2
601,i wanna be loved (but by only you),4
412,life is a long song,3
892,warm,3
227,violence is golden,2
156,hound dog,1
869,love is on a fade,5
828,excited,5
404,paradise,1
139,hold on my heart,5
738,if i'm sleeping,3
10,i want a little girl,3
258,whatcha don't do,4
289,the night cries,2
754,"lover man (oh, where can you be)",2
748,nitro,2
747,you're gonna miss me,5
934,still warm,3
392,steady rockin',1
509,long walk,2
399,just passing through,3
83,shoulder pads 2#,2
414,ain't nobody here but us chickens,2
689,eye of the zombie,1
373,holy mother,5
99,new blood,1
995,over the rainbow,2
944,in the kingdom #19,5
816,bending like a willow tree,2
777,emerald eyes,2
600,bubblegum,3
666,hold on,1
523,secret girl,4
422,headlines,2
323,aloha from hell,3
99,the hot pearl snatch,2
577,nothin' but a woman,2
56,third degree,5
815,i ain't drunk,5
462,don't you love me anymore,3
549,mr pharmacist,5
926,i want to make the world turn around,4
827,foul play,4
589,teenage frankenstein,4
411,people ain't no good,1
524,the great american success story,4
891,the sky is crying,1
618,one last kiss,1
794,fame and fortune,5
402,standing on the edge of love,2
230,watch yourself,3
158,goodbye to love,3
538,lonely way,5
811,thrill my gorilla,5
60,off my mind,2
134,r.o.d.,2
844,the constitution,3
945,it's just that song,4
89,memory lane,4
424,praise,3
846,half of our time,5
279,since i fell for you,5
417,soft winds,1
962,songs of freedom,2
146,lonesome town,3
245,walk away,5
67,i stand in wonder,5
795,black & white,4
579,wang dang doodle,4
280,ambitious,4
376,let's have a ball,4
300,dead or alive,3
359,if you pray right (heaven belongs to you),4
789,once it's gotcha,5
492,"baby, baby, everynight",5
458,isolation,1
531,loving you again,4
724,i'll never be free,2
541,journey's end,2
640,st. james infirmary,4
484,prince of darkness,1
961,feed me,2
230,that's the way to do it,1
616,highway 61 revisited,5
595,holiday story,3
938,a bad case of the blues,4
992,i'm through with love,1
742,if i could be with you one hour tonight,4
330,"deeper, dig deeper",1
326,secret doors,5
468,tears of joy,1
906,lately,1
26,continental op,5
749,my time,2
51,pipeline/kill time,4
917,pigs in zen,3
545,let's dance,5
577,friday on my mind,5
981,now that you know,1
246,tuff gnarl,1
29,you're gonna break my heart again,4
660,madman's honey,1
699,don't turn away,1
182,children of the night,3
36,crying in the rain 87,2
190,give me all your love,5
983,unchain my heart,1
20,is this love,5
364,get your money where you spend your time,2
222,w.o.m.a.n.,2
607,sympathy,4
64,trip away,2
306,oh happy day,5
537,don't make me late,1
897,looking for love,5
14,trust in me,5
273,i ain't no saint,2
667,joe cool,1
875,veracruz,1
991,time to kill,5
171,give the radio back,3
119,"whatever i am, you made me",3
83,gail,1
932,ave maria,5
430,baby did you hear,2
570,before we go,3
122,hard lovin' woman,4
850,still the same,4
504,cold cold heart,3
617,the radio song,5
720,i don't care who knows,5
11,teach me tonight,1
631,a woman loves a man,5
623,crying in the shadows,5
737,lock me up,4
154,jump start,1
301,fodder on my wings,2
869,wilson,1
904,weekapaug groove,2
637,chicks 'n cars (and the third world war),1
751,eardrum buzz,3
622,love is strange,5
131,"overture from 'i am curious, orange'",4
913,why'd you lie?,4
734,i love the life i live,5
299,del rio's song,2
659,night song,2
456,time is on my side,4
854,colonel forbin's ascent,5
204,big enough,4
125,blues anthem,3
891,locked away,2
658,preaching the blues,3
284,hand to mouth,1
741,carry bag man,5
700,rockawhile,5
566,i second that emotion,4
527,silk skin paws,1
9,no dogs allowed,5
699,i can hear your heartbeat,1
60,money blues,4
604,how sweet it is,2
115,just like livin',2
78,driving home for christmas,1
513,five long years,4
332,wicked as it seems,2
535,new big prinz,2
640,thank you boys,3
639,out on a wire,1
532,can't help falling in love,1
317,wasting my time,5
810,river of no return,3
115,congratulations,1
741,dirty world,4
487,not alone any more,3
963,mountain song,5
124,hate it when you leave,1
636,clear blue skies,2
743,idiots rule,5
650,don't say goodbye,2
440,freedom for my people,5
151,dead in the saddle,2
58,blue jean blues,3
508,standing in the shower...thinking,2
739,got it made,2
669,this old house,2
866,i got over it,5
936,timber,1
492,in the presence of another world,2
659,danger heartbreak dead ahead,2
225,sneaking sally thru the alley,4
374,the sloth,5
242,your molecular structure,5
809,soldiers of peace,2
781,i am the one you warned me of,5
138,don't mess with my man,1
924,wake up and live,3
494,hey stoopid,2
975,i tried,2
910,your warm and tender love,5
696,long john,4
692,candy,5
677,time has come today,1
730,my reverie,5
266,samson and delilah,3
53,close your eyes,4
6,"out of sight, out of mind",4
74,school boy,2
189,third degree,3
889,everything goes,5
561,endlessly,4
188,damn your eyes,3
90,after the war,4
800,life goes on,3
619,this pain in my heart,5
774,take me to the highway,2
173,on my own,3
773,the honeydripper,4
97,fever,1
116,she's the most,2
505,harry hood,2
781,wild ox moan,3
661,you've got to hurt before you heal,5
865,fever,3
198,ling ting tong,4
354,slip of the tongue,3
550,take off your shoes,3
274,this maniac's in love with you,1
851,surfin' bird,1
858,the creature from the black leather lagoon,1
660,bad love,2
730,tightrope,3
696,"hang me, oh hang me",1
707,i can't hardly stand it,3
396,human fly,4
219,new kind of kick,2
132,now you're gone,3
632,only my heart talkin',3
297,scratch-n-sniff,1
834,big chief,4
848,green grass and high tides,3
172,my escape,5
800,they call it stormy monday,1
606,god damn rock 'n' roll,1
812,at last,1
502,when i fall in love,4
454,one time,3
21,piece of my heart,2
483,it's just a matter of time,4
449,i ain't gonna let you break my heart again,4
667,i can't quit you baby,1
583,hard times,5
932,motel lover,2
612,can i?,2
371,cry on my shoulder,3
139,save it,2
206,journey to the center of a girl,2
22,swing it on home,5
684,any cure,1
148,run so far,2
671,stop breakin' down blues,3
70,traveling riverside blues,4
240,dead shrimp blues,3
754,for sentimental reasons,5
580,never too late,5
272,little queen of spades,2
466,phonograph blues,2
747,steer me right,3
585,come on in my kitchen,5
972,2000 blues,3
490,person to person,5
258,when you got a good friend,3
244,fearless,4
470,liars dance,2
524,if anybody had a heart,5
890,telephone thing,3
539,revenge,5
176,give it up,2
432,everyday i have the blues,5
236,stolen moments,4
209,black woman,1
609,something to hold on to,3
525,it ain't over yet,4
591,let it all go,1
584,gypsy woman,1
372,true gravity,5
749,you took my breath away,4
769,where were you last night?,1
443,so in love,1
865,new blue moon,4
925,if you belonged to me,1
218,lonesome bedroom blues,4
187,long way from home,3
514,the devil's been busy,4
120,then she did,5
224,down home blues,5
599,as the years go passing by,2
150,wah wah blues,1
79,inside out,4
554,bill is dead,2
189,love conquers all,1
949,johnny's got a gun,1
771,rosie,5
90,texas strut,1
585,sittin' and cryin' the blues,1
56,shake it and break it (but don't let it fall mama),3
698,i cried,4
225,too tired,4
668,what time is it,4
538,split open and melt,3
660,pills,1
788,my sweet one,3
850,hell to pay,2
869,stop the wedding,3
297,push and shove,4
930,clouds of dawn,4
780,i don't want to lose your love,2
816,patch my heart,4
572,"mr collins, mr collins",3
763,winter song,1
80,i'll close my eyes,2
658,i've got you under my skin,4
915,you don't love me,1
193,alphabetical order,5
999,"leave her johnny, leave her",2
322,i've got no time to lose,4
632,let your daddy ride,4
979,blow up your mind,2
854,a woman's love,2
226,get on board,2
927,i'm actin' different,4
112,pick up the pieces,4
422,st. louis blues,3
180,twist all night,1
466,back in l.a.,3
508,straight shot,1
132,your cash ain't nothin' but trash,2
166,blues is a woman,1
352,you ain't foolin' me,3
744,two headed sex change,4
44,black snake,5
774,seasons,1
333,put the shoe on the other foot,5
312,through with women,3
185,get on with your life,1
72,first shot missed him,3
454,pure and simple,3
417,snakebite,3
773,after you've gone,1
727,commit a crime,2
152,nitroglycerine,1
562,where is the next one coming from,2
717,whistle stop,4
821,life is hard,2
380,"five months, two weeks, two days",2
263,die for you,1
956,friend of the devil,4
506,the thrill is gone,2
527,iceman,3
804,"hey, hey we're the gories",2
710,just to hold my hand,1
724,illustrated man,5
228,haunted house blues,3
158,rock,3
594,wind-up toy,4
703,it's too late,5
593,early in the morning,3
435,watch yourself,2
848,the last straw,1
24,little by little,1
540,show me what you got,5
127,blues stew,5
658,prelude to a kiss,2
446,you're a sweetheart,2
996,sunshine of your love,4
949,mercy,5
81,optimistic thought,1
805,makes sense to me,4
828,weight of the world,2
407,no speak no slave,4
585,god's great banana skin,4
522,my man called me,1
471,nic fit,5
413,sanity,2
416,she's all right,4
633,my love will never die,5
379,a fine romance,4
486,beauty trip,2
709,"jack, you're dead!",2
188,sing me a swing song (and let me dance),1
718,the horseman arrive,3
980,miss you fever,4
25,penitentiary blues,1
221,loving your lovin',3
677,i crave my pig meat,1
254,carry me on,5
530,i want to be happy,1
59,g.i. jive,2
49,boogie woogie blue plate,3
963,hotel illness,4
482,in world,3
167,"i'll be glad when you're dead, you rascal",2
913,i get a kick out of you,5
254,24/7 (good lovin'),3
711,midnight blues,3
642,i think i'm gonna kill myself,1
254,don't be afraid of love,3
838,the story of isaac,4
870,chicken wolf,4
23,play with fire,5
574,always,3
735,nobody knows,3
954,moody woman,3
555,milneburg joys,3
7,fire in the western world,3
556,since i fell for you,5
148,milagro,3
490,prison of love,4
395,ain't nobody here but us chickens,3
536,nothing to fear,4
164,999,1
754,my father's eyes,5
729,rollin' & tumblin',5
672,it's never too late,3
752,the mango song,4
700,lonely stranger,2
138,pig foot pete,2
589,living in a dream,3
791,this could be the one,2
581,i'm gonna dig myself a hole,4
255,make somebody happy,2
349,i wish i knew what i know now,5
837,paradise cafe,4
553,demon's kiss,3
53,the blacksmith blues,4
58,start it up,4
422,slow down baby,1
313,poor heart,1
851,too many ways to fall,5
119,somewhere in heaven,1
597,foam,1
485,mean and evil,4
622,that's all right,2
905,cow cow boogie,2
775,ten commandments of love,3
763,i know his blood can make me whole,5
10,it's nobody's fault but mine,2
252,afro,1
742,the greatest gift,5
273,change in the weather,4
391,blue spirit blues,5
899,the lies in your eyes,2
880,ten times blue,3
431,pick yourself up,4
888,little miss sad one,4
746,the battle rages on,5
958,little by little,5
234,1040 blues,3
104,whoops,3
459,feels like forever,2
236,dead presidents,2
972,confess it to your heart,5
806,rum & coca cola,5
923,"lovers by night, strangers by day",5
670,tears don't fall no more,3
575,foolin' with you,5
577,down to the sea,2
921,silent in the morning,2
203,don't need no horse,1
3,love of my life,4
998,the more i see you,4
459,mary won't you call my name?,2
300,sparkle,3
829,surely (i love you),4
373,let's take a trip together,1
543,a head with wings,1
912,wig-wam bam,2
196,devil's gonna git you,1
117,blockbuster,4
968,when the gates swing open,2
428,the saddest song,1
435,make it easy on yourself,5
680,do not go quietly unto your grave,5
279,"no woman, no cry",3
675,the only one,5
146,maze,4
654,trouble in paradise,4
87,playin' with my friends,4
9,cure for pain,5
797,undecided,3
806,up where we belong,5
866,pilgrims,2
22,if i were a carpenter,3
157,graduation's here,2
500,mail order mystics,5
243,let it snow! let it snow! let it snow!,1
263,just your fool,4
339,vive la vida (life is for living),5
721,my starter won't start this morning,3
914,"boom, boom out goes the light",2
969,night calls,4
650,"hot corn, cold corn",4
645,it's ice,2
613,they tell me it's summer,1
834,mathilda,5
451,test-tube baby / shoot'm down,5
212,trina magna,3
732,a shenandoah lullaby,4
829,now that the magic has gone,5
988,better off,3
2,esperando,5
766,shadows,1
62,tarzan of harlem,5
894,ocean of tears,3
724,locking up my heart,5
110,you always hurt the one you love,2
49,long way home,3
272,boog it,4
587,holy ground,1
622,these empty days,3
351,carey bell rocks,2
246,henry,5
489,androgynous mind,1
355,self-obsessed and sexxee,1
37,i got my brand on you,3
714,peace of mind,5
459,descending,3
45,screaming skull,2
991,stolen prayer,3
438,it's me,3
429,with love (remember),5
582,simple,5
405,heartbreak hotel,5
608,naked girls falling down the stairs,2
660,there stands the glass,3
891,"good luck, bad luck",3
770,waist,2
164,dregs fall to the wicked,3
255,sho-biz blues,5
424,"ob-la-di, ob-la-da",1
219,orange,1
490,lifeboy,1
437,ain't it a shame to go fishin' on sunday,3
587,nest of the cuckoo bird,4
710,she's my bitch,3
231,cut you loose,1
943,stop! you're hurting me,3
251,gomni (with ry cooder),3
343,dimming of the day,2
343,fallible,2
704,lets get fucked up,5
218,gone,4
893,"the good, the bad and the ugly",5
259,axilla (pt. ii),3
129,potato chips,1
547,ain't life grand,2
901,airplane,5
875,stand,4
697,blackout blues,1
135,my way down,3
354,soon as i get paid,2
408,story untold,1
268,once i had a woman,5
576,don't cha know,2
765,whole lotta shakin' goin' on,1
259,the time has come,3
69,blues leave me alone,4
787,it's so easy falling,1
478,closer to you,1
641,unequal love,5
368,wont'cha come home,4
550,"hey, good lookin'",3
239,never let me go,4
456,big-legged woman,3
165,third degree,4
734,crapped out again,4
428,moan,1
107,done got old,4
737,chevrolet,2
452,marie,5
385,back in time,2
347,suzy greenberg,4
806,the walk,5
56,kiss my ass,5
463,all about the paper,3
439,matters of the heart,5
884,tall boy,4
907,gimme,5
936,buried alive,4
990,knocking 'round the zoo,1
394,as the years go passing by,5
242,locomotive,5
24,radar,3
809,gone for good,2
811,sharks,2
698,black book of fear,4
412,river of deceit,3
753,who walks in when i walk out?,4
521,i'm above,3
143,born with a tail,5
126,born with a broken heart,2
979,it hurts like hell,2
792,chill out (things gonna change),3
354,deja voodoo,2
679,blue drops of rain,5
580,rock daniel (vd129),5
859,lifeless dead,2
243,"shame, shame, shame",1
764,honey white,2
147,i'll never be free,1
506,roll in my sweet baby's arms,4
232,diamonds in the rough,5
477,medley: serves me right to suffer/syndicator,1
125,creole angel,5
874,i gotta have my baby back,2
340,milestones,2
901,panty lies,2
595,sweat,3
985,the monkey time,4
722,it might as well be spring,2
253,free love,4
304,angel,3
466,take me as i am,1
787,i walk on guilded splinters,1
824,all about you,2
298,this town,2
706,can't find my way home,5
566,love somebody,2
447,punch you in the eye,4
503,tube,5
43,stormy,1
219,born under punches (the heat goes on),3
695,why do fools fall in love,4
668,tie your shoes,5
126,break down these walls,5
198,better when you're not alone,4
183,let me share the ride,3
759,drive to survive,1
91,can't you just see me,1
684,true love,2
936,lonely avenue,3
534,blame the moon,3
537,trouble,3
931,evil eye,4
932,my man syd,2
998,eyesight to the blind / why does love got to be so sad ?,3
676,one mirror too many,3
915,radio child,2
104,be mine (or be a fool),2
320,the ten commandments of love,2
996,the way you look tonight,3
627,midnight blues,5
446,cool guitars,4
95,love slipped in,1
138,mary please,4
512,that's not love,1
129,jesus,3
136,into the mystic,1
476,a sunday kind of love,4
115,one step ahead,3
990,church,3
661,stax jam,5
783,dengue woman blues,3
971,swept away,1
858,have you heard,3
126,you belong to me,5
865,spanish bee,5
83,fucker,5
706,why don't you believe me,1
369,"me, myself and i",3
433,hand it over,4
686,lonely in the night,3
884,monster,3
655,if you were mine,1
160,let's do it (let's fall in love),5
951,guitar man,3
264,no one,4
830,chunk a funk,4
659,mind your own business,1
863,tonight,3
293,i miss you baby,3
273,saw it again,2
634,limb by limb,1
249,freedom,5
862,guyute,1
327,midnight lightning,2
866,i walked all night,2
889,aunt avis,3
434,change your mind,1
424,crawling king snake,1
343,freeway,3
604,high on the hog,1
141,one cigarette away,5
63,close to you,2
716,if i lose,4
178,live the life,3
563,take it off,2
749,non-addictive marijuana,3
166,as the years go passing by,1
252,burn in hell,3
189,madison blues,1
922,under a blanket of blue,2
527,bring it on home to me,4
717,rack 'em up,1
425,baby scratch my back,2
432,i'm yours,2
136,too many memories,4
402,as time goes by,1
463,the nearness of you,4
466,blue on black,4
557,i'm a king bee,3
720,everything is broken,1
818,hit the ground running,5
98,roadworn and weary,1
388,after you've gone,1
515,jumper hanging out on the line,5
395,dead in the water,1
491,carini,5
284,rainin' in my heart,2
281,i don't live today,1
249,that's still my love,2
254,there's gotta be a change,4
251,alexander's ragtime band,3
561,nothing to do with love,1
446,yours,5
539,queen of pain,3
277,settle down,1
111,always together,5
107,dogs stole things,1
912,meat,1
208,tonight's the night,4
693,take it like a man,4
159,i can sing a rainbow / love is blue,3
542,roggae,1
809,inside of me,4
474,you were there,2
903,i'm telling you now,4
46,sunshine of your love,3
14,walk on,3
749,i was made to love her,5
581,piper,2
988,new orleans,4
904,river of tears,2
904,rock me right,5
816,blind man in the dark,1
156,married to the blues,4
768,just coastin',1
972,rock me,1
673,the healer,5
34,breakin' me,4
373,avon,3
218,walking away,5
484,regular john,3
383,wander this world,3
280,salt in my wounds,2
342,thorazine shuffle,4
806,crazyhorse mongoose,4
857,give the mule what he wants,3
526,it hurt so bad,5
332,season of the witch,1
993,lightning when i need,4
753,the old man down the road,1
683,travelin' band,5
246,killing floor,4
604,pilgrim,5
886,right back,2
208,water in the sky,2
859,towering fool,1
5,while you see a chance,2
571,stand up (remastered),1
875,what's the use,5
592,toot,5
890,for ladies only,4
701,can't fool with me,1
848,early in the mornin',4
350,out of control,3
17,fearless boogie,1
89,"roggae (hampton, 1998)",1
858,shot from the saddle,2
986,under suspicion,5
928,poke chop sandwich,2
501,that's why,2
577,cryin',2
256,"lipstick, powder & paint",4
621,no tears left,1
368,by her,3
745,plain old makin' love,2
66,my left toe,4
993,follow your daughter home,5
969,skin,1
921,red bowling ball ruth,2
25,day come down,4
330,main title / (i) get lost,2
241,suzy lee,5
757,memphis,2
166,sugar never tasted so good,1
180,pride and joy,1
615,solid as a rock,5
836,looking forward,1
761,last goodbye,1
648,war pigs,3
985,remember then,5
394,the end of the night,1
364,"yes, we have no bananas",2
363,heartland,1
992,love of my life (feat. dave matthews & carter beauford),5
853,slicker drips,1
389,around the town,3
38,bill bailey won't you please come home,3
376,hole in the wall,3
879,change the world,1
930,i fought piranhas,4
758,blue eyes blue,4
423,automatic fantastic,1
169,introduction (live at woodstock),2
798,the big three killed my baby,3
470,live on,1
170,let's build a car,4
105,heartfull of soul,1
79,ain't no sunshine,1
860,you've made me so very happy,4
892,bi lambam,4
545,evil woman,1
124,you'll be fine,3
458,sad and deep as you,1
127,look on yonder wall,4
886,my baby's gone,4
701,china pig,2
542,my brain,4
520,help me through the day,1
886,got to find another way,3
962,talisman,3
962,mary,3
250,woman across the river,5
268,nothing but love,1
940,space jam,2
873,you've made me so very happy,1
805,colour and shape,2
947,little geneva,1
709,fallen down,2
702,sk8,5
870,pick up the bones,3
758,need all my friends,4
486,wicked young man,1
427,i think i lost my headache,4
460,a boy's best friend,1
144,let's build a home,2
376,don't you throw that mojo on me,2
812,blues for j,2
709,uptight good woman,5
498,sand,1
681,why can't you be nicer to me?,4
293,sleep,1
12,never trust a woman,2
118,hello operator,3
150,superstition,3
909,i'll be doggone,3
691,truth doesn't make a noise,5
942,bug,3
820,better living through chemistry,5
865,i'm ready,3
873,sneakin' around,5
287,holy cow,2
953,"corrinna, corrinna",2
749,solitude,3
606,my life,2
77,if heartaches were nickels,1
983,never my love,3
35,wish i was in heaven sitting down,5
925,don't let it be a dream,2
895,lickin',4
251,midnight from the inside out,4
278,life,2
232,broken down,3
844,you can go your own way,4
85,ding-dong! the witch is dead,3
199,humdinger,3
90,at my door,5
709,love train,3
552,new blue,2
362,don't tell the band,1
502,crying in the rain,2
456,21 days in jail,3
644,if you can want,1
574,believe in life,3
529,too real,1
413,living here too,3
57,two steps from the blues,1
663,head up high,1
897,fixin' to die,4
19,salvation,4
178,"sex, death and money",3
128,do the pop,3
434,trouble,4
128,blame,5
417,look what you've done,5
730,awake,3
932,simple words,4
644,tonight's with you,5
310,find myself,1
732,telegram,5
343,sleeping man,2
631,beautifully broken,4
125,love kills,5
624,florida,5
885,brighter days,2
193,"s.k. blues, pt. 1",5
716,nevertheless,5
171,livin' it down,1
915,love burns,1
500,2:19,3
494,expecting,1
57,red eyes and tears,3
801,livin' for the city,4
226,this protector,5
88,lucky in love,2
603,i can learn,5
170,got you on my mind,1
788,done got old,2
546,nare sugar,3
99,my soul's in louisiana,4
529,jookhouse,1
371,bowlegged woman,2
200,free,1
88,river boat song,2
823,soul singing,1
674,descent into the maelstrom,1
753,ho cake,2
903,i ain't gonna stand for it,1
836,hand of law,1
443,squeeze me in,1
781,take my time/rifles,4
42,imidiwaren,4
749,five hundred miles,3
426,all night long,4
718,jam #2,5
703,still i'm sad,1
370,til i found you,2
14,all of these dreams,5
627,are you ready,1
152,greensleeves,1
163,same old thing,2
9,my love is shared,4
161,rat face,4
372,song to the siren,3
126,mock song,4
448,i can't afford to be caught,2
471,into the sun,5
679,be mine (little baby),4
31,autumn shade,4
832,46 days,2
770,loves lips,2
851,never tear us apart,1
80,evil hearted you,1
886,blues about you baby,3
904,homesick,5
254,loneliness,1
937,white christmas,2
314,rudolph the red-nosed reindeer,1
557,ain't no room,2
272,tura lura lural,2
231,straight shooter,2
651,santa claus is coming to town,4
175,wish i could be that strong,1
938,ruler of my heart,1
27,pct,5
188,the last waltz suite: the well,5
702,friday,2
961,the feeling music brings,4
925,seven below,1
920,winter wonderland,1
152,in the garden,3
410,i fell in love,2
612,you should be grateful,3
108,1969,4
402,wrapped in the arms of another,4
957,you're a better man than i,5
240,walls of the cave,2
366,women have a way with a fool,2
650,factory,2
263,whip it on me,2
319,ventilation blues,5
968,brooklyn bound,2
937,brain,4
333,sleigh ride,5
959,six shooter,3
880,"people, let's stop the war",3
162,them eyes,4
933,no more hot dogs,1
353,yearnin',4
186,i want to walk you home,3
442,heavy soul,5
532,first it giveth,3
860,sideways (feat. citizen cope),5
350,shapes of things,4
903,nothing at all (feat. musiq),1
372,another love song,3
581,there is an end,2
711,mosquito song,1
826,the bluest blues,5
901,do it again,4
342,countdown,2
620,mr. limousine driver,1
69,what are you doing new year's eve?,5
544,novus (feat. plácido domingo),4
130,the genetic method / chest fever,5
518,i hear you knocking,1
4,stroll on (from the film 'blow up'),5
488,the mists of time,3
114,feels like fire (feat. dido),1
594,dead womb,2
93,highly evolved,1
416,america (feat. p.o.d.),4
170,mexican girl,2
261,i am a man of constant sorrow,1
6,your way,5
29,domino stomp,2
395,no doubt,3
15,black rooster,5
297,good times,5
181,anything,5
527,woman across the river,2
891,rock-n-roll records (ain't selling this year),2
31,zing! went the strings of my heart,4
137,one belief away,3
34,born to die,2
242,"aw shucks, hush your mouth",5
859,mojo man from mars,3
926,not forgotten,1
790,eric clapton interview 4,4
538,christmas time will soon be over,4
435,dr. fucker m.d. (musical deviant),4
637,survivor,5
158,so long,4
208,lovers never say goodbye,2
564,hide your love,1
736,heart of stone,4
214,mohair sam,3
60,world without you,2
972,maydell,3
75,lover's will,3
117,walk 'em,1
84,calypso,1
540,good times,4
67,the fight song,1
288,save yourself,3
654,a handful of stars,4
543,pretty fucked up,5
743,fried my little brains,1
800,burning hell,5
208,stop,5
589,fuck the people,1
975,there's an end,3
459,life by the drop,5
197,dying to live,3
219,nasty letter,5
613,pull a u,5
103,there's no home for you here,5
241,"in the cold, cold night",1
230,set you free,4
461,thickfreakness,3
834,the hardest button to button,4
826,seven nation army,3
116,i need more love,2
43,i cry alone,5
78,six strings down,3
97,superstition,5
933,elvis fucking christ,1
674,ain't times hard,1
694,coquette,4
901,boob scotch,2
934,wait,1
700,quiet please,2
73,mumbling word,2
966,"shimmy, shimmy, ko-ko-bop",2
202,we're all in love,1
588,long time coming,5
828,to love again,3
800,caballo viejo,1
565,yall aint ready,2
654,inside my mind,5
828,times makes two,3
73,livin' for the city,5
80,in like the rose,1
655,i don't live any where,1
176,rock me,1
78,big black witchcraft rock,2
327,at the back of the shell,4
458,the calloway boogie,3
286,army of one,4
101,blues in the night,2
856,turn my life down,4
728,kickin' the gong around,3
448,not that social,2
349,keep it simple,2
219,angel of the morning,2
144,animal machine,2
768,nothing,2
674,let go,3
317,i have a boyfriend,4
336,thin air (smells like mississippi),2
911,the 99's,1
249,rodeo town,4
411,it's just a party,1
726,alive,3
649,broken man,2
431,chatma,3
831,crowd control,1
635,the connection,5
823,gun slinger,2
444,lucky,4
744,burdens (feat. noah hunt),2
356,done got old,3
919,sweet home chicago,3
831,crawl through the darkness,4
804,grind,1
870,new hampshire,3
370,my maker,4
952,lay my burden down,5
306,how long,2
276,swamp song,3
177,get it together,3
967,imagine,3
816,prosperity blues,4
301,today i started loving you again,3
673,when the sun goes down,1
120,long after tonight is all over,4
753,"dim lights, thick smoke and loud loud music",1
145,aldhechen manin,2
245,"hey, what do you say",1
280,the cape,4
958,beautifully broken,3
589,believe (feat. noah hunt),2
64,sweet cloud,3
770,the will song,5
169,new lover,3
54,deja vu (all over again),4
404,gal youngin,2
141,turn it out,1
710,how junior got his head put out,4
373,do i ever cross your mind?,3
407,black history month,5
960,bad dream mama,4
746,tear it up,3
943,sweet talkin' guy,4
719,two winters long,3
345,lead pencil blues (1935),4
772,the moan,2
242,kiss the devil,2
291,no regrets,5
364,blood on our hands,1
14,already died,3
961,going steady,1
226,so easy,1
726,flames go higher,5
589,alive & amplified,4
183,speaking in tongues,4
881,then you can tell me goodbye,5
500,act nice and gentle,2
287,i only want you,4
65,keep me,5
128,you don't know me,3
905,miss alissa,1
51,here we go again,3
797,the lengths,2
617,romantic rights,5
475,lonely bed,5
357,the wrong side,1
166,stuck in the metal,3
110,the desperate man,3
327,till i get my way,1
853,stack shot billy,2
376,stones,3
579,when you got a good friend,2
359,feel so bad,5
847,'til the world ends,3
11,i wish i knew how it would feel to be free,1
193,between the devil and the deep blue sea,5
282,dust my broom,3
196,i'm lonely for you,5
182,traveling riverside blues,1
207,a flower in the ending,4
159,stacks o' money,4
42,i get nervous,5
39,you ring my bell,2
941,cold war,1
594,the long way home,3
790,phonograph blues,2
470,wastin' my time,1
758,ten thousand islands,1
656,what am i living for,2
359,just say goodbye,2
979,lay lady lay (feat. anthony hamilton & robert randolph),4
810,now you're gone,1
143,hold me tight,2
788,hook of crook,1
987,"it's too late, she's gone",2
695,the saga of jesse jane,2
342,sweet forgiveness,5
387,soul of a man,1
283,the kid with the replaceable head,4
623,magnificent sanctuary band,1
199,"you can make me dance, sing or anything (even take the dog for a walk, mend a fuse, fold away the ironing board, or any other domestic short comings)",3
479,gambler's blues,2
917,zombies dance,2
33,i wish you love,3
566,come back home,4
593,run red run,3
331,i cried a tear,3
628,gospel song,4
447,ready to accept,3
478,riot in cell block no. 9,4
446,ninety nine and one half,4
450,i'm walkin',2
773,have you ever loved a woman,1
245,just a dream,3
436,better off dead,5
267,still suspicion holds you tight,2
986,you hurt me,2
620,hello josephine,3
824,the danger zone,1
796,somebody's sleeping in my bed,4
95,the line,5
37,weight of the world,4
402,fault line,1
432,loving you is sweeter than ever,3
280,finger poppin' time,4
709,party doll,3
920,mean old world,1
615,shuffle your feet,4
570,someone's in the wolf,1
583,no headstone on my grave,2
809,the nurse,5
344,devil's waitin',4
707,smokey joe's cafe,5
975,this lullaby,2
552,in my head,1
959,my doorbell,3
68,blue orchid,3
673,i'm feeling you,3
288,do you wanna dance,3
318,burn the witch,1
466,i'm lonely (but i ain't that lonely yet),4
983,treat me right,1
582,lovesick soul,5
252,jump for joy,3
712,ho-di-ko-di-ya-la-ma-la,3
464,blindness,4
334,down into mexico,5
505,baby baby,4
618,devil woman,4
905,lift him up that's all,5
889,caroline,5
400,how long blues,4
772,black grease,5
654,judge harsh blues (alternate take),1
379,goody goody,2
744,love comes to everyone,2
555,days like this,3
317,young blood,5
453,restless sinner,4
376,mother's last word to her son,2
22,love me right,4
854,i gotta have it,3
281,crying in the chapel,2
279,"baby, i've changed",2
80,skin on skin,2
367,fabulous,5
816,lookin' out my back door,1
402,do the funky chicken,4
930,big log,4
761,nice and warm,3
558,god was in the water,2
914,big mama,5
613,stay in the country,1
344,do you believe in rapture?,4
750,magic potion,3
577,thrill of it,4
913,don't start me talking,2
892,look in my eyes,4
123,angel band,2
455,things go up,4
662,donovan's reef,4
384,missing person,3
23,three little girls,1
797,holiday,5
824,endless parade,5
669,matchbox blues,5
622,don't listen to the radio,2
124,i ain't studdin you,3
349,django,1
262,what a waste,2
644,maria,4
331,sleepin' around,3
881,gone too long,1
949,you are my sunshine,2
170,"prison blues (with cootie stark & neal ""big daddy"" pattman)",4
303,valley of debris,3
555,hey tonight,3
298,bridge to better days,4
705,sunny daze,4
52,every night (i pray),4
679,well...all right,4
560,death walks behind you,1
277,do the grind,5
374,run through the jungle,4
722,one person at a time,3
942,remain silent,3
87,pink steam,1
692,"steady, as she goes",3
295,bloodhounds on my trail,2
162,give it time,2
63,store bought bones,2
175,elevator,5
726,i love me some you,2
286,so come on,2
702,sailing on,2
659,too many dirty dishes,4
758,soundman,4
525,the prodigal sun,3
19,"i'd rather be blind, crippled and crazy",3
151,into the open,3
304,savane,3
909,atlas,2
964,young men dead,4
636,you're the one,5
616,level,5
255,meet me in the city,2
759,your touch,4
54,give your heart away,2
237,goodbye babylon,1
789,the flame,4
418,together,2
160,danger,2
542,white unicorn,4
630,running out of lies,2
296,i'd rather go blind,5
362,last goodbye,5
156,he's gone,3
535,the thrill is gone (with b.b. king),2
415,all i do,3
289,i don't want anything to change,3
873,chevrolet,2
358,revolution,4
921,out of reach,5
638,friday night fish fry,1
819,money,1
375,half pint,4
206,imagine,3
193,only a man,3
145,beautiful,2
655,cut my wings,2
98,i love you so,4
5,wiggle,2
558,witchcraft,1
456,lonely avenue,5
368,mind's eye,5
894,worried about my baby,4
416,cherry lips,2
710,the who who song (nobody but my sweet baby),2
690,i'll find my way,3
988,holding back the years,1
59,fever,1
201,my idea of fun,2
704,mean ol' wind died down,4
24,by my side,2
73,tragic,5
533,it feels alright,4
294,"prickly thorn, but sweetly worn",4
777,in the mood,2
819,ball peen hammer,4
978,a woman,3
12,ain't no time,5
357,reckless feeling,3
190,i'm gonna be a wheel someday,4
59,war,2
797,cold hands,3
621,matadjem yinmixan,5
808,effect and cause,4
278,what becomes of the broken-hearted,1
835,thru' with the two step,2
826,tamatant tilay,1
726,you may see me,1
256,here's to the meantime,5
6,your man,2
618,it's my fault for being famous,3
206,evil ways,4
187,goodbye,3
517,the way i feel,5
550,300 m.p.h torrential outpour blues,3
953,please read the letter,4
651,if you ever slip,2
713,rich woman,1
35,mississippi,1
860,circles,3
874,well all right,1
752,weapon of choice,5
298,turnin on the screw,3
80,sloe gin,2
834,the sun is shining down,1
664,them shoes,4
255,3's & 7's,4
995,the wicked messenger,2
519,gone gone gone (done moved on),2
303,get it on,4
979,country ghetto,5
205,last kind words blues,3
577,get outta my car,3
19,don't you wish it was true,1
232,thank you for holding on,5
947,good love,2
782,feelin' good,3
828,96 tears,3
892,2401,3
642,your long journey,5
501,"through the morning, through the night",3
330,footsteps,2
623,nothin',1
483,cold feet,3
908,down in da club,2
736,after awhile,1
115,i'm ready,5
452,sweet home alabama,3
450,satan's finest,5
98,should i stay,5
561,superpowerless,2
302,how can a man with so many friends feel so alone,3
627,snake in the grass,4
125,nothing seems the same,5
608,the drag,1
132,beneath mt. sinai,2
845,keep the devil down,2
346,black betty,5
278,sharp dressed man,1
199,like a hurricane,2
689,when jokers attack,2
251,see saw,5
46,i heard the marchin' of the drums,4
369,boogie man,4
570,night train,2
348,early in the morning,4
421,walking out on love,4
357,i know a place,2
253,you in color,1
618,bargain of a century,5
793,ain't got nothing (to go wrong),1
64,paper dolls,5
977,dixie/sweet home alabama,3
748,two drummers disappear,3
6,feed me jack or: how i learned to stop worrying and love peter sellers,2
300,ghost in the trees,2
607,evil ways,3
582,an ugly death,1
292,don't go dancin' down the darktown stutter's ball,4
612,gallis pole,2
404,too many tears,4
878,slow curve,1
3,trouble ain't far behind,5
682,tyrants,2
95,bad to the bone,4
536,had to go,1
240,let it all show,4
281,wide awake,1
984,my favorite heart to break,5
831,take your time,1
737,i don’t live in a dream,2
900,real hard headed,5
127,fall too fast,5
571,just another love song,4
707,many shades of black,4
899,the love me or die,1
161,old enough (feat. ricky scaggs and ashley monroe),2
138,sway,3
7,i'm coming home,3
863,science killer,4
760,big chief,3
809,lay it down,3
766,making gestures,4
406,so he won't break,1
94,"bitch, i love you",4
432,lies,4
13,everything you're breathing for,3
790,carolina drama,1
568,up all night,2
66,kick out the jams (original uncensored version),1
313,oceans & streams,4
73,hold up,4
442,these stones will shout,3
304,you on the run,4
237,the switch and the spur,4
771,same old thing,4
564,blue tarp blues,3
81,44 blues,2
869,hook and line,3
641,jungle blues,5
17,skin deep,1
565,queens will play,5
417,see that my grave is kept clean,3
762,stay free,4
274,too sweet for me,3
598,super-sonic,5
516,can't sleep at night,3
409,just another love song,1
405,brave son of america,2
723,walkaway,3
892,learning the hard way,3
652,i wanna make love,2
611,rub-a-dub,4
280,doves,5
127,i'm your torpedo,3
50,tide of tears,1
857,heart on,1
199,i tried,4
435,tell me how you want it,5
658,pop that coochie,2
75,"part time lover, full time fool",4
223,18 years,1
222,love hurts (original studio demo),3
781,many roads to follow (demo),3
345,deer-ree-shee,2
601,the ballad of john henry,1
421,rock me baby,1
290,been a long time (waiting on love),4
594,not a substitute,1
265,happier times,4
639,stop!,5
405,learning to live,5
242,animal party,5
967,change,5
966,death is forming,3
862,"greed, money, useless children",1
949,caroline,3
361,drugs,2
840,well all right,1
53,appaloosa,2
226,had to cry today,3
70,young man,2
779,sing it again,3
862,georgia on my mind,3
993,eyes open,4
103,tryin’,1
316,sacred trickster,4
736,meat step lively,2
480,dull gold heart,1
404,feelin good,2
202,story of a quarryman,2
336,rip up the streets,1
759,what is home,1
805,higher you climb,2
631,never wouldn've thought,3
146,bad blood,4
881,they killed john henry,5
460,lonesome road blues,3
106,paint yourself,2
383,blood,1
148,master sold my baby,2
779,hair of the dog (studio demo),3
827,beside the sea,2
56,something to say,5
806,so it's like that,5
419,fading all away,1
392,split decision,1
792,halfway to jackson,3
102,i see you standing there,5
41,up above my head,5
469,cover me again,4
851,i'm broke,2
241,death by diamonds and pearls,5
385,caligulove,2
592,time has come,5
870,can't find my mind,5
84,broke down,4
345,i'm gonna tear your playhouse down,4
476,done all wrong,4
862,bow down and die,5
489,when the night comes,4
773,i believe (in everything),1
246,further on up the road,3
46,i’ll be loving you,2
922,elephants,3
147,250 miles,1
519,drones in the valley,1
62,until you came into my life,4
118,sweet inspiration,5
572,i can't stand the rain,4
299,short change hero,5
785,work it out,1
170,still unbroken,1
281,soil to the sun,5
415,trapped by a thing called love,4
976,judas,1
840,gunman,3
80,tiny little robots,3
600,dead end friends,1
641,lives that don't exist,4
902,all my loving,4
478,waiting for something,1
4,nightmares,1
2,it is what it is,3
740,days is almost gone,1
410,patterns,3
423,on the backroad,5
564,black betty,1
160,fixing a hole,4
562,tonight,3
244,get out my life woman,5
151,oh it's such a shame,4
584,fatback,5
944,cause for alarm,4
323,empty promises,3
226,dear mr. fantasy,1
673,everything good is bad,1
174,blue drag,2
720,dew drops,3
587,it ain’t gonna save me,2
748,blood visions,5
753,colors,4
855,worm tamer,5
860,the one you belong to,3
374,the battle of new orleans,3
292,no diggity,2
6,sweet feeling,5
75,satan your kingdom must come down,2
181,back in black,4
142,war machine,1
249,leave me alone,3
332,true believers,1
466,where the blues begins,5
385,sound of your memory,3
422,pigs & pearls,3
779,monkey,5
299,i ain't superstitious,4
537,river styx,2
388,paris (ooh la la),5
407,in the army now 2010,4
796,the hottest spot in hell,3
164,warm slime,5
942,steal your heart away,3
66,old fangs,5
814,white rabbit,5
138,black country,1
820,blue and evil,2
981,rastaman chant,3
714,the awakening,1
419,case for love,2
482,right on,5
928,country twang,4
770,song of yesterday,4
296,search & destroy,2
962,the sky's the limit,5
275,pumpkin pie,4
478,stay around a little longer,5
934,imaginary person,2
634,while my guitar gently weeps,1
2,these days,1
455,too afraid to love you,5
799,she's long gone,4
636,sinister kid,3
865,finger,5
809,i killed robert johnson,3
132,die by the drop,5
355,the difference between us,5
887,brave man's death,5
574,heart of steel (featuring irma thomas),4
377,autumn leaves,3
373,hustle and cuss,5
423,telephone,3
969,clap your hands,2
341,don’t lose your mind,4
978,pay the band,1
409,hot summer night,3
590,cold boy smile,3
436,i don't get by,3
602,ain't waitin',3
343,that's none of your business,1
839,"40,000 headmen",5
992,no horse,4
750,jawbreaker,5
939,georgia warhorse,3
558,alone,4
429,want me around,5
662,color of my bloody nose,1
153,the sniper,5
393,spreadin' honey,2
31,jam,3
52,"well, well",3
885,the blackwater fever,3
2,treasures,2
404,heartbreaker,4
100,heartbreak hotel,3
64,crack in your eye,1
986,ball and chain,3
348,man in motion,5
807,love has something else to say,3
70,moanin',5
698,spidey's curse,1
390,broke and lonely,2
666,learn how to love,5
244,damned if she do,5
994,hearts aflame,3
369,pots and pans,3
239,dimes for nickles,2
185,nice & warm,4
138,drinking too much,5
415,i can't complain,1
902,baby the rain must fall,5
334,let her and let go,5
600,forevermore,3
193,close together,1
459,ungrateful are the dead,5
124,mad dog,2
703,never lookin' back,3
422,little by little,4
777,the last matador of bayonne,2
323,crushed grass,2
375,rss,2
304,you better watch yourself,3
300,vultures,4
215,bring your fine self home,2
832,sick of my shadow,3
573,prisoner,2
899,baby says,5
315,vidage,3
905,japanese buffalo,4
858,into the sun,1
639,sell yourself,1
162,puppet on a string,1
749,carry me in,5
378,made it up the mountain,5
749,carrion crawler,2
821,road to burn,2
303,doctor doctor doctor help me help me help me,5
191,gracefully,3
942,the memory of our love,4
973,sixty minute man,4
575,a gentle awakening,4
141,the siren,2
311,sabertooth tiger,1
264,i'd rather go blind,5
108,you rascal you,1
150,sister,1
486,future starts slow,4
390,dead and gone,2
384,run right back,5
493,midnight in harlem,5
252,little black submarines,1
878,gold on the ceiling,3
489,lonely boy,3
136,everyone looks like everyone,2
623,black dragon,3
989,black snake,3
922,hypnotized,2
447,you can't teach and old dog new tricks,3
264,life is but a dream,5
349,what a difference a day makes,4
39,goodbye bread,5
379,sugaa shack,2
372,too many mechanics,5
436,"no good, mr holden",2
38,heart is a beating drum,1
131,if i stay too long,5
33,hattiesburg hustle,4
870,blackjack moon,5
973,meatstick,2
86,kanou,3
597,soul,2
479,snatch it back and hold it,2
388,smoke ring halo,3
619,ready (feat. kris berry),3
663,blue and green,5
368,black tar,5
611,life on the line,3
628,boom boom/strange brew,2
601,stripes or keys,2
110,red death at 6:14,5
239,keepsake,4
373,work,5
917,the arrow killed the beast,2
118,psycho killer,2
395,you lie,4
595,louisiana gold,4
652,god's sure good,5
352,just my luck,3
871,roulette,5
544,central pacific (feat. michael rose),1
642,bloodhounds,2
970,simple feeling,3
720,blood on your hands,3
116,one heart missing,1
710,lupine dominus,3
43,guns,2
539,i gotsta get paid,3
256,the lonesome road,5
385,tickin' bomb,3
150,karate,5
104,feeling good,3
375,wrecking ball,5
22,down in the canyon,4
761,time,2
442,the urn,3
755,lucille,1
41,send me a friend,4
972,you spin me right round (like a record),4
212,busted and blue,2
45,what makes a good man?,1
470,things are looking up,1
652,ghost,1
90,a place in my heart,1
953,better man,4
900,waking up alone,3
921,am i that lonely tonight?,2
370,warm my weiner,4
198,run from revelation,4
236,with you everyday,2
546,baddest blues,5
804,all night long,4
892,tooth fang & claw,2
90,sadder days,1
761,love interruption,2
327,how does a crow fly,4
376,mud puddles,4
978,late in the night,1
407,death letter jubilee,1
8,one day at a time,2
824,elk.blood.heart,5
787,revolution,5
654,"goodnight, sweetheart, goodnight",5
389,please come home,1
735,trash tongue talker,3
449,blak and blu,5
692,breakdown,4
956,weep themselves to sleep,3
930,sing sing,2
378,timekeeper,3
677,sympathy for the devil,5
181,beelzebub,3
636,be mine,2
33,one silver dollar,2
566,the baddest man alive,5
137,locked down,1
465,take me with you when you go,4
95,pray for rain,3
934,the life,2
602,keep on swinging,3
815,love is blindness,1
295,wrapped up in a dream,3
425,gold on the ceiling,2
183,turntable,5
104,used to rule the world,2
576,ice age,1
125,i'm done cryin',3
917,you’re gonna miss me when i’m gone,5
536,can you hear me love you,5
949,"my children, my angels",1
411,devils look like angels,2
825,blues on two trees,1
359,the lonesome death of hattie carroll,2
312,champagne and reefer,3
264,toast to freedom,3
892,the devil takes care of his own,1
514,crows feet,3
911,hit it from the back (feat. l.j. echols),5
880,reckoning lament,4
383,levantado,3
973,analog man,2
437,evil ways,2
776,till there was you,1
426,walk of shame,1
207,save me,4
721,imagine,5
280,we are the same,3
287,outta mind,2
892,maze fancier,5
24,tunnel time,1
881,i'll be true,1
363,i need a change,5
42,not right,2
694,six to let the light shine thru,1
26,the ballad of larry webb,5
821,please come home for christmas,3
360,the devil's daughter,4
779,breakin' in,5
242,i go by feel,4
61,corsicana lemonade,4
714,hangin' tree,1
782,the wild one,4
260,rival,1
290,there will be nights when i'm lonely,1
957,downtown tonight,1
229,tear this cabin down,2
330,my god is the sun,3
932,bite my tongue,3
544,still got the blues,2
247,if i could,4
83,wrote a song for everyone,4
533,strange tidings,2
621,miles to go,4
987,sweets helicopter,2
618,world boss,5
842,returning,3
506,let it feel good (my eagles),2
715,limited by stature,4
302,tonight i'll be staying here with you,5
429,chapter v: the raven mocker,5
561,sweat shock,4
494,same days,3
760,let's have some fun,2
213,house call,4
43,minotaur,3
619,tease my ears,1
892,cheap wine,5
867,point of view,3
511,write a letter,3
521,misunderstood,3
203,amidinine,5
992,all that i need,3
110,ballad of a prodigal son,1
37,the marriage of coyote woman,1
850,calling out to you,2
830,when god comes back,4
981,hypocrite,2
88,sing about it,4
630,part of me,5
483,charles william,4
466,sweet and low,4
532,it's so heavy,3
479,in the dark,2
899,don't fuck with joe,2
317,the preacher,2
60,don't play with guns,4
764,a song for you,1
245,made up mind,2
992,toe cutter,1
584,a place to start,4
504,holland,5
93,can't help yourself,4
42,wash me in the water,4
978,home,1
784,two seconds too late,1
65,indigo meadow,1
845,one day away,3
739,songs we used to sing,5
498,night crawler,2
59,imuhar,4
743,son of the wolf,4
697,evil things,1
427,losin' streak,5
285,working for you,2
323,pay no mind,1
276,death row,1
749,too much thinking,4
637,seven sisters,3
607,gone to texas,1
746,villanova junction blues,3
380,carolina peach,2
777,playing dead,1
426,funeral for a great drunken bird,4
628,crown of fire,2
789,hush,4
766,songbird (feat. willie nelson),2
2,living it up,2
112,what's your flavor,2
937,bird in a cage,2
655,i love the life i live,5
440,mud honey,2
432,mercy train,1
674,oh beautiful!,5
223,the physical world,2
23,don't wait (feat. john mayer),3
574,play the fool,1
66,what you isn't,2
497,hoochie coochie,2
298,the faker,3
7,how many times,4
472,ocean deep,5
636,slow coming,5
728,the line,3
82,2018,4
671,tall ships,5
900,make you mine,2
362,good luck,5
655,the executioner,3
139,loose change,5
983,"so, what would i do",3
619,crying eyes (feat. christine lakeland and derek trucks),5
303,money,3
750,figure it out,4
256,an occurrence at 4507 south third street,5
264,nobody makes money,2
936,crazy man,1
962,starbound (feat. willie nelson and derek trucks),1
846,another day,4
9,get back my tomorrow,1
699,arhegh danagh,3
528,when the sun goes down,4
557,escape,3
332,hole,5
696,don't,5
334,the wicked,3
892,jack of diamonds,3
840,smoking dope n rock n roll,3
110,when the devil calls,5
295,sunshine of your love,3
125,you can be so cruel,3
602,year in review,5
421,lazaretto,3
787,dogs of war,1
209,bullet in the brain,4
346,10 lovers,5
1,fever,3
327,that black bat licorice,5
208,blood hands,3
518,better strangers,2
131,the singer,3
928,open my eyes,4
989,chaghaybou,2
644,little girl,1
339,rachid ouiguini,4
686,dar um jeito (we will find a way) [the official 2014 fifa world cup anthem] (feat. avicii & alexandre pires),2
253,singing the blues,3
336,song for aretha,5
447,needles,1
815,killin the planet,4
555,call my wife,1
654,"move something (remix, pt. 2)",5
961,i think i found the culprit,4
424,manipulator,3
119,alabama coldcock,5
625,lonely sunday,2
103,our love will never go,4
647,hold on i'm coming,1
906,sheep in wolves clothes,5
52,have a cigar,3
898,old me better,5
906,heroes dress in black,5
958,poor queen,4
506,coming to getcha,5
668,lying in her arms,2
627,mama this one's for you,4
636,devil's keep,3
497,playin' hideaway,1
268,it’s all over but the shouting,1
668,bad lieutenant,1
81,american man,3
138,run on,2
57,highway's holding me now,3
705,the ghost of charlie barracuda,4
383,call me star,4
56,lonely,5
351,blood and sand / milk and endless waters,5
489,lose the right,3
438,life of the party,4
538,keep the fire burning,1
179,melt me,2
638,nothing takes the place of you,4
152,bridgebuilder,5
805,demolition,3
831,lupine ossuary,1
572,dirt preachers,2
17,all of the time,4
781,touché,5
203,stranded in self-pity,1
282,bad influence,4
172,power hungry,1
185,"sweet, sweet",1
733,don't blame me,4
396,(baby) you got what it takes,2
625,steady,4
644,root to root,4
611,right here waiting for you (feat. bowling for soup),3
187,is it me or you,3
335,almost gone,2
272,bring it on home,1
21,loaded dice & buried money,3
559,losing touch,3
793,bad man,3
466,cold companion,5
631,save a prayer,2
429,long way,5
59,dyin',4
6,here comes the night,1
136,born to play guitar,1
150,my mind,4
300,the sky is crying – live at spotify nyc,5
408,caught by my shadow,5
941,how are you true,1
482,i feel love (every million miles),5
597,suffocation blues,1
365,sweetie little jean,2
425,put a flower in your pocket,5
953,so long,1
809,pistol made of bones,3
265,does it really make a difference (feat. mavis staples),1
736,never meant to be,5
667,evil ways (justice mix),2
426,an honest man,4
336,that's right,4
738,searching the blue,3
40,palace doctor,2
812,that smell,1
255,singin' to strangers,3
418,byob,5
119,withered hand,3
108,"find 'em, fool 'em and forget 'em",1
197,back together,3
943,sailin' shoes,2
64,home in the sky,3
652,silverlake (k.s.o.f.m.),3
326,without desire,4
486,downtown,3
396,everything is a song,2
58,open passageways,1
544,opie,5
689,pot roast and kisses,4
771,simple man,3
646,raindrop,5
76,baroness,5
791,the world would run better,2
189,250 miles/brain cycles,5
307,wake the riot,5
240,shout bamalama,1
365,distant lonesome train,3
54,hobo,3
161,black tar,5
716,shame,1
697,where were you last night,3
91,there's a brain in my head,1
481,"some other day, some other time",5
241,fade out,3
245,jazz man,5
20,why don't you stay?,2
962,gelatinous cube,2
738,it ain't easy,5
30,ticklish warrior,5
710,short change,5
337,careless love,4
874,move back to mississippi,5
330,just dropped in (to see what condition my condition is in),2
888,gonesville,1
666,got to get better in a little while (with j. j. cale),2
502,hands up,1
863,how was it for you,2
632,boxcar blues,1
850,axilla i,2
921,right now,2
464,king of love,3
770,the simple life,5
854,low life,1
725,(forget about) georgia,3
492,dead man's gun,5
562,miss california,5
511,shrine,4
939,the revolution will be televised,3
637,lay my lily down,3
147,black coffee,3
617,lafayette,5
127,devil’s land,5
863,tied up,5
825,hammers and nails,4
320,in every heart,5
254,twenty five and up,1
131,haunted heart,3
673,hollow bones pt. 1,2
554,guitar in my hands,2
12,thundering voices,2
117,radio soldier,2
971,take it from me,3
479,doing it to death,3
464,anyhow,2
561,mississippi kisses,4
513,gun in my hand,3
984,lake superior,3
531,here in my arms,4
440,wicked ones,3
946,there she goes,1
304,medicine man,3
485,whiskey fever,4
622,hardcore,1
103,hades pleads,5
193,outta line,2
456,waiting all night,1
437,raise hell,5
801,royal jelly,4
307,learning,3
970,layla (with j. j. cale),3
195,hard luck,1
307,american tune,1
322,right on time,2
386,got soul,5
324,the bare necessities,5
652,call my name,2
314,feels so good,1
118,the pusher,5
283,what i've known for a very long time,4
673,not gonna break me,1
299,going down,4
22,space to bakersfield,3
87,glory,3
44,keep on growing,5
926,i'm going down slow,3
318,right on you,4
725,life song,2
467,good side,4
543,estimate,4
470,hearts of habit,1
516,all i c is u & me,5
32,fever breaks,5
633,hoodoo on me,1
554,keys to the castle,3
279,pressure under fire,4
828,if i started over,1
551,hello stranger,1
398,internet,2
267,hayati,3
546,sun god,4
253,paralyzed,5
918,breath of my baby,3
150,carry fire,2
882,outrage! is now,2
788,chills & fever,2
655,ain't wasting time no more (live),3
30,look away,5
385,burning point,4
701,wyoming and me,4
764,death or glory,4
847,overtime,4
350,young and crazy,1
469,about a bird,2
604,holy books,5
716,are you,5
751,poor traits of the artist,2
661,why did you hoodoo me,5
75,southside stomp,1
923,i pity the fool,1
761,blade of truth,2
237,holler,3
474,the air that i breathe,3
87,they never pay me,1
524,till the end of the night,5
522,if you believe in me,1
312,medicine,1
864,bad habits,3
331,statues,4
374,eastside racket,2
739,paranormal,3
579,epic,4
249,american dream,2
109,desperate love,5
609,rockin' in the free world,1
550,coattails,3
342,cowgirl (feat. j wonn & t baby),5
678,going going gone,1
540,new beginning,2
718,speak of the devil,3
512,set me down on a cloud,2
725,man of the moment,3
847,knock me out,1
873,un-reborn again,2
197,john the revelator,3
584,currency,3
430,livin' in sin,3
820,am i going up?,1
179,baby i'm broken,3
640,nomad,3
113,feet don't fail me,2
835,i only lie when i love you,4
717,freeze me,5
874,whole wide world,3
488,black smoke rising,3
377,fortress,3
454,make it move,3
101,stand by my girl,4
842,hole in your heart,5
44,before the bullets fly,5
261,comanche moon,4
15,temporary slave,1
763,kill the medicine man,1
748,traveling tune,5
284,i'd kill for her,2
761,"sarah, surrender",5
209,3-5-7,3
866,ballad of serenity,3
649,please yourself,4
834,stone cold rage,3
23,bulls,5
12,high times,1
431,grab as much (as you can),1
91,tiwàyyen,1
750,black magick,1
707,"within you, without you",3
71,don’t drift away,4
264,crying over you,4
107,black betty,4
249,crystal night,3
705,time will tell,1
50,half believing,2
638,on the lips,2
34,stars (live at montreux),2
967,ptp,4
556,overthrown,3
356,you did the crime,2
59,one drop of truth,2
655,echo,1
437,body behavior,5
274,wanna don't wanna,5
12,break my heart anyway,5
311,black tar & nicotine,3
665,alta,2
697,locked,2
633,sky high,5
221,philadelphia,4
582,night games,4
214,get happy,1
307,under his command,5
622,when you fall down,1
57,roll bones,5
171,surrender,5
592,on my knees,3
892,somebody pick up my pieces,4
739,this is it,1
121,down below,2
733,everything you've ever learned,4
714,fishbelly 86 onions,2
651,blue no more,5
656,cry no more,5
975,without you,5
48,come down,5
4,love is a gamble,3
913,lay,2
977,28 days in the valley,1
297,white butterfly,2
578,down to the river,3
161,hold it down,5
944,ain’t our time to die,3
897,miss you (live),3
774,strangers,5
919,to & fros,2
741,how low can you go,5
785,rob's dream,4
600,sinking in quick sand,3
476,(your love keeps lifting me) higher and higher,1
912,guilty as charged,3
228,fly like an eagle,3
893,wicked gonna come,5
730,she said she said,1
765,despoiler of cadaver,3
611,lost mind,3
609,kicking and screaming,5
853,ain't gonna take no mess,5
704,hjtc,1
783,crusin for a bluesin,3
611,hammer,4
314,coming home,2
79,king of bones,1
110,hold on to let go,5
733,the dark horse always wins,2
383,what i could do,3
143,"cocked, locked & ready to rock",2
646,love of the game,5
26,i'm changing,5
967,man in the sky,4
890,stay with me,1
167,1st vs. 2nd,4
481,chocolatize,5
558,haunt,4
605,tipsy,5
739,good news,2
320,rise up,5
624,evil got a hold on me,3
40,the devil never sleeps,2
367,the holy grail,5
586,isolation,4
218,side door,4
681,evil mama,2
847,cognac,1
353,rolling with the punches,5
227,damn your eyes,4
329,king for a day,2
532,how long,5
758,if you keep leaving me,5
931,face in the scene,2
533,i’m getting better (and i’m feeling it right now),4
60,"goodnite sweetheart, goodnite",5
77,glad to be unhappy,5
381,c,2
23,who put the bomp (in the bomp bomp bomp),3
751,live in the now,4
725,rocky's late night,5
484,sleeping with lions,2
896,do your worst,2
162,the new day,3
753,rolling in the deep,2
42,watching over,2
168,anthem,2
211,let me live / let me die,5
255,brave new world,5
115,black holes (solid ground),4
61,far away truths,1
852,sanctuary,4
273,used to the darkness,3
897,my lady's on fire,3
985,walls,5
691,the movie song,4
145,seasick emotions,1
757,i wouldn't treat a dog (the way you treat me),1
281,save me,2
292,self-inflicted wounds,3
140,"it's you, baby",2
2,stronger now in broken places,3
458,whatcha gon' do,2
674,fine line,2
127,the past has passed away,3
119,i want my dog to live longer (the greatest wish),2
669,house is a building,3
782,who do you love,3
633,$20 fine,4
414,bring it on,4
93,the ghost of macon jones,4
15,can't look away,1
978,why don't you do right,5
471,you won't be satisfied (until you break my heart),1
138,we are come to outlive our brains,5
555,bullshit anthem,1
613,sentient oona,4
698,molly o',2
83,tomorrow,5
739,jack white on 'sunday driver',3
139,sweet georgia brown,4
985,the wire,3
872,one night at a time,5
926,fire,5
307,look away,3
879,i'm comin' out,1
854,let's get down like we used to,3
913,heartworm,1
331,keeper,1
837,taste,3
215,have mercy,1
22,the arms,2
739,devils got you beat,2
152,if i hock my guitar (feat. self-made men),3
953,radio,3
367,keep on,5
228,oklahoma,1
297,i worship the dog,5
96,stay around,1
935,chasing you,1
697,won't let go,1
297,something new,1
796,on to the next,1
402,horns arising,3
458,shanalala,2
910,imperial joy,2
814,long time running,5
410,ain’t got no money,4
744,poisoned stones,2
398,high voltage / it's a long way to the top (if you wanna rock 'n' roll),5
662,"hold on, i'm comin'",4
696,in here,1
514,hard case,3
640,learn to let go,4
915,over & over,1
365,what i'm becoming,5
84,the war is over,3
645,don't bother me,5
124,dead ringer,1
534,black and red,4
278,outta my mind,2
419,gotta get into something,3
3,what's yours is mine,3
7,the river,2
132,this is my home,5
921,pearl cadillac,3
538,skin and bones,3
279,breaking down,2
54,sit around and miss you,1
14,that was yesterday,2
64,black night (single version),4
682,scutum & scorpius,5
131,don't wait til tomorrow,1
52,walk through this life,5
868,snickersnee,3
719,the experimenter,4
620,c'mon utah!,1
182,what you gonna do?,1
203,gholü,5
966,got to get up,1
477,fu xi,4
397,together tomorrow,3
141,burn bright,3
865,shame,5
660,whatever,1
693,psy-ops dispatch,5
90,blue skies,2
155,the governor,1
668,heavy for you,1
653,i forgot to,3
796,"signs, high times",2
394,heartbreak,1
410,i sing them,2
255,feral roots,5
378,pick your poison,2
691,the daily heavy,2
597,it's the talk of the town,2
921,you go to my head,3
372,yesterdays,1
152,stranger in paradise,5
44,zing-a zing-a zing boom,5
756,be honest with me,5
227,three wishes,4
168,just for fun,1
830,absence makes the heart grow fonder (for somebody else),3
595,"vieni su (say you love me, too)",1
177,the money song,3
176,i don't care if the sun don't shine,3
306,i don't know why (i just do),2
120,i'll remember april,4
389,here in my arms,2
639,an affair to remember,2
822,conception,5
405,september in the rain,5
214,pick yourself up,1
636,oh me! oh my! oh you!,4
998,i know that you know,3
419,muskrat ramble,4
698,that certain party,4
4,"love me, pretty baby",2
719,mulligan's too,4
179,i ran all the way home,1
61,christmas story,1
893,you're getting to be a habit with me,5
209,santa claus is comin' to town,1
875,sailors' polka,4
100,love is the sweetest thing,3
692,yesterdays,2
21,solitaire,1
834,moonlight bay,5
961,if,4
479,monk's mood,3
71,winter wonderland,5
429,school days,5
898,i'll always love you (day after day),3
242,solitude,3
45,i'm in love with you,5
882,rock-a-bye your baby with a dixie melody,1
635,love ya,2
213,till we meet again,4
982,something to remember you by,1
731,but not for me,3
78,"wham! bam! thank you, ma'am!",5
196,beside you,2
679,indian summer,2
366,april in paris,3
925,love me or leave me,2
944,second chance,4
239,what's new,1
301,silencio,1
4,bet-i-cha,5
14,east of the sun (and west of the moon),3
442,ask me now,1
566,cold cold heart,3
256,kiss,4
456,you go to my head,5
275,oh marie,4
948,in a mellow tone,1
115,i'm yours,1
921,prelude to a kiss,2
201,how high the moon,1
88,i wanna be loved,4
294,until,4
119,why not,1
316,all i have to give you is my love,5
137,bunny,4
957,won't you surrender,2
58,hominy grits,2
255,blue smoke (kohu-auwahi),1
321,i know a dream when i see one,4
644,sure thing,3
572,the boulevard of broken dreams,2
855,as you are,2
584,it's you or no one,2
735,swing low...sweet cadillac,2
289,jayhawk,5
987,winter wonderland,2
971,the christmas waltz,2
621,the nearness of you,3
701,i was doing all right,2
911,i've got you under my skin,5
300,i know,2
560,lullaby of birdland,4
472,love is here to stay,1
346,autumn in new york,2
200,so rare,4
451,night and day,1
712,lullaby of birdland,3
306,twilight,3
913,no moe,5
566,night and day,1
899,blues go away!,5
37,sweet and lovely,1
693,love me or leave me,5
213,crazy rhythm,5
251,yesterdays,5
214,if you were the only girl,5
735,i'll forget you,2
383,let's call this,2
189,my future just passed,3
913,it's you or no one,2
6,loveless love,5
784,swanee,3
863,it's a new world,1
324,hagnes,4
242,surrey with the fringe on top,5
507,this can't be love,1
77,prelude to a kiss,3
239,make it soon,1
997,things ain't what they used to be,1
108,soft as the starlight,3
328,anyone can fall in love,3
152,here's what i'm here for,1
127,you hit the spot,1
349,the memphis blues (or mister crump),2
716,time on my hands,4
844,bill,3
892,one more time,1
942,i never had a chance,4
701,with a song in my heart,3
564,prelude to a kiss,3
352,long gone (from the bowlin' green),1
450,topsy,5
635,my heart,3
736,it might as well be spring,2
997,bad news,5
719,goodbye,1
26,you're the right one,3
552,snow,1
645,aunt hagar's blues,5
492,if i could sing like bing,5
282,the man that got away,4
484,money burns a hole in my pocket,1
819,i'm glad there is you,4
195,reflections,1
149,there will never be another you,5
981,with my eyes wide open i'm dreaming,3
221,the christmas blues,3
98,carolina in the morning,4
874,there's my lover,5
422,"long, long ago",2
365,white christmas,5
953,hold me in your arms,3
672,poutin',4
184,jim,3
912,embraceable you,4
391,under the bridges of paris,3
224,lullaby of birdland,5
490,pretend,2
338,september song,1
558,smoke gets in your eyes,2
597,a portrait of jennie,1
288,what'll i do?,5
774,lost april,4
536,snow,2
286,contraste,1
669,count your blessings instead of sheep,2
303,jungla,1
382,"love, you didn't do right by me",5
689,"ready, willing and able",1
697,don't you remember?,5
60,'til i find you,5
558,that's all i want from you,3
110,i feel a song comin' on,4
91,that's what i like,4
119,"love me, love me",3
197,darn that dream,3
454,carolina moon,1
939,lose that long face,2
506,mandy,2
391,out of nowhere,2
599,moving out,5
626,i want you,1
398,if i should love again,5
79,a tree in the meadow,4
318,count your blessings instead of sheep,1
110,what'll i do,5
940,moments like this,5
8,september song,2
366,all of me,5
817,it all depends on you,5
64,i can't believe that you're in love with me,3
16,this time the dreams on me,5
185,i fall in love too easily,2
529,mean to me,4
915,after you've gone,1
546,do you remember,2
199,fine and dandy,2
251,sometimes i'm happy,1
34,give me the simple life,2
600,(what did i do to be so) black and blue,3
444,i'm afraid the masquerade is over,2
740,beautiful love,4
984,sing a rainbow,2
58,soon,4
5,someday my prince will come,2
706,ramona,4
224,sweet savannah sue,4
410,blue turning grey over you,1
953,the day that the circus left town,4
360,my one and only love,1
365,doug's blues,1
890,birth of the blues,1
490,bye bye blackbird,2
523,there's no you,3
218,without a song,4
445,hot house,1
740,you took advantage of me,4
73,honeysuckle rose,4
420,honeysuckle rose,1
761,strangers in the starlight,3
988,anything goes,4
425,somewhere,5
381,solitude,4
699,i cried for you,3
325,it don't mean a thing (if it ain't got that swing),5
272,it's a blue world,5
390,all the things you are,1
525,my foolish heart,1
99,swingin',3
311,exactly like you,4
316,you'd be so nice to come home to,1
539,after hours,5
848,"you're mine, you",5
886,i wonder,3
544,everything happens to me,5
51,your cheatin' heart,1
837,stella by starlight,2
913,i'll take romance,5
252,my romance,1
415,i'll remember april,1
427,my reverie,2
7,all the things you are,3
879,keepin' out of mischief now,3
192,love me or leave me,2
871,deep purple,5
363,what's new,3
204,exactly like you,1
287,like someone in love,3
544,nobody else but me,1
944,just friends,5
575,warm december,1
397,fools rush in,1
592,life is just a bowl of cherries,1
376,would'n you,2
244,i wish you love,3
527,easy living,4
374,let me love you tonight,2
597,smoke gets in your eyes,1
423,somebody loves you,4
961,thad's blues,4
391,i hear music,3
301,i want to be happy,4
446,my romance,2
260,you are too beautiful,3
507,stella by starlight,5
272,goodbye,5
307,is it true what they say about dixie?,3
275,moments like this,2
225,you're breaking my heart (mattinata),5
311,there's no tomorrow,5
118,take me in your arms (torna a surriento),4
699,pardon,1
41,(when your heart's on fire) smoke gets in your eyes,5
506,four,4
752,c'est si bon,5
479,let's fall in love,3
526,memories are made of this,5
422,innamorata,2
643,but not for me,1
569,that old feeling,4
314,i get along without you very well (except sometimes),4
362,it's always you,2
940,i fall in love too easily,2
480,the thrill is gone,4
126,it's bad for me,4
861,my heart belongs to daddy,2
865,non dimenticar,3
131,september in the rain,2
910,i know that you know,5
664,i have but one heart ('o marenariello),3
976,sweet leilani,3
31,this years kisses,1
430,ellis in wonderland,4
953,let's do it,1
771,valse hot,5
309,blues in the night (my mama done tol' me),4
362,autumn leaves,5
290,you're my thrill,5
67,so this is love,1
460,sonny's mood,3
23,i surrender dear,3
45,love me or leave me,5
95,and that reminds me,2
734,too close for comfort,2
247,night and day,2
548,one song,3
658,they say it's spring,2
977,all of me,5
761,"on the atchison, topeka & the sante fe",2
837,he loves and she loves,2
366,i was doing all right,5
914,i hear music,2
957,wait till you see him,1
914,sweet lorraine,1
138,anything goes,1
463,september in the rain,5
190,"who do you love, i hope",4
454,these foolish things (remind me of you),2
444,it's easy to remember,1
436,a man ain't supposed to cry,2
873,i wanna be happy,2
207,i've got a crush on you,4
244,morning,5
459,all the way,5
241,just for the fun of it,1
159,i've got the world on a string,2
107,let's fall in love,1
195,the song is ended (but the melody lingers on),2
888,"just one of those things (from ""jubilee"")",3
701,but not for me,1
763,just friends,3
346,if i should lose you,4
671,you'd be so nice to come home to,4
305,ballad,4
950,steppin' out with my baby,5
163,yesterdays,3
924,there's no you,5
762,walkin',2
491,crazy she calls me,5
990,they can't take that away from me,5
185,give me the simple life,5
153,everything i've got,2
170,now at last,4
393,you for me,3
35,what'll i do,2
524,lover man (oh where can you be),2
228,the song is you,1
394,don't blame me,1
185,making believe you're here,4
155,"cherie, i love you",2
907,the banana boat song,5
510,teach me tonight,2
159,magnificent obsession,2
127,eternally,4
28,we're together,5
742,don't be that way,2
825,hot toddy,5
423,in orbit,3
787,take the a train,4
301,part iii,1
839,if i'm lucky,3
7,when i fall in love,5
482,what is this thing called love?,4
794,how long has this been going on,2
997,only trust your heart,4
925,whisper not,4
106,passing strangers,3
152,the test of time,5
400,good mornin' life,1
158,love is here to stay,3
223,write to me from naples,2
642,return to me (ritorna-me),4
490,fair weather,1
875,cool struttin',1
995,whatever lola wants (lola gets),2
193,broken hearted melody,3
223,lover man,4
138,promise her anything,1
91,poor butterfly,4
671,zing! went the strings of my heart,4
784,when i fall in love,5
438,i know i can't forget,1
980,it amazes me,2
897,soul blues,3
990,anything goes,1
921,goodnight sweetheart,1
965,sleep warm,3
536,with plenty of money and you,4
700,'round midnight,3
603,it's de-lovely,2
757,walkin' shoes,2
21,where is the one,1
502,life is a song (let's sing it together),5
657,"goodnight, my love",3
102,the things we did last summer,4
195,swing spring,1
383,all of you,3
794,i love paris,5
512,invitation,3
23,all i do is dream of you,2
306,some other time,1
576,oleo,4
611,white christmas,1
392,young and foolish,2
809,let it snow! let it snow! let it snow!,3
724,dream a little dream,5
836,are you havin' any fun?,1
687,enlightenment,2
791,perfidia,4
341,hour of parting,5
90,anything goes,4
706,you never told me that you cared,3
750,every day i have the blues,5
711,the two of us,1
478,"love me, my love",3
993,but not for me,2
331,too darn hot,2
755,evenin',3
392,fly me to the moon (in other words),2
707,maria,2
206,something to remember you by,1
502,ballade,2
601,in time,1
994,remember,4
481,the hearing,1
348,the surrey with the fringe on top,3
844,i've grown accustomed to his face,3
234,fly me to the moon (in other words),3
763,my life,1
467,on the street where you live,3
251,when you walked by,4
416,on the street where you live,2
635,fate in a pleasant mood,4
335,all night long,3
378,workin' with the truth,3
38,i can't make you love me,5
183,there'll be some changes made,1
47,in the wee small hours of the morning,5
731,i love paris,5
968,easy to love,5
511,junka (alternative version),5
85,spring is here,1
917,let's groove,4
303,i've grown accustomed to her face,4
223,just in time,5
55,autumn leaves,2
999,blue in green (take 3),5
191,bye bye blackbird,1
691,true love,5
477,someday my prince will come,3
565,i got rhythm,2
83,when the sun comes out,1
610,i could write a book,4
256,always true to you in my fashion,1
931,out there,3
185,the christmas waltz,2
792,up tight's creek,5
871,too close for comfort,1
349,roll call,2
276,if love were all,5
524,that old feeling,1
79,bella bella bambina,1
176,the touch of your lips,1
939,till,5
170,something like bags,1
134,alone together,5
580,you've changed,3
328,don't you know,3
121,grantstand,5
386,the story of life (all this is mine),1
824,katy do,3
502,bye bye blackbird,2
361,miss ann's tempo,4
215,let me know,3
93,hear my heart,5
10,lush life,5
434,my foolish heart,3
93,let there be love,5
818,don't blame me,2
205,love jumped out,3
703,i wish i knew,3
462,why don't you do right,4
663,"waiter, make mine blues",2
369,the plum blossom,1
408,yellow bird,5
216,i'll wait and pray,1
74,diamonds are a girl's best friend,3
787,my heart belongs to daddy,5
3,beautiful love (take 1),1
488,i'm gonna live till i die,3
795,detour ahead (take 1),5
845,ain't that a kick in the head,1
542,do it again,4
489,how long has this been going on?,1
604,you go to my head,4
2,rules of the road,3
137,just in time,2
106,living room,2
395,a lot of living to do,1
828,i fall in love too easily,1
987,always in my heart,4
54,i'm gonna lock my heart (and throw away the key),5
779,buon natale (means merry christmas to you),3
120,the last time i saw paris,1
398,i'm always chasing rainbows,1
32,you go to my head,4
563,falling in love with love,1
492,a hundred years from today,3
12,bewitched,3
42,when you're smiling (the whole world smiles with you),1
845,the good times,1
147,ave maria,3
270,la paloma,5
606,what a difference a day made,4
29,love (your spell is everywhere),4
829,april in paris,2
952,where is tomorrow,3
953,vaya con dios,1
736,silent night,2
941,once upon a time,5
105,"god rest ye merry, gentlemen",1
200,o holy night,5
296,silent night,4
10,swinging on a star,5
400,i hear a rhapsody,1
40,ramblin' rose,2
562,i'm gettin' sentimental over you,5
129,"caroling, caroling",5
867,what kind of fool am i,2
598,cha cha cha d´amour,4
498,c'est si bon,1
710,i love paris,1
741,her,5
466,besame mucho,3
881,too close for comfort,3
837,sans toi,3
347,and what if i don't know,2
658,things,3
688,a marshmallow world,3
410,almond tree,5
674,where are you?,3
791,you're the reason i'm living,1
881,you stepped out of a dream,5
779,i know,5
431,i'm so lonesome i could cry,2
611,i walk the line,4
861,if i love again,3
683,the good life,4
84,toys in the attic,4
578,let me love you,3
679,"gee baby, ain't i good to you",3
994,lush life,3
111,slightly out of tune (desafinado),3
29,the good life,5
792,i just dropped by to say hello,5
807,young at heart,5
633,my one and only love,2
632,the good life,3
932,fly me to the moon (in other words),5
325,johnny guitar,5
831,time after time,1
242,it don't mean a thing (if it ain't got that swing),5
594,how about you?,2
92,all or nothing at all,2
462,never let me go,5
172,don't you know i care,4
643,'deed i do,1
632,where are you,2
54,do it again,2
610,double rainbow,2
637,charade,4
533,memories of you,2
849,a taste of honey,4
640,the peacocks,1
780,the shelter of your arms,2
683,my heart cries for you,3
738,hands across the table,1
86,"every minute, every hour",2
217,spectrum,3
609,the devil,5
463,not for me,1
266,when joanna loved me,2
631,"i'm sticking with you, baby",4
620,shutters and boards,2
434,we'll sing in the sunshine,2
657,nice work if you can get it (take 3),1
361,lover man,1
508,anima christi,4
520,i've grown accustomed to her face,1
404,wouldn't it be loverly,5
728,she loves me,3
879,from lover to loser,5
917,what a difference a day makes,3
309,a spoonful of sugar,3
430,green onions,3
818,who can i turn to (when nobody needs me),5
793,in the other fellow's yard,2
333,st. james infirmary blues,2
523,supercalifragilisticexpialidocious,3
15,blueberry hill,1
827,corcovado (quiet nights of quiet stars),2
927,"smile (from united artists film ""modern times"")",3
700,try a little tenderness,1
914,girl from ipanema,5
931,quiet nights of quiet stars (corcovado),5
763,"it's been a long, long time",4
276,bachianas brasileiras,2
734,a kiss to build a dream on,5
152,i don't want to see tomorrow,4
565,you are woman i am man,3
982,satellite,5
346,you're my everything,4
998,be my life's companion,2
116,the time is now,4
407,the door is still open to my heart,5
144,fools rush in,4
999,you'll lose a good thing,5
560,smile,1
802,a lot of livin' to do,4
719,i know your heart,2
714,i wish you love,4
333,cantaloupe island,5
756,if you were the only girl (in the world),2
473,if i had you,5
221,how insensitive,4
426,then was then and now is now,1
611,our day will come,2
791,gentle is my love,1
228,summer has gone,4
359,all my tomorrows,5
458,end of a love affair,2
986,reach out for me,3
747,let me love you,4
766,i'll see you in my dreams,3
827,now hear my meaning,5
499,take these chains from my heart,5
420,here comes my baby,4
487,don't be on the outside,2
62,just in time,4
866,oh baby,2
191,falling in love with love,4
937,have a heart,4
126,take the moment,4
544,as time goes by,2
174,desafinado (slightly out of tune),3
129,you'll always be the one i love,1
281,all the things you are,2
493,two by two,1
675,there will never be another you,1
830,i've got you under my skin,1
440,i wanna be around,3
771,love scene,5
447,watch what happens,1
900,"dream on, little dreamer",2
284,blues in the night,2
957,who can i turn to?,2
688,a way of life,4
902,look to the rainbow,4
36,make someone happy,5
529,fly me to the moon,1
42,christmas time is here,5
805,as time goes by,1
351,fly me to the moon,2
387,thanksgiving theme,1
607,welcome to my world,2
423,time after time,4
315,if ever i would leave you,5
411,red roses for a blue lady,3
601,send me the pillow you dream on,1
166,(remember me) i'm the one who loves you,1
972,if i ruled the world,4
415,you'd be so nice to come home to,4
559,maria quiet,3
563,dear old stockholm,2
60,bye-bye,1
398,day by day,4
343,souvenir d'italie,1
914,fascination,2
318,an affair to remember,1
590,bye 'n bye,5
402,so long dearie,2
778,benson's rider,4
550,tyree's blues,4
121,ascension,5
515,how could i be such a fool,3
758,a certain smile,5
597,night song,5
626,i like this kind of party,1
15,the shape of things,5
187,yesterday,5
248,the second time around,5
85,mean what you say,5
727,don't you believe it,3
395,just friends,5
259,ain't that peculiar,2
615,toselli's serenade (dreams and memories),3
18,happy new year,5
340,the wonderful world of the young,3
465,we were in love,3
996,it's the talk of the town,5
407,the one i love (belongs to somebody else),4
487,"hungry freaks, daddy",2
887,a lover's concerto,1
402,anyway the wind blows,2
589,somewhere there's a someone,1
962,around the world,2
223,comin' home baby,5
121,fried neck bones and some home fries,2
708,a marshmallow world,3
800,i'm hip,1
910,california dreaming,3
434,bochinchosa,3
542,blue christmas,5
936,the impossible dream,1
808,my foolish heart,1
311,one o'clock jump,3
704,soul woman,5
827,old man time,5
420,i'll be home for christmas,1
489,stay,5
921,mame,3
400,sandstorm,2
175,lay some happiness on me,1
404,i can't help remembering you,2
414,wallpaper roses,3
54,you and me,1
441,oh that's nice,3
341,america drinks,3
519,o holy night,3
380,yesterday,2
797,indian lady,2
660,pride,5
898,my father,5
188,you've still got a place in my heart,1
629,part two,1
846,nobody else but me,3
440,fabulous places,2
272,it just happened that way,2
778,"sweet, sweet lovable you",2
427,today,2
491,san franciscan nights,1
206,"little ole wine drinker, me",5
325,fever,3
871,north,2
886,why don'tcha do me right?,5
890,release me (and let me love again),1
971,why are we sleeping?,5
102,lonely little girl,2
197,peace of mind,3
791,feels so good,5
799,try to remember,3
239,"harry, you're a beast",3
736,warm song,4
904,m.e.,1
908,the bead game,3
53,stay loose,3
823,anything,1
705,along comes mary,1
839,bow tie daddy,4
103,love of my life,3
111,whistle while you work,5
821,the bare necessities,1
815,hellzapoppin',1
337,900 miles,3
753,zip-a-dee-doo-dah,1
163,gentle on my mind,5
956,ali baba,2
557,the hustler,5
748,give me your kisses,5
913,dream a little dream of me,3
726,a dream,2
604,take my hand precious lord,1
235,love no. 1,2
587,'bout time,2
210,summertime,4
461,chim chim cher-ee,1
680,the good life,2
780,om,1
65,more love,3
643,love is stronger far than we,2
510,wailing of the willow,1
24,if you gotta make a fool of somebody,3
96,didn't we,5
594,trains and boats and planes,2
142,compensation,4
733,go away little boy,4
205,sleeping in a jar,3
11,didn't we,4
982,hulloder,4
445,i wish i didn't love you so,4
32,the air,3
752,have you ever bean grean?,2
787,beyond games,1
938,so long,2
820,say it loud (i'm black and i'm proud),4
737,only the lonely,1
312,wee small hours,2
885,i'm satisfied,3
556,walk on by,1
823,sing a simple song,2
636,the gumbo variations,1
330,liberation conversation,5
725,survival,2
846,compared to what,3
481,in a silent way,1
922,epitaph,4
180,i talk to the wind,3
190,21st century schizoid man,1
531,the glory of love,2
742,one woman,3
952,who am i?,1
252,take me back,3
424,vive y vacila,3
393,my foolish heart,2
840,walking in space,4
833,our ages or our hearts,1
935,"oh, happy day",3
590,blue skies,2
221,may each day,4
975,the prophet,2
50,take a pebble,5
205,clear days,1
104,tears,2
744,peace pipe,2
524,why did i choose you?,1
748,life goes on,1
606,funky meters soul,1
694,the price,2
62,expecting,1
250,"whenever, wherever",4
693,toads of the short forest,5
496,what are you doing the rest of your life?,4
111,delphia,5
288,blue soul,2
593,warning blues,2
21,rollin' on,4
244,the signs part i,5
742,my way,1
736,sunny,1
119,charade,5
42,lucky man,4
494,handy,4
719,the nancy & mary music,1
704,prelude to the afternoon of a sexually aroused gas mask,5
28,promenade,2
931,blue champagne,1
282,the warnings part iii,3
836,operator,2
675,avisale a mi contrario,1
582,cirkus (including entry of the chameleons),4
463,so much in common,5
754,time and a word,4
232,indoor games,1
539,fugitive life,3
781,then,2
137,down here on the ground,4
640,i'll see you in my dreams,3
653,voices inside (everything is everything),4
620,pictures of a city,1
511,the warnings part ii,2
947,in the wake of poseidon,1
837,farewell blues,1
56,"to be young, gifted and black",4
230,why not?,5
489,oh no,2
862,only when i'm dreaming,2
710,"oh, by the way",2
534,funny ways,2
366,hey western union man,2
443,eli's comin,1
141,oye la noticia,5
433,directly from my heart to you,1
45,alucard,5
956,completeness,4
956,come to my garden,5
163,candy,4
570,until it's time for you to go,5
368,sweet bitter love,5
701,this world today,2
641,the devil is dope,2
711,air for vibraphone,4
478,inamorata and narration by conrad roberts,2
213,plain truth,3
113,theme from shaft,3
94,everything is everything,1
780,what'd i say,4
651,reach out and touch (somebody's hand),2
264,energy,4
416,short business,1
534,it's impossible,4
992,see you then,1
312,rose garden,5
256,jody,2
947,for once in my life,1
942,mass,3
31,willie the pimp part one,3
4,latex solar beef,1
19,the only way (hymn),1
998,tears began to fall,3
59,black cat,2
456,a song for you,4
495,"starship trooper: a. life seeker, b. disillusion, c. würm",4
126,south side of the sky,2
546,pieces of a man,1
284,a venture,5
750,thank you for your love,1
236,(where do i begin) love story,2
26,she is my lady,4
35,put your hand in the hand,1
124,celestial blues,5
562,the parasite (for buffy),5
592,"i've seen all good people: a. your move, b. all good people",1
515,fell for you,4
343,tarkus (i. eruption / ii. stones of years / iii. iconoclast / iv. mass / v. manticore / vi. battlefield / vii. aquatarkus) [2012 remastered version],4
738,perpetual change,2
288,law years,1
838,the sage,4
735,moment of truth,5
815,wreck,5
832,california dreamin',1
106,be there,3
997,the great gates of kiev,2
142,fan the fire,1
595,a love supreme,1
470,help somebody,3
404,freedom death dance,3
632,the needle's eye,5
331,take a love song,1
815,got to get a knutt,2
195,you strike my main nerve,3
489,birds,1
36,remember the children,4
321,let me run into your lonely heart,5
371,i'd rather have you,1
914,gypsy woman,3
883,what happened to the world that day,5
935,sweet tears,3
271,for all we know,4
626,so fine,1
114,astronaut's nightmare,3
186,waves,3
301,i gotta have a song,3
910,spare some love,1
861,"the endless enigma, pt. two",2
214,paint me,1
956,until it's time for you to go,3
655,gettin' funkier all the time,3
130,sugar cane,4
978,siberia,2
821,friends,5
515,always and forever,4
929,and you and i,4
548,the ghetto,4
614,mom,2
90,pride and vanity,2
328,be real black for me,3
128,soul searchin',2
255,jealous guy,1
173,my people...hold on,1
55,the message,3
170,tm,4
826,little ghetto boy,5
993,pass the peas,3
786,everybody plays the fool,2
937,just memories,3
156,living sin,3
488,it just might be a one-shot deal,5
306,ain't got time,4
414,our love has died,3
986,where have all the flowers gone,4
939,down to the nightclub,3
362,what game shall we play today,2
235,"the endless enigma, pt. one",5
791,kiev,2
45,money is (feat. little richard),4
833,you got to get funkifize,3
224,someday we'll have a better world,4
536,power,3
83,karn evil 9 3rd impression,5
606,on the frontier,2
280,skyscrapers,2
39,benny the bouncer,4
977,cocoa butter,1
498,love is the message,1
17,night and day,5
358,the runaway,4
390,falling grace,1
342,giving love,2
187,women don't want to love me,5
872,you're the best thing that ever happened to me,5
843,feels so good,4
298,a reunion,3
316,brain salad surgery,2
879,non-stop home,2
154,way of life,4
241,experience,4
501,bitter sweet,1
722,still... you turn me on,2
763,i'd spend my whole life loving you,2
990,when love has grown,2
756,superstition,1
809,king george,2
386,woman of the world,1
977,you're everything,2
347,zomby woof,5
821,book of saturday,3
422,black byrd,2
816,would you believe in me,1
744,fat city strut,2
621,"karn evil 9 1st impression, pt. 1",2
991,fifty-fifty,5
305,love's so far away,2
61,carpet of the sun,3
189,land of make believe,3
130,love is everywhere,5
806,spain,4
563,keep your head to the sky,4
767,evil,1
156,this time it's real,2
87,montana,1
868,dirty love,1
752,stratus,2
211,mi jaragual,3
799,can you handle it?,2
434,river,1
636,"and you and i: i. cord of life, ii. eclipse, iii. the preacher the teacher, iv. the apocalypse",1
621,pains of love,2
325,build your nest,4
192,let it grow,2
8,journey to a rainbow,3
414,au right,4
997,proclamation,5
664,mother russia,1
46,rufus,5
357,black flame,1
60,line for lyons,4
526,power,5
810,a lonely way to be,1
907,door to your heart,2
842,lovin' you,4
755,dreams of tomorrow,5
125,tee nine chee bit,3
237,playing the game,5
863,the ghetto '74,4
347,reasons,4
331,if i were a carpenter,2
129,a song for you,5
406,son of orange county,4
434,more trouble every day,2
430,the honeydripper,1
726,nina,4
450,right is right,2
289,running hard,3
845,jive turkey,1
390,water,2
606,shoeshine boy,5
196,loving you is on my mind,2
535,one more red nightmare,4
880,stella by starlight,1
131,the great deceiver,3
262,what 'cha say,3
974,night and day,4
829,mister bass man,2
346,hi de ho man,4
129,st. alfonzo's pancake breakfast,1
614,hey pocky a-way,1
961,kalimba story,1
609,pick up the pieces,2
88,keepin' it to myself,1
353,seeing you this way,2
860,yesterday princess,3
92,the mincer,4
213,feelin' blue,1
648,fair but so uncool,4
92,once you get started,3
373,the gates of delirium,2
99,i just can't give you up,2
874,advance romance,4
516,circles,3
89,rhayader alone,1
593,is it love that we're missin',5
418,on reflection,4
444,some other time,2
772,jive talkin',5
8,arthur,2
144,silently falling,5
821,dunkirk,5
556,i can't stand the rain,3
805,trio blues,2
849,ebony jam,3
557,rock skippin',1
919,sanctuary,4
8,we'll be together again,4
820,red alert,1
722,how sweet can you get,1
198,man with the woman head,5
756,(se acabo) la malanga,5
670,sam with the showing scalp flat top,3
82,200 years old,2
684,i love him so much,1
127,talkin' 'bout new orleans,2
495,sugar cane,4
686,the touch of your lips,2
851,you are the world,5
758,my foolish heart,4
876,"köln, january 24, 1975, pt. ii c",2
390,"köln, january 24, 1975, pt. ii a",1
42,you and the music,5
99,sun touch,2
384,ain't misbehavin',5
284,let's do it,5
62,skippin' work today,4
359,(it's not the express) it's the j.b.'s monaurail,3
258,happy feelin',1
979,the jam,2
238,reasons,1
588,can't hide love,5
612,inseparable,3
469,bemba colorá,4
727,please set me at ease,3
611,lazybones,2
468,sweet sticky thing,4
278,time machine,1
683,fool's paradise,1
74,simple things,3
383,action speaks louder than words,4
430,celebrate,5
744,marie,5
127,florentine pogen,1
551,ain't givin' up no ground,2
359,can you do without?,5
135,rhayader goes to town,3
104,all aboard the soul funky train,3
487,adventures in paradise,2
489,hold out your hand,4
463,groovin' the night away,1
440,polly wolly doodle,3
977,feelin' that the feeling's good,2
696,i got the chop,5
492,malkauns,1
145,san ber'dino,4
259,your love,1
35,rhayader,2
566,chain reaction,1
669,cloudy,2
951,welcome back home,5
89,happy,1
514,my life,4
489,is once enough?,1
261,wave,5
37,under your spell,4
579,free and single,3
918,somewhere in my lifetime,1
316,contradiction,2
125,night sprite,3
20,no plans for tomorrow,4
850,music is the key,4
579,goin' up in smoke,4
533,together once again,3
379,miles out,5
31,fire and rain,3
842,gonna make changes,4
435,we go through changes,3
330,energy level,4
924,sinbad,1
620,i loved you,1
761,amir,4
968,old friend,1
248,so this is love?,1
118,ain't no half steppin',3
365,your song,4
725,living all alone,4
423,this masquerade,4
927,"earth, wind & fire",2
554,lady,4
30,you are my starship,1
468,affirmation,1
204,a love of your own,2
805,brick city,2
358,donna lee,2
638,get it up for love,1
972,love your life,5
845,monkey see-monkey do,3
818,you and me my love,3
255,the big guns,5
157,look after love,3
994,betcha by golly wow,2
343,overture,5
808,soul searching,4
658,the devil is loose,3
60,goin' home,4
912,life is just a game,4
340,agua de beber,2
71,living in confusion,1
668,ain't nothin' stoppin' us now,5
955,the groove line,1
501,"hey, uh, what you say come on",1
827,burnin' bush,2
415,swamp rat,2
520,egyptian song,3
266,mr. jelly roll baker,2
180,isn't she lovely,4
11,how'd i know that love would slip away,3
331,just can't stay away,1
502,the happiest days,4
258,i just love you,4
252,you must believe in spring,2
409,watching over you,2
973,show me the way to go home,5
932,could you believe,4
231,feel it,3
539,could it be i'm in love,4
804,the party song,5
650,closer to believing,5
804,burst in with the dawn,1
401,rejoice,1
235,happiness togetherness,4
599,"hold me, thrill me, kiss me",5
599,we're in love,5
890,key to my heart,1
383,lend your love to me tonight,3
6,scheherazade,4
693,stop that train,4
416,you'll be with me,4
914,life can be happy,3
771,make someone happy,3
614,searchin' my mind,5
638,what do the lonely do at christmas?,5
346,good luck charm,3
610,be my lady,5
84,hello again,3
927,love and death,4
713,wonderous stories,5
922,b'wana-he no home,3
86,i really hope it's you,5
932,just for you,4
694,son of slide,1
658,daylight,4
346,chanson,4
80,fantasy,4
263,i'll write a song for you,4
496,be ever wonderful,2
329,could heaven ever be like this,3
811,strawberry letter 23,5
714,the world is a ghetto,1
852,i've got love on my mind,1
44,mirage,1
348,free love,4
168,devil's dance,2
398,a feeling is,2
592,sheik of araby,5
630,mississippi delta blues,2
997,tears in my eyes,1
989,oh! lord,3
507,better days,5
405,at midnight (my love will lift you up),2
338,"tamborim, cuíca, ganzá, berimbau",5
464,don't be blue,4
837,who has the time,5
829,this side of sunshine,4
223,no more okey doke,2
324,everything must change,1
427,the way you love is heaven,4
17,mental medication,4
938,ain't no doubt about it,4
501,walking the line,4
591,don't give it up,5
511,day of the dreamer,5
701,love i never had it so good,5
667,we as love,2
251,dear little nightengale,3
557,your wish is my command,5
606,time to kill,2
687,rainbow's end,3
171,(sittin' on) the dock of the bay,5
372,takin it to the streets,2
104,ain't no smoke without fire,5
158,we can dream,5
406,rdnzl,2
75,kindness (at the end),1
614,drac is back,4
473,so won't you stay,2
800,preface,1
526,easy living,4
624,it's you girl,1
26,thinkin' about it too,1
954,movin' on,2
996,got to get you into my life,2
531,consuelo's love theme,3
122,in the dead of night,3
214,believe in yourself,2
424,song for my mother,5
273,ride on b.t.,1
728,melodies of love,3
851,don't let it go to your head,4
666,the sweetest pain,4
256,guaguancó del adios,1
555,sunlight,1
893,when you were sixteen,2
773,love music,3
252,opening out,1
732,a robinsong,5
235,cape verdean blues,5
154,superwoman (where were you when i needed you),4
823,thirty years,1
489,in the night-time,5
950,new beginning,1
42,fly with wings of love,2
988,slow dance,4
864,midnight plane,4
671,i'm gonna miss you in the morning,1
409,fairy tales for two,5
403,"take the ""a"" train",4
892,wait,4
673,kiss me,1
477,summertime,2
20,unchained melody,2
3,your love is stranger than mine,4
518,"never, ever",4
760,funkin' for the thrill,2
29,welcome into my world,4
999,love reborn,3
318,honey from the jar,3
953,a doodlin' song,5
724,year from now,1
328,harvest time,4
978,quiet nights of quiet stars,2
495,walk on by,2
474,your way,5
693,all's a chord,2
115,wait for me,3
851,stop the rain,5
835,time is money,1
249,body and soul,4
332,"so good, so right",3
472,space fling,1
755,a little bit of love,2
421,agua de clavelito,2
274,you and i,4
213,street life,3
625,dreamers,4
774,memory lane,4
407,watermelon in easter hay,3
109,just a touch of love,5
86,the central scrutinizer,5
212,flakes,2
725,bobby brown goes down,1
31,piano in the dark,2
330,pastime paradise,1
962,all the things you are,2
300,roomful of mirrors,5
765,wait a minute,3
408,sleep dirt,3
33,trust me,2
94,the best is yet to come (feat. patti labelle),1
624,pass me by,3
325,you're the one,5
737,long time love,4
867,when it's over,5
589,yo' mama,1
909,where is your love,3
234,riding,4
666,thank you,4
531,come into my world,2
180,into the lens,5
356,feel my love,2
829,it ain't necessarily so,3
958,oleo,4
509,be mine (tonight) (feat. grady tate),5
579,in a sentimental mood,1
706,ready for love,3
654,sack full of dreams,5
742,tomorrow,2
296,spirit of love,1
676,don't kill the whale,4
766,in the tower,5
986,saturday night,3
378,the song of life (la-la-la),1
31,need your love,1
364,happy endings,2
99,give me time,2
308,prisoner of love,4
741,all up to you,4
227,distracted,4
645,take it to the sky,3
991,sparkle,4
527,turn it into something good,5
538,let me talk,1
461,seascape,5
54,every generation,5
559,cuando cuando,1
717,funkin' for jamaica,2
856,lotus blossom,4
630,on my way home to you,5
563,spain (i can recall),3
433,all dressed up with nowhere to go,5
170,loving you more and more,2
704,open the door,3
573,and love goes on,2
770,you take my breath away,3
163,every time i see you,1
65,the klan,2
162,still life,3
745,we couldn't start over,2
813,closer to the one that you love,3
863,(if i could only) change your mind,2
985,with you,5
295,magnificent madness,1
261,home,2
947,waiting for the axe to fall,4
423,(a rhyme) this time,4
51,love's victory,4
467,honey wild,2
535,early morning sunshine,1
314,pride,5
478,back on the road,2
147,philly,3
3,like a lover,1
263,does it really happen,5
821,you went away,2
701,love me again,3
23,let's fall in love,1
36,faces,1
644,inside you,5
310,got to be loved,1
940,smokin',1
64,funkentown,3
370,all the things you are,2
485,tonight's the night,3
816,he don't really love you,5
660,step it up and go,5
621,the steamin' feelin',4
749,ship ahoy,1
578,return of the son of shut up 'n play yer guitar,4
501,all i need is you,4
187,get tough,1
407,one in a million,5
179,if only she woulda,2
129,mudd club,4
130,drafted again,3
751,shut up 'n play yer guitar some more,3
433,if you believe,2
660,unicorn,1
848,just for you,3
943,peaches iii,4
115,i'm so glad i'm standing here today,4
571,canard du jour,5
390,easy road home,1
787,as long as i live,3
704,i just want to love you,1
488,steal your heart,5
594,you are a winner,5
236,evolution orange,2
125,my old friend,5
25,sometime ago,3
130,the changing times,2
239,sign of the times,1
260,we need love to live,4
371,rockin' you eternally,4
761,frame by frame,5
769,you must believe in spring,2
625,one hundred ways,1
272,breakin' away,2
74,wanna be with you,5
74,right back,2
965,teach me tonight,1
306,on and on,3
464,cucurucucú paloma,2
703,matte kudasai,3
624,hold tight,5
325,we got the love,2
741,teaser,3
30,running back to you,1
649,pieces of a dream,3
760,charlie's enormous mouth,4
823,the genie,1
505,music is the key,5
838,any downers?,3
612,treacherous cretins,3
83,morning thoughts,5
147,changing times,5
637,feel that you're feelin',3
753,love all the hurt away,3
122,your cheatin' heart,2
813,storm music,1
786,dancin' free,4
386,i get it from you,2
281,reason,1
202,he'll have to go,2
133,n.y.c.,1
624,sunset,5
300,don't be sad,4
656,a fantasy,2
933,in the name of love,1
968,sometimes i'm happy,3
21,stay in my life,1
726,sweet magic,4
91,champagne and caviar,2
384,celestial love,4
148,i get a kick out of you,1
690,anything goes,4
261,stone love,4
318,invitations,1
411,somewhere,1
644,please don't do this to me,5
417,two hands,2
733,lonely afternoon,3
911,keep it in the family,3
476,paradise,5
321,retrospect,3
372,makeup,2
975,nuclear war,1
680,bitch to the boys,2
738,star child,3
269,where there is love,2
349,here we come a-caroling / we wish you a merry christmas,3
637,love will come someday,4
230,stay,1
382,making love,3
901,happy hour,2
51,give it all your heart,2
477,checking out,4
2,ladies' nite,3
725,silver bells,2
201,(she will) take you down to love,1
452,wonderland,4
205,can i touch you there,5
950,no exit,3
152,something special,1
361,if only,3
876,let yourself go,2
206,no one but you,4
832,straight to the heart,5
260,the things you see (when you haven't got your gun),4
737,suddenly,4
205,tribeca,4
54,moggio,3
534,stardust,1
934,spirit of a new world,2
318,pass it on,5
461,you (are the light),5
256,david,1
432,san say,3
483,northern cross,4
883,zebra man,1
10,soon,4
232,blue ballet,5
413,three,3
13,what a fool,4
749,aspan,5
504,people,1
681,cruisin',3
314,beauty and the beast,4
522,do me right,5
83,please stay,3
280,save me,3
929,time on the nile,5
485,another place,1
457,never let me go,1
475,weakling,2
945,i keep callin',2
629,lady love me,1
777,born to love you,1
160,changes,4
375,in your eyes,3
756,so tender,4
75,i will be here for you (nitakungodea milele),4
958,when sly calls (don't touch that phone),4
651,leave it,1
580,island world,1
870,thousand cranes,1
84,next to you,3
498,city of love,4
187,now that your joystick's broke,1
424,claire's song,4
862,sex,2
458,dance wit me,1
843,throughout,4
612,tell me why,5
708,late at night,5
672,ain't that peculiar,3
27,one million kisses,3
820,milky way,3
125,thank you,3
503,could it be right,1
792,freak,1
471,two eyes,3
5,islands,1
152,gang,1
590,tokyo,2
720,tonight we escape (we make love),3
528,iron gang,4
749,frogs with dirty little lips,2
3,can it be done,1
51,heart's desire,1
552,clowns on velvet,1
964,nuclear war,4
435,live for violence,5
921,that's the way it goes,1
831,jeannine,1
444,all for you,4
979,planet of my dreams,3
675,flamingo,2
336,rockall,1
6,just my luck,4
242,on top,2
321,birks' works,3
43,teach me tonight,2
499,you needed me,1
426,paris blues,1
379,too marvelous for words,4
966,out of the blue,3
759,warm,4
628,keep it comin',4
429,i've grown accustomed to her face,3
571,choose me,5
652,high crime,1
469,raging waters,3
498,fallin',3
717,voivod,4
185,model man,4
258,for all we know,4
760,haunting me,5
780,zoot,5
932,all behind us now,1
213,after all,5
369,you stepped out of a dream,5
203,are you for real,2
14,the king crimson barber shop,4
50,stardust,5
983,noé,2
663,the mammy nuns,5
720,sinister footwear ii,1
742,honey i love you,1
530,suck your bone,1
229,forever mine,1
69,i'll close my eyes,3
101,war and pain,2
409,love speaks louder than words,5
202,better things to do,5
864,warriors of ice,1
214,moods,5
256,all in love is fair,2
461,blues,1
998,just for money,3
558,juguetona,4
678,19,4
497,music i heard,4
913,to you,3
408,someday sweetheart,3
296,gettin' away with murder,5
51,don't waste my time,3
883,time for love,4
368,cherokee,1
954,if i believed,3
10,you can't stop the rain,3
674,you are the love of my life,3
324,nothing's gonna change my love for you,3
191,your secret's safe with me,5
877,please don't walk away,3
329,metal fatigue,4
554,when i give my love to you (with brenda russell),3
719,when she is mine,5
920,that's all,4
67,one night stand,1
503,give it all you got,4
788,now i know why,3
684,please don't say goodnight,5
779,let me count the ways,5
258,new day,3
520,don't be shy,2
845,by design,1
318,brave new hope,1
813,and you know that,5
237,i dedicate my life to you,2
464,count your blessings,3
573,just say stet,1
943,just for your love,2
507,givin' up food for funk,1
728,whatever happens,3
540,cruising for bruising,2
930,korgüll the exterminator,3
438,innamorata (sweetheart),3
338,have you looked into your heart,3
28,the christmas waltz,4
337,"caroling, caroling / happy holiday",5
493,3 a.m.,2
526,it's the most wonderful time of the year,3
529,overjoyed,1
945,from now on,5
100,but not for me,3
230,holding on,5
194,barenese,1
105,fuck off and die,3
178,we've saved the best for last,3
67,mirror of the heart,1
89,much later,4
403,undercover,1
126,true love,4
812,what you won't do for love,3
710,go stetsa i,1
762,i want to be happy,5
128,spirits 16,3
855,beautiful,1
627,facts of love,4
258,sweet love,2
434,the touch of your lips,4
35,maputo,5
296,"stay a little while, child",5
954,tutu,3
682,save yourself for me,5
507,minute by minute,2
777,by the time this night is over,3
780,trains,4
180,i was doing all right,4
247,even if my heart would break,1
143,moon tune,2
456,across the midnight sky,2
758,pleasure,3
963,stay away,2
360,smoke gets in your eyes,5
486,you make me believe,2
92,lies,2
939,if i should lose you,5
273,three little words,4
76,bronx blues,3
980,tour's end,3
476,killing technology,2
877,collaboration,2
318,how long has this been going on?,3
16,too late now,2
931,drunk on love,2
205,now you're in my dreams,4
307,stormy weather,4
915,prisoner of love,5
122,goodbye,3
89,nothing personal,4
960,penthouse serenade,1
464,serenata,5
583,tornado,3
288,yearning,2
904,azure-te,5
334,love is here to stay,3
208,the song is you,5
103,the camera never lies,2
972,"i can dream, can't i?",5
541,runaway,4
266,miles away,1
216,"shoot high, aim low",3
660,the sweetest sounds,3
330,my little suede shoes,5
272,deep purple,4
822,let's fall in love,2
308,if i give my heart to you,5
975,blue and sentimental,4
777,let there be love,1
249,fly me to the moon (in other words),2
592,love is here to stay,5
810,promises,4
549,the key to you,1
498,pick yourself up,5
727,"goodnight, my love",2
35,i'm running,4
556,clear horizon,5
213,go for you,3
436,why can't i love you,3
178,you stepped out of a dream,4
652,goody goody,4
450,run for cover,1
748,third time lucky,3
310,only trust your heart,2
740,beer barrel polka ( roll out the barrel ),3
756,when the winter's gone (song for a stranger),4
291,in full gear,4
519,goodbye,4
355,time in place,1
584,who can i turn to,4
355,sounds of the safari,5
778,pleasure over pain,3
133,stephanie,3
313,stardust,5
519,all the things you are,4
281,subordinate to the domination,4
536,if,5
468,royal garden blues,3
481,tough,1
3,"another story, another time, another place",3
808,once in a while,5
728,malleus maleficarum / anthropomorphia,1
233,stand up,4
941,they can't take that away from me,5
771,jimmy's bonus beat,2
398,time after time,4
401,hoop-dee-doo,2
971,tonight i'm yours,3
469,one way,3
394,if you go away (ne me quitte pas),2
586,black is black,4
481,chromazone,5
397,contrabando (contraband),1
754,takes my breath away,1
803,dbc let the music play,3
505,she ain't rose,1
29,blue skies,3
817,funny blues,4
740,the promo,5
546,do nothin' till you hear from me,2
428,thanks for the memory,2
896,be one,3
952,funny how time flies (when you're having fun),2
568,corner pocket,2
226,"do it, fluid",2
677,the process of suffocation,2
125,layla,2
834,prologue (2 q's rap),5
252,my bucket's got a hole in it,4
538,cast your fate to the wind,4
874,j. beez comin' through,5
68,i don't go for that,4
124,you and me,1
587,punta del soul,4
875,whisper and promises,5
332,the golden age,5
507,out of the body,4
700,candy,3
336,change on our ways,1
372,jersey bounce,1
658,chronic infection,3
365,suspended animation,1
945,out of the night,5
95,on the strip,3
412,peace,2
144,secrets,1
147,"here, there and everywhere",4
859,nothingface,4
53,"hop, skip and jump",5
146,misty,1
881,lite bake,3
700,stompin' at the savoy,3
348,zip-a-dee-doo-dah,2
954,long ago (and far away),4
633,i surrender dear,2
838,pero me hiciste tuyo,3
327,just us,5
194,joy & pain,1
184,leading me back to you,5
719,where or when,5
763,it had to be you (big band and vocals),3
772,happiness is,3
796,"tomorrow (a better you, better me)",3
595,in the shade of the old apple tree,4
134,valse de bamboula,1
454,la vie en rose,5
504,makin' whoopee,3
371,rock creek park,1
90,wee b. dooinit,2
679,again,4
889,winter wonderland,2
167,it's all in the game,2
787,astronomy domine,1
235,walking in rhythm,1
198,you won't be satisfied (until you break my heart),4
649,wishing on a star,1
538,piano in the dark,4
697,night hawk,3
42,swing that music,1
22,buried in blue,2
820,not an angel,2
720,in the blue of evening,5
901,show me the way to get out of this world ('cause that's where everything is),4
43,sleepy serenade,2
896,i'm for real,4
616,deep in a dream,5
363,play your guitar for me,5
596,i'm sorry dear,4
928,anything you want,3
319,alone,1
582,"sing, sing, sing",1
250,fall out,4
347,there are such things,5
714,them that got,5
910,make my day,5
545,indian summer,4
937,far away places,5
104,just listen,5
942,lake of fire,3
543,through the test of time,4
786,stormy weather,5
37,why don't you do right (get me some money too),3
398,12th street rag,4
600,love me or leave me,5
545,yare,1
876,straighten up and fly right,3
387,stompin at the savoy,1
858,i'll never smile again,2
598,the road less traveled,4
498,cast your fate to the wind,4
155,in my life,3
312,complicación,4
498,only 'cause i dont have you,5
639,the art of love,4
714,everything depends on you,4
950,elmer's tune,4
454,the little christmas tree,5
571,i'll love you,1
903,azure,1
447,every day i have the blues (with joe williams),2
512,it's a good day,3
511,aftermath,2
505,lee,3
844,graduation day,3
924,you stepped out of a dream,2
195,you can't fall up (you just fall down),1
99,ritual,1
873,parking lot blues,3
75,what the hell,1
567,the woodpecker song,3
620,sickening,1
138,the little man who wasn't there,1
790,smoke,1
862,paralyzing ignorance,1
665,a blessing and a curse,4
304,to the ends of the earth,3
962,poor butterfly,2
202,cryptic realms,4
432,ride in the sky,3
427,lover,2
369,blue rain,5
145,you and i,4
656,bodily corrupted,2
750,biohazard,3
178,it's great to be alive,1
964,land of tears,4
895,erroneous manipulation,3
996,from beyond,4
728,careless,5
562,song of the volga boatmen (russian folk song),1
115,humiliative,3
878,saving my heart,3
757,considered dead,1
516,but it didn't mean a thing,3
883,sonny cried,2
54,rottenatomy,5
951,it's only a paper moon,4
862,chance,1
205,wash your face in my sink,2
239,i live for your love,1
649,when you wish upon a star,2
478,the bare necessities,2
681,the creator,1
382,rap promoter,2
163,what?,3
78,perfidia,5
719,straighten up and fly right,3
852,sweet lorraine,5
342,stiff and cold,4
378,somewhere along the way,5
323,my definition of a boombastic jazz style,4
542,twisted truth,5
63,fools rush in (where angels fear to tread),5
708,when the swallows come back to capistrano,5
331,if i could give you more,5
901,put the funk back in it,5
251,blue orchids,2
249,blue gardenia,4
487,lush life,5
406,the best of me,4
246,mecca & the soul brothers,4
37,with imagination (i'll get there),1
171,a blossom fell,2
700,i go crazy,1
28,never can say goodbye,3
733,(there'll be blue birds over) the white cliffs of dover,3
594,(there's no place like) home for the holidays,3
713,stay this way,4
710,stardust,2
493,i got you (i feel good),1
159,head to the sky / devotion,1
937,lush life,1
388,where do you start,1
36,touch of heaven,1
242,speak low,5
150,"chicago, damn",2
646,creepin',5
186,it's like that,3
604,calling you,5
193,how i'd love to love you,1
209,a time for love,3
231,thanks to you,5
380,state of yo,4
594,i don't stand a ghost of a chance with you,4
693,even for me,4
292,with this heart,2
633,6 o'clock,2
828,cherry pink and apple blossom white,4
692,everything,4
442,smoke gets in your eyes,2
148,don't you worry 'bout a thing,2
746,lotus blossom,2
996,on the backside,2
136,with open arms,1
41,the longest summer,1
205,soul brother #1,3
356,prince of peace,1
91,call me irresponsible,1
678,i've got the world on a string,2
402,it's gettin' hectic,3
892,a year ago,2
809,the joy of life,1
661,l-o-v-e,3
440,medley,4
519,soul flower,3
330,suddenly it's spring,1
506,summertime,3
789,bonafide funk,5
540,lisa,1
173,more,3
893,"if it ain't rough, it ain't right",2
262,benny,5
365,who makes the loot?,1
607,it's jiggaboo time (skit),1
111,honeysuckle rose,2
896,if i were president (skit),5
799,come back to me,2
803,quinton's on the way (skit),5
144,sunlight,4
157,fade away,1
928,walkin',2
603,"with their flesh, he'll create",3
511,step into my life,3
108,vonce #5,5
959,cry me a river,1
665,your place or mine?,4
984,walkin' the line,1
556,when my heart finds christmas,3
887,the skeleton in the closet,2
93,starship trooper,2
769,how could i,2
267,where do we go from here,4
107,revolution 1993,3
761,beware my heart,2
281,"let it snow, let it snow, let it snow",5
880,pennies from heaven,4
427,how i remember you,2
305,let there be love,5
82,i go to work,4
861,just another brother,2
268,talkin' loud,4
497,lazy day,2
468,ac-cent-tchu-ate the positive,5
166,i'm thru with love,4
287,far away places,3
211,season for change,3
706,coming to life,1
663,cold day in hell,4
571,i love lucy,2
121,going up yonder,5
147,what are you doing new year's eve?,5
652,straighten up and fly right,2
311,time & space (a new refutation of),1
434,straight from the heart,3
753,ballerina,1
527,apple green,5
703,dream a little dream,4
657,i got it goin' on,1
499,appointment at the fat clinic,5
387,escapism (gettin' free),1
563,definition,3
467,ac-cent-tchu-ate the positive,1
727,"it's been a long, long time",1
652,jimmi diggin' cats,3
139,it's good to be here,3
704,sometimes i cry,4
37,the devil comes back to georgia,5
498,no way,4
651,please don't eat the daisies,5
869,steppin' out with my baby,5
505,spring can really hang you up the most,5
498,blow your mind,1
581,a bushel and a peck,3
134,i wish you love,4
679,veil of maya,4
7,park bench people,1
716,winter weather (feat. peggy lee),1
355,dragonfly summer,4
122,far away places,2
249,as time goes by,4
705,it's only a paper moon,3
55,outro,2
539,disseshowedo,2
53,one in a million,3
215,bonita,2
398,embraceable you,5
317,sleigh ride,3
722,i wish you love,4
580,for once in my life,4
421,simple pleasures,5
207,the monkey theme,4
506,check it out,2
218,i got rhythm,4
774,soelen gaaer bag aase need,2
965,worldwide,1
205,jump with my baby,5
927,black tears,3
934,get on the mic,1
890,sittin' in the sun,1
900,she deserves it / rachel's wedding,4
203,you'll never walk alone,3
92,not yet,2
782,back to the land,2
564,winter wonderland,4
489,the song is ended,4
521,try a little tenderness,1
695,lili marlene,5
650,one autumn night,2
41,i can't stop loving you,5
852,my foolish heart,5
947,black and blue,1
367,lost in loveliness,2
933,can we live,3
727,cool shades,4
710,broken dreams,4
210,morning glory,2
416,gods of rapture,5
939,when i fall in love,5
150,escape,1
310,king of swing,2
307,highing fly,5
360,parce mihi domine,4
894,do you feel what i'm feeling?,2
782,take you there,1
914,all the places,2
548,half the man,2
659,mysterious vibes,5
794,chandra,1
341,have yourself a merry little christmas,3
41,when you're smiling (the whole world smiles with you),3
129,(when we are dancin') i get ideas,3
300,for me and my gal,5
78,you can't lose a broken heart,4
11,line up,2
264,minnie the moocher,2
83,the boogie bumper,5
188,mambo swing,1
768,have a good time,3
62,love don't love nobody,4
213,brother sister,5
376,i'm gonna live till i die,3
135,carmel city,1
96,worlds keep spinning,5
124,somethin' that means somethin',3
79,tiger rag,4
60,where did we go wrong,5
624,love will keep us together,5
357,i need more time,4
167,hey you,2
93,roots (back to a way of life),3
701,half a minute,4
747,suffer in truth,1
406,transfixion,5
251,one time,2
74,easy to remember,3
160,love is blindness,4
750,ponderosa,1
695,feed me,1
53,opus one,4
599,inside whats within behind,4
109,i've got the world on a string,2
571,the e.n.d.,3
885,no man's land,5
55,stepping into my life,4
292,dream lover,5
72,lady,3
721,inka dinka doo,3
792,spellbound and speechless,4
335,alabama blues (todd edwards vocal radio edit mix),2
362,ariana,4
555,brand new you're retro,1
450,kledt i nattens farger,1
535,it's oh so quiet,3
318,spring in manhattan,2
615,gotta get my hands on some (money),3
595,devil music,1
869,vanished,4
414,you're getting to be a habit with me,5
685,in my corner,3
641,drive time,3
742,(are you ready) do the bus stop,1
799,lollipops and roses,1
646,camouflage,5
673,i can't make you love me,4
984,until,1
158,when you love someone,3
240,squeeze me,2
922,you always hurt the one you love,5
857,laughing on the outside (crying on the inside),4
789,future breed machine,1
802,the creator has a master plan,5
526,nevertheless (i'm in love with you),5
474,latin quarter,4
505,beneath,2
129,you don't,1
265,do nothin' till you hear from me,5
847,soul burn,3
551,dinosaur,2
431,i got rhythm,4
420,forget it,5
427,a day in the life of a fool,1
765,pumpkin,2
32,everything i do gonna be funky (from now on),1
797,got it goin' on,5
81,hit that jive jack,3
846,new york minute,3
614,the best things in life are free,1
275,autumn leaves,3
242,gorecki,3
19,a prayer,3
746,blackbyrds' theme,3
932,i wanna thank you,5
810,at last,4
64,i can't call it,4
965,danny boy,1
609,hollywood swinging,3
429,night train,4
809,shifting gears,2
918,black stockings,4
93,all apologies,3
842,boulevard of broken dreams,4
154,reggins,1
720,changeling,2
377,use the force,1
167,the pressure,2
127,mutual slump,3
113,word play,1
447,joy and pain,2
301,just another day,5
674,true and livin',2
801,hip 2 da game,2
892,travelling without moving,5
566,how could an angel break my heart (with toni braxton),4
301,always,5
413,hilawe,1
245,makes me wanna die,3
870,trigger hippie,1
261,never an easy way,2
912,lusty,3
301,song of india,5
874,we're in the money,5
398,blueberry hill,5
481,beat me daddy eight to the bar,3
508,on the move,1
17,why hip-hop sucks in '96,5
966,let me call you sweetheart,1
484,a mother,5
540,blame it on my youth,2
488,my heart belongs to daddy,2
517,b-side to hollywood,4
17,it's all good,3
138,rockin' it aka spanish harlem,1
293,all or nothing at all,1
337,funeral,1
195,smoke gets in your eyes,2
353,life,1
896,lullaby of birdland,2
456,i still dream,4
246,all the things you are,1
948,night,1
165,regulator,3
664,hide nowhere,4
966,but beautiful,2
205,in the full moon light,1
401,confucius,3
620,hyperborea,5
309,between the devil and the deep blue sea,1
949,mystica,4
184,a lot of livin' to do,5
807,lively up yourself,4
592,the dead flag blues,4
653,soul miner,2
418,you are the universe,2
822,autumn leaves,5
929,black nostaljack aka come on,2
450,i am the black gold of the sun,2
585,follow me,5
557,east hastings,3
385,so good,5
332,all the way,4
347,ron's place,4
228,relaxin' with cherry,2
900,pleasure seeker,1
379,a grand love theme,4
976,georgia on my mind,3
798,samba cepeda,3
688,you move me,2
986,providence,3
159,runaway,5
858,china boy,2
150,krystal karrington,4
467,i can't kick this feeling when it hits,4
132,waltz for ruth,4
734,jazz potato,1
76,one heart one love,4
134,intro,1
453,waitin' for the train to come in,2
334,del,2
9,liaison,5
507,the music that we hear,5
389,happiness,1
278,new millennium cyanide christ,2
639,tajai,5
156,corridor of chameleons,3
321,prisoner of love,3
673,casual,5
970,i love you too much,2
368,reachin' down inside,2
977,unreal,5
503,the last one,2
118,i'm a woman,2
401,in / flux,1
439,song-song,4
126,obscura,1
758,broken homes,3
109,i'll never smile again,2
328,#1 soul brother,4
874,just for a thrill,2
897,idaho,3
882,time is a healer,5
790,sane,2
658,fly by night,3
942,memories of you,1
189,one life to live (feat. mc eiht),4
8,when the swallows come back to capistrano,4
715,a-plus,4
189,penthouse serenade (when we're alone),5
678,ev'ry night about this time,4
936,the mouth licking what you've bled,2
178,neurotica,4
510,concatenation,1
599,opio,2
437,u.n.k.l.e. main title theme,4
220,fear and love,4
914,say it again,1
285,like it like that,5
680,munayé (my muna),4
588,steppin' it up (feat. busta rhymes & redman),5
342,exit music,1
697,let me see,5
712,the bare necessities,2
257,all things,4
241,address unknown,1
595,busta's lament,3
928,love changes,5
947,blindfold,1
986,we are one,5
822,question and answer,1
450,take your time,5
767,give me (feat. noreaga),4
273,joe cool,4
37,sing you sinners,3
812,a place in my heart,3
185,phesto,5
358,his name is mutty ranks,5
355,spellbound,1
91,shoulder holster,4
311,riders in the sky (a cowboy legend),2
134,da booty,2
928,i shot the sheriff,1
133,bloodstain,3
125,start it up,5
404,pad & pen (feat. d-life),1
513,the love,1
425,pick yourself up,1
567,cry (brown bear mix),5
299,why should i care?,2
745,devil may care,4
473,smile,4
911,big and bad,2
433,i can't get started with you,1
733,for you,1
767,argha noah,3
469,awakening,2
873,when i grow too old to dream,1
776,for all we know,5
350,it hurts to say goodbye,4
435,every time she whispers,5
53,sugar coated sour,3
455,love's theme,1
488,blind,5
844,midnight at the oasis,1
930,i'll be there,1
144,love will save you,5
219,domination,4
60,what's next?,5
246,come along with me,3
869,shining,1
454,"just you, just me",1
223,heart like an open book,5
704,trouble on my mind,5
338,jim fear,2
339,i'll string along with you,5
91,don't ever leave me,2
478,noto swing,3
878,as i am,1
545,hocus-pocus,1
818,the door is open,5
731,are you ready?,4
664,black capricorn day,4
459,when your life was low,5
456,falling,4
781,love is on the way,4
119,ain't got time to waste,5
738,together again,5
296,from gagarin's point of view,1
428,give me the simple life,5
694,cry me a river,3
727,into each life some rain must fall,5
735,let's fall in love,3
55,west end,4
835,i got it bad and that ain't good,1
639,no jive,4
730,i've got you under my skin,2
741,i've heard that song before,2
609,moomba,4
953,paradise,5
764,homelands,4
783,blame it on my youth / meditation,2
719,one day i'll fly away,4
17,planet home,5
657,those were the days,3
95,don't forget,5
696,the bright side,5
986,tsunami (inside my soul),4
74,fever,5
378,nothing compares 2 u,1
460,survival,3
949,feel like makin' love,1
580,time after time,4
447,every time it rains,2
885,lost in moments,4
413,the key,4
470,let it go,1
121,always,1
481,anniversary song,1
109,the crow,1
93,shadow tricks,4
76,between us,5
278,a time for love,2
867,i wanna be loved,5
442,love's like that (feat. fourplay),3
331,cantaloop,2
751,ain't got nothin',1
13,drophere,4
390,stay,2
130,handful of keys,2
394,feeling good,4
431,focus on sight,3
658,nothin' like tomorrow,3
991,love sweet love (feat. mr complex),4
108,cold cold heart,3
236,aren't you glad you're you,4
630,up a step,5
140,sleep,5
323,inside my mind (blue skies),1
14,c'est si bon,2
308,his majesty king raam,5
93,walkabout,2
521,land of...,1
275,now 'til forever,4
762,keep your worries,1
569,mood indigo,2
577,time after time,3
200,the staunton lick,3
252,last tango in paris,3
112,kathy's song,2
443,storm,3
477,a smile like yours,2
468,here comes the night,1
104,what you think about...,5
528,whatever lola wants,4
505,from the start,3
535,i see you baby (feat. gramma funk),2
395,just to be loved,1
7,dinosaurs,1
723,lucky trumble,5
857,chicago,4
822,a guide for i & i,4
932,smile,3
281,nervous tension,2
737,tomorrow,3
647,i miss you so,3
804,la goutte d'or,5
513,i got cash,2
348,the mirror conspiracy,1
228,in the city life,5
379,across the sun,1
907,cocaine diana,1
453,infinite regression,1
17,so good to feel real,5
959,life story,1
628,falling for you,1
465,relaxin at club f****n,5
950,i was a prisoner in your skull,5
659,qweloquiallisms,3
986,i wish you a merry christmas,2
920,fogma,2
849,coming back home,1
996,yum-yab killers,2
52,soul,1
559,breathe,1
598,boarding,3
977,it won't stop,3
393,sleep is wrong,4
841,blame it on my youth,5
670,take a number,4
671,all about you,2
63,when i'm alone,5
401,nice & slow,2
514,if i only had a heart,2
409,i'll walk alone,3
667,i ain't got nobody,3
908,who needs forever?,4
523,how about you?,1
769,when i opened up my eyes,1
353,simple things,3
778,snake oil,3
392,the finer things,5
757,mala jujer,5
541,glow,2
565,creole,5
274,together tonight,1
555,elevator music,1
125,"medley: caroling, caroling / the first noel / hark! the herald angels sing / silent night",3
872,guilty,5
298,love me as though there were no tomorrow,1
739,in the waiting line,2
956,excess,2
879,can't hide love,5
918,"mis dos pequeñas (feat. angá díaz, amadito valdés, carlos gonzález & manuel galbán)",2
612,down by the river,1
79,he's a tramp,3
63,suntoucher,3
622,floor & more,1
22,take me inside (christophe goze mix),1
455,let the good times roll (with b.b. king),2
933,winter wonderland,1
403,pure easy,4
454,two hearts,1
529,i get along without you very well,3
494,little by little,5
369,do you hear what i hear?,2
440,indigo blues,4
976,it's a lovely day today,4
100,the nearness of you,3
877,chopsticks,1
65,tonight,1
749,feel so good,3
759,sunset,5
629,new york state of mind (with billy joel),4
684,genetic world,4
904,pure imagination / candy man,3
699,the novel sound,1
209,sous le soleil,3
457,i can only be me,4
417,let's do it together,1
292,june,1
692,better than anything,4
142,no use feat. clara hill,5
842,galaxy,5
64,dream a little dream of me,2
242,way beyond,2
210,i will survive,3
258,all that you give,2
246,aqualung,3
334,adeus,1
114,cruisin' your way,1
744,six days,3
186,it gets heavy,2
576,(i got) somebody new,4
390,experiment number six,1
321,straws pulled at random,4
811,stengah,1
541,take the picture off,3
542,something wicked,3
493,mind eye,1
791,funnybones & lazylegs,1
492,pure,3
439,perpetual black second,2
309,sao paulo,2
718,fly me to the moon,3
339,undertow,5
133,shot in the dark,4
73,that's the time,5
111,spasm,1
173,david,5
75,date with destiny,3
287,salud,4
977,galaxia,1
172,high noon,3
169,and the angels sing,2
290,falling in love with jesus,5
343,exotica,2
533,scuba,3
364,the horror,1
857,never let me go,5
140,imagine,1
785,danny boy,1
867,bossanova feeling,3
233,fly me to the moon,1
208,love's silhouette,1
13,joyful girl,2
847,seven whole days,5
786,all that we perceive,5
277,surrender (feat. boney james),5
736,otherwise,2
389,season song,1
410,home cooking,4
901,passin tru,1
508,here's that rainy day,2
537,burn out,2
43,stay chisel,1
938,chicken-bone circuit,4
661,i love music,2
179,hoping (herbert's high dub),2
480,slow down,2
186,blues in c minor,3
13,yesterday,5
536,because you're mine,4
267,peep show,1
458,silence,4
643,king of fools,3
579,suicide,1
854,butch and butch,2
112,reality check,5
389,"open your eyes, you can fly",3
132,blue,1
676,my ideal,2
62,in the black of night,1
762,king wisp,2
448,but i feel good,2
238,salt,4
125,you are my sunshine,1
467,you'd be so nice to come home to,1
145,beautiful otherness,4
159,mr. incognito,3
860,it's all in the game,4
590,yesterday's mistakes,2
458,call off the search,1
94,good boy,5
746,they can't take that away from me,3
50,american tune,2
93,"run, rabbit, run",2
515,ad a dglgmut,3
193,pyramind,4
204,my singing soul,5
178,love is a many splendored thing,1
392,volare,5
616,mordecai,4
326,true colors,5
755,lavender coffin,2
629,the closest thing to crazy,1
381,tunnel,3
688,moonbeams,4
894,deadhead,4
242,the lost song,5
192,tales of kidd drunkadelic,2
394,the awakening of a woman,5
95,do you feel me,5
168,the breakdown,4
896,hands of time,3
352,beat laments the world,4
528,we have all the time in the world,2
408,the final view,5
686,so long without you,1
164,i've got a crush on you,5
706,cut the jazz,1
722,a million ways,5
72,highs 2 lows (feat. cise starr from cyne),5
657,everlasting,4
472,le vicomte,4
435,"take me, i'm yours",1
115,kalabancoro,3
628,how i know,1
279,sweet potato piper,4
714,where breathing starts,2
635,who's mad @ who,3
986,glamour & glitz,2
698,in a state,2
334,indian summer,4
951,fragile,3
757,pavane,2
369,"peace, prosperity & paper",1
810,"oh johnny, oh johnny, oh!",3
599,make someone happy,1
488,philly high,3
234,my favorite things,4
159,shopping bags (she got from you),2
931,no more,3
925,how could an angel break my heart,1
737,get on up,4
599,ain't it strange,2
604,making days longer,1
299,ignominious & pale,5
758,illusions,4
347,i get a kick out of you,1
458,diminished to b,3
919,its a love thing,5
892,exercise 4,2
43,the curtain falls,2
922,play around it,4
898,epitaph,2
47,sculpture,5
332,jet son,1
599,spring to kingdom come,5
841,lavish,3
158,we are the storm,4
722,van damsel,1
935,silence calls the storm,5
361,foul body autopsy,1
976,to breathe in a casket,5
208,surprise,4
519,triptych part 3,5
650,you play me,1
987,too many games,1
576,low down blues,2
591,symbiotic in theory,4
444,verbal clap,1
568,someone's second kiss,2
135,big dipper,3
382,narrow daylight,1
9,honeysuckle rose,5
861,superwoman,2
851,breaking up is hard to do,5
617,much more (feat. yummy),5
56,and here we test our powers of observation,1
214,blood,4
808,unretrofied,3
444,weary blues,1
467,no ordinary love,5
657,pure,3
694,everything in its right place,5
265,springtime again,4
602,dream a little dream of me,5
572,somersault,4
475,the peacocks,5
705,passing by,4
910,warm sound,2
22,18th & m,4
883,i wish you love,4
431,"baubles, bangles and beads",4
986,when i fall in love,1
172,door of the cosmos,2
31,yesterday,4
928,only ash remains,3
313,close enough for love,2
379,panasonic youth,2
916,the stillborn one,2
77,cinema paradiso,3
494,for once in my life,2
312,sunshine the werewolf,5
501,"""it’s a good day""",2
378,what a difference a day makes,4
778,nearness of you,2
621,morning song,3
144,here she comes,1
218,blue sky and yellow sunflower,4
742,ready to hang,2
559,fermented offal discharge,1
271,these are the days,1
430,transit (feat. david sylvian),1
646,all at sea,4
341,blind my mind,2
205,the girl in the other room,1
129,a certain smile,4
613,six million ways,1
104,meaning of love,3
701,pure gold,1
175,call my name,2
237,the call,4
355,moonsmith,1
773,all the things you are,4
662,slow,1
329,it took the night to believe,4
892,before you snap,4
803,mr. briefcase,5
547,groovin',4
154,deep in a dream,4
13,rise and shine,5
925,one note samba,4
794,"me, myself and i",3
985,redeemer,3
816,you make me feel so young,2
852,starchild,5
355,my one and only love,5
127,roboturner,5
224,hot tequila brown,5
884,a taste of honey,4
544,dark days,5
267,to you (feat. brian mcknight),2
713,disenchantment,5
81,dehumanization,1
677,east of the sun (and west of the moon),2
38,imprint of the un-saved,3
607,mind's mirrors,5
641,columbus stockade,1
754,be there,5
206,passing me by,3
605,in death,3
313,i'll always love you,1
107,let there be love,4
555,'68 aka only time,3
259,good morning heartache,1
886,autonomy lost,1
974,if i ever see you again,1
40,one for my baby,2
579,and the story goes,1
997,we can live on love,2
564,let my people go,3
232,marching the hate machines (into the sun) featuring the flaming lips,3
745,pacific coast highway,1
963,hiding,5
613,nine million bicycles,2
207,tropical,3
316,the volcano song,5
320,sagittarius red,3
67,seven nation army (feat. alice russell),4
554,hypnosis theme,1
957,(don't) give hate a chance,5
361,come fly with me,3
11,selkies: the endless obsession,3
739,trail of tears,3
260,the music inside,4
37,hit the ground,2
406,doors of perception featuring gunjan,4
749,yours,1
334,are you lonesome tonight?,5
692,que sera,5
966,how do you really feel,4
740,warning shots featuring sleepy wonder and gunjan,4
908,cherrystones,1
869,'round midnight,5
378,give the drummer some,4
802,get em goin',2
309,all the way,3
935,"monkey see, monkey do",4
952,people make the world go round,4
180,while we speak,5
253,budos theme,3
832,rock the boat,4
862,here is to you,3
555,cay's crays,2
580,expiration date,1
344,this is not america,5
165,mystery of life,4
195,maintain,1
324,more soup,5
210,cadillac slim,5
859,if i can't have you,3
423,it's simple,3
482,high flyin',4
368,this time (i'm gonna try it my way),5
800,blackened,1
755,in the name of love,2
46,brazil,2
163,deep down,5
726,let it flow,1
270,half the perfect world,3
526,también nos duele,3
126,pudpots,3
350,one on one,3
30,i will survive,5
730,the gardens of sampson & beasley,1
42,cemetary gates,3
911,three of a perfect pair,3
675,forgotten places,3
735,an autopsy,1
984,eve's song,5
830,pestilence,5
888,song of the black lizard,4
872,leica,3
698,walk in the sky,1
699,i'm so glad that i'm a woman,4
448,if you stayed over,5
840,tonight i celebrate my love,2
869,dreaming,3
848,hats off,3
497,balek,3
66,sunday morning,1
376,breathe,2
959,sing you sinners,5
98,disconnected,3
593,vampira,2
657,bye bye blackbird,2
122,as time goes by,2
209,still talking to you,2
199,moods,3
535,at last,4
398,runaway,3
378,mothership reconnection (feat.parliament/funkadelic),5
276,everything (feat. bajka),1
286,the sweetest,3
91,my love's leavin' (feat. michael mcdonald),2
852,you raise me up,2
565,damn,3
556,the summer wind,5
400,hang on little tomato,5
757,little walter rides again,4
735,the wilhelm scream (feat. megan washington),3
779,smile,5
698,yesterday,5
337,first snow,3
164,aspettami,5
653,sunny,5
288,la pasionaria,3
775,feeling good,1
738,my heart reminds me,3
706,rainy night in georgia,5
244,california rain,2
908,china boy,2
737,one by one,3
203,left behind,5
476,the way we were,3
342,on the radio,3
384,don't let go,5
310,evicted,4
236,northern girls,4
404,by your command,5
423,goin' home,3
909,natural high,5
714,freak u,3
301,all i know feat. c.l. smooth,5
727,give me the simple life,2
943,the church and the dime,4
552,keys to the kingdom,2
202,moonglow,1
997,the tea leaf prophecy (lay down your arms),5
199,where the road parts,2
99,minnie the moocher,5
691,stay awhile,1
783,the bitter suite iii: embrace,2
509,let's elope,2
75,end of the line,2
960,your move,1
195,holding on,1
269,you're getting to be a habit with me,1
365,some lessons,2
965,sometimes,2
229,throw it away,5
282,too late,3
682,aquarian angel,1
606,river,3
578,kind of latin rhythm,1
276,in a mellow tone,2
870,puttin' on the ritz,1
473,after hanabi -listen to my beats-,4
169,i say a little prayer,2
770,a time for love,4
63,smiling swine,4
750,"un, deux, trois",2
478,i see a different you,5
795,whenever there is you,2
304,black is the night,2
248,landslide,5
269,huntermatic,3
546,chicago falcon,5
734,never let me go,2
245,11:58,2
343,elevation,2
616,our love is here to stay,5
665,koop island blues,5
827,and so it goes,1
362,milk lizard,2
47,black orpheus,5
881,washington square,5
821,i've got that tune,1
472,memories,5
727,minor swing,4
537,where is your heart at?,5
364,prequel to the sequel,4
431,his hands matched his tongue,5
131,lito's place,3
20,blood of the rose,5
385,once upon a past,1
432,1878,5
448,the pimp and the priest,3
523,informal gluttony,4
993,hours of ours,4
620,midsummer night blues,2
373,believe,4
758,white walls,3
483,mouth of ghosts,5
979,rio,1
157,telephony,2
140,blue skies,5
285,einstein do it,5
734,stormy weather,2
694,heard that,4
937,espera,2
712,blue eyes crying in the rain,4
249,this spiteful snake,2
704,what is jazz,1
476,retaliation suite,4
809,pravus,3
124,xenochrist,4
138,planetary duality ii: a prophecies fruition,4
666,music takes me up,1
576,when can i see you,4
68,electric red,2
884,earthmover,1
71,i adore you,4
455,planetary duality i: hideous revelation,2
920,pineal gland optics,2
846,mare nostrum,5
467,above the clouds,3
734,vampires,4
107,gimme some,3
222,love is in town,2
131,speak your heart,3
432,be there,4
915,love in time,1
267,like leaves in the wind,1
887,the aftermath,2
287,sons of belial,1
129,prison born,1
449,gipsy woman,4
605,sunny,3
141,the space for this,4
689,sumthin',3
588,coldly calculated design,2
306,bambous,4
604,the chant,4
349,you ought to be with me,1
383,memories of you,3
312,combustion,2
241,make it last,1
444,obzen,3
98,goin' all out,5
39,what cha gonna do?,5
404,the big gloom,3
536,i don't love,2
790,bloodhail,5
727,sewin'love,1
401,strasbourg / st. denis,1
606,bleed,1
250,suzy,5
705,sound the alarm,5
554,it's too late,3
565,funky picante,1
633,"it's been a long, long time",1
144,hunter,4
654,dancers to a discordant system,3
834,ancient covenant,1
237,don't get weary,1
885,stay as sweet as you are,1
661,you've got to have freedom,4
651,the numbers game,3
851,my soldier,5
802,we can dance,3
77,somewhere over the rainbow,5
822,morning in rio,3
343,beautiful drug,2
377,lethargica,1
796,"deep, deep",3
698,the culture,2
956,son,4
28,i can't make you love me,2
427,age of reason,4
435,coco,4
693,the nod,1
616,ghost girl,3
886,the prophet (version 2.0),2
300,calloway boogie,3
513,hurt,1
908,bésame mucho (kiss me much),2
328,touch,3
17,run away,5
619,life and death,4
417,the thief,5
996,classic,3
473,(they long to be) close to you,5
828,"that sunday, that summer",4
695,deep within the corners of my mind,4
331,game tight,2
648,numbered!,2
90,i'm shooting high,1
128,true love,5
90,this beautiful life,5
746,black future,2
459,same sun,2
630,my funk,3
451,everytime you go away,4
511,b-boy on wax,1
7,bare bones,3
821,loveland,4
497,hello mademoiselle,1
644,love is queen omega,4
995,i'm free,5
124,don't go,5
88,if the stars were mine,3
749,fascination,3
947,under my sensi,3
232,fort knox,2
93,the basis,2
972,in cauda venenum,2
501,tale of two cities,5
11,the way you look tonight,1
675,lonely & cold,5
373,listen,1
838,the mojo radio gang,1
490,smooth while raw,3
477,walk on by,3
654,snake charmer,4
961,send one your love,5
928,when i fall in love (feat. chris botti),1
610,hit that jive,2
546,the music scene,5
661,what a difference a day made,5
117,gumball machine weekend,4
722,hold on tight,3
566,go get your gun,3
297,"those lazy, hazy, crazy days of summer",1
993,saved,5
657,wake up sister,3
465,the poison woman,1
540,mirrors,3
889,supercrush!,3
344,don't let me be lonely tonight,1
264,addicted!,4
514,"disease, injury, madness",4
372,falling in love with love,2
45,desert of song,4
253,i'm doin' my thang,4
807,fossil genera (a feed from cloud mountain),3
716,divers,5
498,can't help falling in love with you,5
953,mustard gas,3
851,what it means to be alone,1
42,over the rainbow,3
130,my one and only thrill,1
226,lover undercover,4
706,writing on a wall,4
493,the raft,3
668,just give me a chance,2
165,obfuscation,2
318,hot style,2
796,in my life,1
590,riviera life,4
388,taxman,2
579,dr. wanna do,2
410,the eraser,2
66,hardwire,3
520,the passing stars,4
281,jump start,1
452,crimson,2
808,so so lovely,3
388,gilbert's grove,5
240,no fear of heights,1
683,so strong,1
858,falling,4
687,widower,1
264,we saw the sea,1
500,love story,4
616,shameless (feat. bryan ferry),5
399,victory,1
833,look me in the eye sister (feat. jess larabee),2
526,the promise,4
844,falling in love with jesus,2
677,a fine romance,5
712,saving all my love for you,1
672,all through the night,2
97,cosmic echoes,2
107,thinking of you,1
395,eyesdown,5
538,be careful it's my heart,5
663,fall again,3
253,hold the night,1
434,polyfizzal drizzal,5
539,dope remix edit,5
748,bienvenue dans ma vie,3
940,history (love mix),2
554,history (feat. will young),5
867,all good in the hood,1
611,make like a tree (get out),3
525,lillian,2
923,one day in st. tropez,4
304,false flag dub,4
906,holding back the years,4
635,awaken,2
214,le piaf,1
976,filth and squalor,4
717,lament,4
330,origin,3
66,"young, beautiful etc.",4
423,overstand,1
891,i gotta rokk,3
537,"never forgive, never forget",5
61,serenade of the bells,1
197,perfection,2
622,the trumpet,4
135,i smile,1
2,she's always singing,2
201,ganges delta blues,4
183,eden,4
514,beirut,4
708,fly,1
253,juular,5
863,tonight tonight,3
410,a new day,3
271,lunar wilderness,3
335,cry,1
424,wings of santa lucia,2
744,tripping in triplets,5
955,it's not the crime,3
181,just a taste,3
284,waterfall,1
822,the crutch,5
73,deny it all,5
844,nascent,2
424,echo,3
805,we've got a score to settle,1
827,do it again,5
999,ice cream,5
268,i wanna be loved by you,2
930,sing sing sing,3
952,sunrise,2
34,vampires (afrolicious & rob garza remix),5
889,sweet happy life,1
825,tower seven,1
965,eruption,4
935,dreambig,2
868,serious drug,2
426,what a difference a day made,3
238,first snow (ooah remix),5
998,mayflowers,1
569,andrew's break,3
611,city lights (feat. pase rock & substantial),1
447,heartbreaker,3
803,i'm glad there is you,3
984,quiet nights of quiet stars,1
800,the chant,4
797,culture of fear,1
17,one by one,2
655,omnipresent perception,4
282,tetrastructural minds,1
494,i go to sleep,5
836,swing thing,2
765,ring my bell,4
904,fame,3
356,deception,1
971,stuck on a wire out on a fence,3
271,(never been to) california,1
255,stay awake,4
590,red river valley,2
826,kilimanjaro,2
908,the black box,1
469,it only took a kiss,4
415,where we belong,4
343,i’ll take romance,4
470,lies,3
312,marrow,1
642,high noon,1
826,clint eastwood,1
217,parallax,5
413,clash,3
966,swarm,3
392,lift off / mic check,3
451,traces,3
894,turn back time,2
487,i am colossus,3
135,nobody's fool,5
614,be free,1
630,three portraits,3
553,autotheist movement iii: deconsecrate,1
669,bloom,3
488,the consequences of jealousy,4
265,grace,3
108,all these feelings,1
87,only once,2
684,the hurt that finds you first,3
988,come closer,1
818,summertime,2
371,goodbye to everything reprise,3
106,more!,3
544,anything’s possible,3
570,exit strategy of a wrecking ball,5
811,joy to the world,2
303,shoot him down,1
307,accelerated evolution,3
801,santa claus is coming to town,3
37,behind the sun,1
887,mira,5
835,i'll be home for christmas,3
451,let it snow! let it snow! let it snow!,4
238,melting city,1
623,time to go,5
730,save our now,5
184,take my hand precious lord,2
765,tragedy and harmony,4
687,feelin' it,1
807,our love,1
822,do you hear what i hear?,4
395,joyride,5
858,autotheist movement i: create,4
127,good morning,3
37,savia,5
748,when lights are low,4
494,black gold,1
599,cotton heads,1
928,would you mind,2
58,blinuet,4
137,panic,2
501,you're my music,2
439,cherish the day,2
947,down the line (it takes a number),2
784,jimmy's gang,5
668,crazy in love,1
78,film burn,3
408,modern man intermission,4
668,nicknackatory,3
398,beatophone,3
32,fraccions,5
848,smile,4
451,"out, damn light",2
203,i can give,2
167,radio song,1
849,move love,2
739,forget not,3
529,lay your ghosts to rest,3
903,seven minute mind,1
865,just a sample,1
888,voodoo mon amour,2
864,fall,1
124,and plague flowers the kaleidoscope,5
797,picasso,3
632,astral body,1
266,autotheist movement ii: emancipate,5
570,you take my breath away,5
165,descarga cubana,5
730,blowing up the spot,2
446,old records,4
624,boom child,3
226,atlas stone,5
283,killing birds with stones,5
932,last call in jonestown,4
795,i warned you baby,2
909,sphynx gate / the world it softly lulls,3
256,living in the past,1
124,edenville,2
426,on my own,3
358,got to get you into my life,5
822,gone under,1
139,dragon chasers,5
92,you can count on me,2
26,beatbox,5
753,track 10,2
785,queen of the underground,1
188,paris,2
197,valentine,1
997,doctor foo,3
651,i can't stop loving you,3
275,in memoriam,4
481,längstmedån,1
204,i love her,3
403,get a hold of yourself,5
133,the kiss of life,1
638,girl,3
770,innamorata (sweetheart),2
943,pareidolia,2
10,take back tomorrow,3
324,too hot to last,1
912,hope,1
134,an escape,5
569,nothing's funny,3
247,clean the house,5
698,chasin rhymes (feat. saara maria),4
578,can't stop me,5
403,of matter,2
387,don't rock the boat,2
617,mobius streak,1
83,tonto rides the gain,1
789,of mind,4
224,almas vaggvisa,5
480,brothers on the slide,5
3,i have dreamed,1
346,"love, love, love",4
964,natural cause,5
664,one of us is the killer,4
511,willy's headache,2
890,whisper,5
255,atlas novus,4
690,happy,5
896,give thx,4
418,don't you worry 'bout a thing,4
49,canto de ossanha,2
582,always there,1
529,citizens,2
324,brighter than gold,5
703,prancer,2
848,changes,2
305,no love dying,4
524,pieces,3
710,impediment (feat. lindsay olsen),3
434,the world it softly lulls,4
403,saint germain,1
368,ay jona,3
699,ocelot,1
409,for all we know,4
467,rob the banker,5
985,it don't mean a thing,3
562,swing thing,3
110,the queen of swing,5
428,moonlight bay,1
237,la giostra (the merry-go-round),5
41,march of the poozers,5
46,eleanor rigby,2
363,erykah’s gun,3
437,number 1,4
140,twitch,4
645,we fall in love,5
425,virginia wolf,3
853,i'm not in love,4
139,florasia,5
21,eyes closed,3
511,i walk alone,1
681,forbidden fruit,3
828,i cried for you,3
940,14 til,5
499,in binary,3
692,when the world was one,2
617,a million and one,5
465,medicine chest,4
481,same beat,2
598,bring the sun/toussaint l'ouverture,2
20,fallout,2
661,i get the job done,5
578,days like this (spinna & ticklah mix),5
102,it don't mean a thing (if it ain't got that swing),3
813,tabula rasa,3
472,california dreamin',2
672,all of me,5
26,love look away,1
147,oxygen,4
687,just a little boy (for chester burnett),1
585,mané,2
262,exchanging,4
115,salvadanio,5
771,dlp 1.1,3
165,"top hat, white tie and tales",3
314,depth of my soul (feat. shana halligan),1
966,autumn leaves,1
555,i've got you under my skin,4
86,love is here to stay,5
287,pipeline,2
142,screen shot,5
912,soulful strut,3
384,landmarks,4
900,triste,5
419,my famed disappearing act,5
904,everybody loves the sunshine,1
561,the sun,3
22,saudade,5
764,alone again (naturally),3
319,from the bottom of my heart,3
183,let's start the new year right,1
387,figure numatic,3
392,place in my heart,2
78,showdown,3
146,blood on the radio,4
770,don't wait too long,2
933,this painted world,3
392,where's yesterday,2
911,who's got the action?,1
317,home on the range,2
504,tempo and swing,3
648,firelight (feat. lou lou ghelichkhani),3
555,simple science,1
899,pains,4
350,sticky july,3
209,no more disguise (feat. lou lou ghelichkhani),4
957,senza fine,5
829,kafi lied (feat. sarah palin),2
705,and then,3
651,champs-elysées,4
342,"luv (sic) 12"" remix",5
499,rebirth,1
151,the key,3
26,tourniquet,1
419,the world was wide enough,4
818,mute,2
33,is there anybody here?,5
472,famine wolf,3
401,third law,2
841,whistlin,5
899,king redeem / queen serene,3
593,wait,1
737,only time all the time: making friends with studio owl,3
829,the journey,4
183,that's right!,5
159,kossa kossa,1
754,the bitter suite iv and v: the congregation and the sermon in the silt,5
208,rust,3
562,seven names,1
858,time for tea,1
122,the bitter suite vi: abandon,1
47,six feet underground,5
272,all the things you are,2
727,c'est si bon (it's so good),3
110,ouroboros,1
405,utopia,5
645,messenger,5
114,sour soul,5
861,souvenirs,5
504,the spark of the archon,5
786,luv (sic) pt4 lastorder remix,4
749,si me muero,1
919,brain cells,5
163,kolkata,4
894,rewind,2
491,phoenix,1
125,if all goes well,3
376,bound universe,4
304,mamí me gustó (feat. ibrahim ferrer),5
258,heart shaped box (radio edit) [feat. julia church],4
476,manha de carnaval,5
879,leroy and lanisha,1
390,the ectopic stroll,4
425,1993,2
733,once i was loved,3
730,building a ladder,1
502,human leather shoes for crocodile dandies,1
16,if you could read my mind,4
742,marigold,4
52,summer breeze,1
479,bodas de oro (feat. rubén gonzález & jesús ramos),4
625,in the wee small hours of the morning,3
54,bassment jazz,5
509,midnight,1
985,clair de lune,4
415,dream a little dream,5
529,comics,3
76,schehmetmoll,4
180,aftermath,3
136,wonderland,3
875,fingerprints,4
987,cherokee,4
822,shaolin monk motherfunk,4
270,tattoos,1
599,lay down,5
417,the lung,1
747,ray gun,4
839,come hell or high water,1
206,a lil bit of,2
225,atari,5
677,all the joy,1
289,mono,1
822,don't wake me,5
881,bitch don’t kill my vibe,1
587,waiting,1
161,colour,5
996,luv (sic.) pt3 (feat. shing02),4
670,dystopia,3
477,swamp thing,2
146,jailhouse blues,2
581,survival,1
439,tone's rap,4
877,choose your weapon,3
273,lights out,1
299,the march,4
759,use ya mnd (twentyfourseven),4
90,swing it like roger,3
292,truth,5
567,gratitude,3
463,break apart,5
885,one and only,4
253,native son prequel ft. leo napier (jenaux remix),5
334,the revival,1
170,blue automatic,5
796,coffee houses,1
956,mocha jazz delight,3
682,cascade,1
197,tango till they’re sore,3
509,1985,1
531,gloria,2
494,guess it’s all over,5
109,from the dust of this planet,3
238,soul eyes,5
711,dig my feeling,2
786,jakarta,3
17,macrowave,4
799,just landed,4
437,the most cursed of hands / who am i,5
635,life is so peculiar,3
400,enormous room of silver,5
383,mr. usher (on his way to town),1
250,the world connects,5
816,this love,2
626,he's a tramp,3
868,sunrise drive,5
776,kms (feat. atlas),4
623,monstrocity,4
947,the flame (is gone),2
717,the fire (remains),4
575,party raiser,3
329,initiate,2
490,bass me baby,2
539,who to love?,1
934,silence is the way,3
179,public syllogism,3
954,the amateur arsonist's handbook,2
921,regress,4
304,like a star,5
764,prologue: a faint applause...,4
726,shout sister shout,3
493,secrets within,3
216,war of the currents,4
219,consequence of love,3
931,limerent death,3
265,tawo,3
556,conrad tokyo,2
843,the circle,3
834,born in dissonance,4
669,mr. invisible,5
44,holding on,5
447,machinegun rap,5
551,made man,4
670,graffiti on a high school wall,4
756,the things we did last summer,4
572,all night,5
84,we the people....,3
684,peaceful life,2
693,every time,5
790,shimmer,1
735,don't take your love from me,5
921,count your blessings,5
109,morning sunrise,5
175,nobody speak,1
880,chapter 7 (feat. ty),4
653,(everybody's waitin' for) the man with the bag,5
152,nobody other,4
408,dreaming of you,1
927,casino de capri,5
646,zesty yearn music,1
794,joli garçon,2
240,mobius,4
413,failure,1
667,the light,4
896,coroner,3
754,"claudia, wilhelm r and me",5
384,clockworks,2
297,psychopomp,2
490,will you be mine,4
591,stuck,2
789,the way through,4
255,warm brew,3
704,under different welkins,3
542,no more tears,5
462,the only way,1
38,soul fever blues,1
376,street jazz,1
516,paid,4
626,moonglow,1
230,marie,3
619,6am,1
547,tubesocks,3
112,oatmeal,2
287,you're the best thing yet,3
794,if i can’t hold you,1
869,never ever,4
144,doors closing,3
844,take it slow,4
957,the meaning of love,2
110,butterfly,3
248,molasses,3
861,miss chew,2
768,ecstasy,4
561,squint,3
125,that's my desire,1
952,catch my drift,5
139,hideaway,3
977,l'appel du vide,3
75,bubbles,2
153,the god behind the pines,1
894,blue skies,2
666,sympathy,5
532,seasons change,4
526,homebody,1
876,atoll,1
789,no one in the world,1
198,true sons of zion,2
879,they can’t take that away from me,1
223,automaton,1
896,come meh way,4
198,cloud 9,2
429,tearz,5
36,roller skates,5
17,empires,4
111,fruitflies,1
299,dream,5
117,crossfire / so into you,4
76,ohio,5
721,night and day,1
426,black betty,1
296,loved ones,5
65,jackie gets out,5
329,theme for laura,3
69,there's a small hotel,1
56,whatever it takes,4
515,whereyougonnago?,4
112,aqua skies,2
531,whereucomefrom.,4
469,strike the root,4
839,high tide,1
539,bewitched,5
76,hiding place,5
556,nerve,4
453,feel this way,3
252,breathe,5
969,we walked together that night,3
536,honestly,3
292,smoke with me,3
659,same ole love (365 days a week),5
17,keep on,1
506,rhyme writer,3
94,balcony,3
308,basenji,5
684,smile,5
862,know the name,4
213,fakin jax,1
841,fontessa,3
170,6 a.m.,5
563,mono,1
389,vincent tyler,2
460,my queen is ada eastman,2
705,black kennedy,5
96,golden wings (instrumental),3
143,tokyo,2
279,let's go,2
221,it ain't right,3
273,eyes wide shut,4
224,chronos,2
866,change of tone,4
322,but not for me,3
549,lights,3
862,delphine,5
731,smile,4
168,soul city (feat. norman brown & joey sommerville),2
374,new day,3
597,love is here to stay,2
584,fake optics,4
979,boa,3
820,optimistic,1
709,bella ciao,5
550,never undo,5
961,i fall to pieces,2
265,born in space,5
299,just my luck,4
446,upside down (radio edit),1
676,jazzclub atmosphere,4
705,threshold,5
759,somewhere in between (swarvy remix),3
712,l.i.t.,3
549,break the ice,2
762,samba pati,5
320,the good doctor,5
457,ghost train haze,4
215,soul eyes,1
456,so in love,5
515,mpc jazz,5
673,consequences,5
943,tasty,5
815,on my own,1
110,hellohello,4
952,down under,2
214,draw me nearer,4
631,nightshift (red wine and cigs),2
808,set it,4
503,003,4
248,soulful,1
147,autumn nocturne,2
351,music to make you stagger,2
442,funk in the hole,5
225,back in time,4
728,find you,2
652,something my heart trusts,2
538,7-t's,3
910,no one like you,2
895,ninetofive,1
666,cushty,2
719,do you really,1
943,second wind,1
54,90 degrees,5
235,condemned to the gallows,4
423,mambo rap,1
258,colors of love,4
707,moon river,4
481,what are we waiting for (feat. nicolette robinson),1
852,nomatter,5
142,voice of trespass,3
182,king,1
297,luminary,4
977,mad world,5
952,martyrs,2
487,genesis,3
273,light up the night,5
268,memory digital,2
215,work shit out,1
136,donner bell,3
754,loving you,4
36,i will wait for you,1
383,spirits will collide,4
158,innocent,2
781,babylon,5
777,i'll be searching (for you),5
926,"the morning, you & love",4
749,trust myself (feat. gallant),2
92,terraformer,1
423,life of vermin,4
564,puff your cares away,1
916,i need your lovin',5
622,geronimo,2
483,lies,3
728,besame mucho (kiss me),3
751,come with me,3
666,family,5
388,around the corner,5
485,you & me,5
767,i would still,5
736,outdoors,2
850,touch in mine (fingers),2
566,so cold in the summer,1
45,snake charmer,1
871,i can't give your time back,2
116,nostalgia,5
177,rethymno,2
870,summer delight,5
209,mind’s eye,1
144,the bridge,3
442,door,1
360,azalea,5
81,at dizzy's,5
388,lest we forget (blood),5
157,falling,3
880,dead end,4
804,sunday morning,2
792,swarm,2
69,blood of the past,2
569,quest for love,2
662,it’s better for you,2
628,gravitate,3
517,money,5
666,bardis,2
204,just you,3
1,they got to come,1
799,next door neighbour,3
617,simmer down,2
834,i got a pain,1
452,sammy dead,3
737,lucky 7,4
239,coolie boy,3
455,long time now,2
542,engine 54,2
556,give me your love,5
27,dark street,1
72,dance with me,5
291,oh love (live),5
824,"mercy, mercy, mercy",5
520,"true, true, true",2
882,shanty town,2
400,sweet music,4
874,i am free,5
963,let him try,2
657,a silver bird,3
40,unity,1
133,rude boy train,5
282,blackbird singing,5
940,wiseman,4
573,don't stay away,4
507,the first time i saw you,5
885,she want it,5
417,don't touch me tomato,5
268,why,1
521,perfidia,2
270,breaking up,5
70,willow tree,3
986,in love with you,5
194,i can't stand it,1
999,i want everything,1
850,ride your donkey,5
188,what the world needs now is love,2
7,out of love (i'm the one love forgot),3
830,love is all i had,5
475,angel of the morning,3
900,moonlight lover,3
403,rough rider,3
586,equal rights,5
966,gypsy woman,2
130,ketchy shuby,5
685,walk with love,3
175,speak no evil,2
941,my heart is gone,5
905,reggae girl,2
413,party time,2
197,the baddest,4
386,drink milk,3
352,wondering,3
891,when you call my name,5
370,my girl,3
337,shang i,3
119,bla bla bla,1
980,everything crash,1
733,scare him,1
861,long shot kick de bucket,4
604,mama look deh,1
367,hanging fire,1
768,reggae night,2
190,roots woman,3
731,fu man chu,1
175,jungle lion,2
468,we all are one,4
620,roots radical,2
657,third world people,3
554,special,4
574,john jones,1
689,double wheel,3
861,doctor no go,1
576,challenge,2
621,moon walk,4
551,"one (heart, one love)",4
80,seven letters,3
985,african zulu,5
717,kill them all,5
783,long time,5
491,monkey man,2
633,now you are gone,4
441,why baby why,4
406,joy joy,5
49,no man is an island,5
442,money day,3
616,peace in your mind (peace of mind),3
370,put a little love in your heart,5
353,you can get it if you really want,1
294,the loser,4
335,message from a black man,1
200,things a get bad to worse,4
888,river bed,1
394,stereo freeze,1
85,dream dream,2
802,going to a ball,1
773,sweet sensation,1
940,my heart is gone,3
681,mother funk,5
163,make it with you,4
16,rock away,2
129,change your style,5
833,peace and love,2
424,you have caught me,3
901,love divine,5
865,do you want me,1
791,my girl,2
595,i'm gonna be free,4
237,it's alright,5
356,money love,5
403,my happiness,4
114,too experience,1
875,i am alright,2
311,everything i own,2
864,screaming target,2
66,crying over you,2
687,pride & ambition,2
394,close to you,1
311,blinded by love,4
388,big five,1
19,love of a woman,5
624,move me,2
573,please don't go,2
487,killing me softly with her song,1
757,i could dance all night,5
29,come dance with me,1
343,maybe some day,2
623,fancy make up,4
818,help me make it through the night,2
280,struggling man,5
648,duppy conqueror,5
890,"get up, stand up",4
556,no sympathy,2
788,i see you,1
48,hallelujah time,4
248,pass it on,4
28,"take me home, country roads",4
975,having a party,5
611,sailing on,2
505,sooner or later,1
119,rastaman chant,1
13,put it on,4
435,high tide or low tide,2
321,400 years,2
728,concrete jungle,1
937,country road,4
542,pressure drop,1
922,i shot the sheriff,5
202,gold and silver,2
49,pomps & pride,3
357,back out with it,2
981,things & time,3
435,better days are coming,1
41,pack up,2
39,thou shall not steal,3
872,come on people,1
812,let's seize the time,4
881,i can't live without you,3
260,jah work,5
509,loving spirit,4
991,tag along,1
713,version,3
212,let love in,2
302,ital fighting,2
243,cornbread,5
297,talkin' blues,2
747,i want to know,5
136,dread locks,2
241,spinning dub,5
245,resting place,2
305,slavery days,5
347,old marcus garvey,1
588,three blind mice,3
322,love jah,5
624,abendigo,1
319,know jah today,4
497,black kill a black (black against black),4
291,my religion,1
331,igziabeher (let jah be praised),5
855,big fight,4
244,"get up, stand up",3
540,dear mother,5
553,you're the only one,2
113,"long, long dread locks",3
506,y mas gan,2
103,declaration of rights,2
227,stepping razor,4
710,african race,3
675,salary is thin (the sun shines for me),2
390,promise is a comfort,1
800,brand new beggar,5
588,shadow,4
824,let my days be long,5
651,i and i,2
115,doctor love,1
225,fighting against conviction,5
979,reincarnated souls,5
275,why must i cry,1
547,"roots, rock, reggae",5
336,rat race,1
573,young generation dub,5
958,war,1
216,no sympathy,3
112,them never love poor marcus,1
42,can't stand the pressure,1
521,say so,5
738,ballistic affair,1
863,shame and pride,3
541,cry to me,3
421,night shift,1
568,jah jah is the conqueror,1
316,fever,2
615,i need a roof,1
828,back to africa,4
941,door peep,3
920,mystery babylon,2
104,mother,1
54,rock away,4
731,there is no end,2
692,natty take over,3
261,i shall sing,1
192,lion,5
732,it's good,2
792,why me black brother why,1
321,tan and see,5
652,never you change,4
333,stealing in the name of jah,4
828,natural natty,3
990,if i follow my mind,3
549,black soul,5
388,children,1
209,go seek your rights,5
87,i don't like it,4
102,big eel,2
906,ark of the covenant,5
925,the price of peace,1
953,on my life,3
9,be true,2
3,culture,2
464,hurry on,5
510,i love jah,5
895,let's kiss & say goodbye,1
905,get ready,4
844,stepping free,5
904,revelation,5
314,winter world of love,2
546,who feels it (knows it),4
940,police & thieves,3
752,let him go,5
439,apartheid,2
96,jah guide,5
758,400 years,5
804,vampire,1
587,babylon queendom,3
764,you can't blame the youth,3
696,do you remember,2
406,the sun,2
795,congoman,4
348,guiltiness,5
576,natural mystic,5
888,two sevens clash,2
555,don't blame it on i,3
579,jah pretty face,2
827,i'm alone in the wilderness,4
581,pirate days,2
356,natty dread taking over,4
475,it's a long way around,1
197,black disciples,2
804,when i am down,5
239,truth and right,1
12,liberation,3
120,it's up to you,1
692,meditation,3
31,jah loves,1
146,dem a come,1
356,isn't it time,5
208,my time,4
230,look within yourself,1
919,universal love (beyond the boundries),4
313,she is a woman,2
726,simmer down,5
150,take heed,1
22,ride on girl,2
530,dread a dread,2
974,declaration of rights,5
569,i man come again,3
24,who have eyes to see,3
10,blood dunza,5
735,you left me standing by the door,3
711,crisis,5
557,cold sweat,3
891,holy mount zion,4
219,lonely streets,3
358,love shine bright,4
109,behold,1
631,only jah jah know,2
567,better days,3
204,created by the father,4
470,dub from creation,1
505,dread beat an' blood,3
705,run revolution a come,2
621,word of the farmer,3
930,doun de road,4
358,it dread inna inglan,5
702,step across,3
315,black liberation struggle,3
447,jah music,2
165,guilty,4
49,slave driver (extended version),5
852,precious love,2
438,raggae music,5
219,rejoice,2
782,president amin,2
91,out of africa,5
572,run run run,3
458,heartache,4
350,grove me,5
902,whip them jah (live),1
669,words of wisdom (live),3
663,natural mystic,4
116,jah is the one,3
101,jah gift to man,3
858,step by step,4
759,too long in slavery,5
275,the shepherd,1
776,something funny,5
565,don't feel no way,2
399,sound system,3
419,jah rastafari,1
594,top rankin',2
64,wake up and live,1
911,zimbabwe,3
580,ambush in the night,2
345,fite dem back,3
694,time come,1
199,social living,5
69,reality poem,3
889,blasphemy (selah),4
595,uncle george,1
59,chiney man,1
864,it noh funny,1
75,unseen guest,1
63,props-man style,4
284,breezin',5
987,playing games,1
226,ain't that loving you,5
382,can't sleep without it,1
466,concentration,1
234,7,5
78,sticks man '80,4
457,romans,1
124,gone with the wind,4
188,rub sister rub it,4
655,fittest of the fittest,4
238,spread propaganga,3
314,there is fire,4
502,creation rock,2
969,gee wiz,1
400,tyler,4
193,a fool will fall,5
254,kingdom rise kingdom fall,5
143,di black petty booshwah,1
151,bass culture,4
500,loraine,3
105,reggae sounds,1
824,higher than high,4
836,i'm the toughest,1
923,guess who's coming to dinner,4
408,inglan is a bitch,5
602,act of affection,3
292,bad card,1
404,real situation,1
20,sinsemilla,1
382,fire house rock,5
592,harassment,2
225,heart of stone (chant them),5
52,happiness,5
263,food for thought,3
560,reggae fi peach,2
468,strange fruit,5
471,little by little,4
989,two sides of silence,5
80,break down the walls,1
580,hard time pressure,3
297,money dread,5
483,madam medusa,4
707,burden of shame,5
301,the dope,1
213,hold the fort,4
863,bully dread,5
884,jah love in we heart,1
461,we can and shall,4
510,ten commandments,2
616,sit and wonder,3
118,i am the one,1
170,strength of my life,4
121,sardonicus,4
729,silent witness,1
386,greedy dog,2
507,youth of eglington,3
749,journey,4
547,live and give,3
147,present arms,3
248,jah love me,2
891,walk out,3
427,head of the buccaneer,1
230,not afraid to fight version,5
304,bam bam,2
581,verse 1,3
108,mash it up now,1
175,give me your love,1
939,elijah,5
640,bumping and boring,3
977,folitician,1
724,morning ride,1
971,born to love,2
522,dj business,2
739,here i come again,4
727,girl i love,4
731,party time,1
4,creation rebel,2
406,love i can feel,2
578,untitled,5
132,verse 4,1
457,verse 8,1
188,do you remember,3
434,love and devotion,1
263,dub marcus say,3
401,rocky road,4
612,problems,4
444,love is all is alright,5
338,natty sat upon the rock,2
129,chant a psalm,5
887,night nurse,3
859,cool out son,3
556,darkness,4
830,night nurse dub 2,4
770,the key,3
627,rastaman chant,1
555,emotional slaughter,1
156,soldier take over,4
934,i won't close my eyes,2
672,general penitentiary,5
295,where there is love,4
823,"""african head charge""",4
984,m16,2
124,"blood, sweat and tears",2
907,come along,2
818,boxing,5
404,hold on to what you've got,5
337,king inna the jungle,3
586,the piper calls the tune,3
918,forget the cost,5
860,schoolboy,5
453,maybe lady,3
730,we don't wanna fight,1
38,slow down,3
770,loving you,1
116,conqueror dub,2
612,are you crazy?,2
614,please don't make me,1
637,wonders of the world,4
389,dance with you,2
9,save a little love for me,1
106,reggae feeling,2
325,in this time ' sugar minott,2
388,too hot,5
357,little girl,5
488,where we are going,2
348,get up,1
842,time waster,2
401,beenie man,4
894,islands in the stream,3
685,money,2
556,your love,5
916,reality,3
18,can't use me,3
469,what them a do,5
532,love fire,5
46,knock knock,1
480,chanting,5
393,not satisfied,3
448,where you gonna run,1
485,buffalo soldier,2
169,roots and culture,5
199,journey,1
557,sweet sensation,5
676,many rivers to cross,2
370,please don't make me cry,3
467,zungguzungguguzungguzeng,3
110,rastaman live up,4
437,maga dog,2
969,stop that train,3
150,hitler,3
526,love solution,4
745,sunshine in the music,4
178,sunday school,5
959,some love,1
333,the father,5
948,material gain,3
283,in deh,4
288,love affair,1
869,do i do i,2
6,pave the way,5
586,the ghetto,5
175,captivity,5
536,call the police,4
158,statement,4
141,what mine's yours,3
402,jungle gym,3
358,the king,1
617,you ain't cool,4
38,chains broken,2
603,help,4
246,after you,1
614,tears are falling,1
947,crime don't pay,2
615,mr. music,5
925,new clothes,1
481,sol mal,4
801,striving,4
495,african queen,2
763,bliss,4
68,black uhuru anthem,3
145,spiritual healing,2
501,body move,4
141,hail mi idren,5
522,seasons,4
410,watch your words,1
626,don't give in,3
813,ku klux klan,3
225,top ten,5
432,what is life?,1
154,handsworth revolution,5
564,confusion,5
401,praise jah love,4
890,survival,2
773,my thoughts,1
491,you're not an army,1
639,try it,1
429,bull in the pen,4
221,your eyes were open,1
859,palaving,5
947,easy,4
340,i want it ital,4
888,hold me,2
354,heartbreaker,1
729,gives me a chance,5
895,mr. loverman,2
130,smoke gets in your eyes,4
807,so much love,5
567,clarks booty,3
954,hustling,4
10,house land*,3
468,toure kunda,1
696,la gota en el ojo,5
115,save black music,4
570,babylon the bandit,1
8,don't break my heart,1
913,the earth dies screaming,1
447,rude boys don't fear,5
328,mi spliff,5
667,the buzz feeling,5
48,money make friend,4
167,the thanks we get,5
81,no good,3
568,girls are skanking,3
461,fresh and clean,2
892,stand up and fight,3
619,lots of loving,3
510,what's going down,5
871,kingdom dub,3
531,school of dub,2
524,black & white,5
484,can't keep a good man down,1
841,bur boy,4
236,revolution part one,1
399,i can see clearly,1
162,no better than yard,2
578,baara,4
489,call me,2
148,rambo,1
203,long rider,3
397,gimme what me want,1
317,tell it like it is,5
778,spread out,1
64,strollin' on,1
750,sing our own song,3
528,uptown dub,2
776,say people,5
695,watchdogs,2
856,hey world!,1
559,crazy love,2
859,brutal,2
550,chanting,3
520,roxanne,5
941,peter gunn,1
41,somewhere,4
185,rollando,3
376,fight to survive,4
872,lay it on the line,3
638,i'm the toughest,2
706,roots natty roots,1
195,champion bubbler,3
452,baby love,3
367,prophet,2
532,don't run,5
396,jah man,5
3,sing a song,2
102,grandma,3
584,how long,1
285,crua chan,1
394,war,1
379,in my song,2
79,"rain, rain, rain",1
353,yellow like cheese,5
718,follow fashion monkey,3
202,leaving to zion,2
624,they talk about love,5
444,peeni walli,1
309,roll call,5
327,is it because i'm black?,2
488,jah give us life,2
871,who no waan come,5
49,get up stand up,3
285,johnny too bad,2
921,christmas-a-come,4
767,baby come rock,5
832,full moon,5
514,budget,2
795,just for a day,5
747,we've had enough!,4
111,pain,2
541,love don't love nobody,5
24,want a virgin,3
357,people of the world,1
914,blueberry hill,2
965,telephone love,5
93,mike tyson,3
738,gals love money man,4
239,bad boy business,1
487,don't pressure me,1
631,up front,4
536,the exile,2
635,honest opinion,4
273,aiding and abetting,4
559,know how fe chat,4
689,hello ya'll,2
267,disco drop out,5
100,dead end circuit,1
652,lee and molly,1
348,moses,2
866,stand firm,4
879,crystal ball,1
510,mystic man,1
569,bush doctor,3
587,reggaemylitis,3
369,tomorrow people,5
10,what's true,4
129,lesson in my life,4
804,matter of time,3
789,have you ever been to hell,1
283,a who a say,5
434,you're always pulling me down,2
928,wallah up,3
94,shocking out,1
158,mass out,3
37,hold tight (eye for an eye),5
361,hole in the pumpkin,1
188,total disaster,5
38,follower,3
42,shuffle and deal,4
227,greedy girl,4
19,the seagull,2
555,i see jah,2
549,bury the barber,2
709,goodbye,1
765,night train,1
831,carry on,3
304,you’re my days,3
23,what is what,3
787,dance rub a dub,2
545,no money dub,3
143,propaganda,1
765,put down the gun,1
363,visions,4
352,there must be,5
354,woman,2
589,a thing of the past,4
490,big all around,3
774,wishing on a star,5
912,jah's reggae,3
367,good thing going,1
703,dedicate my song to you (dedicated to you),4
281,bob & friends over there,2
593,tears from my eyes,2
448,don't turn around,2
824,didn't i,1
724,black pride,5
530,can't stand it,1
498,dread a who she love,3
422,visions of the world,2
61,"cuerdas, gargantas y cables",2
518,start afresh,4
607,oppressor,1
806,fall for you again,1
196,never give in,5
721,pressure,5
119,do you really want me,2
392,be careful,5
552,love's gonna break your heart,3
887,rumours,5
301,she wants,2
935,situation crazy,4
966,natural suntan,4
851,living with jah,5
905,don't drink the piss,1
908,keep on doing it,5
235,where i'm down,1
325,the picture was you,1
598,i'll be waiting,3
79,ghetto living,2
453,armageddon,3
704,natty never get weary,1
334,wize up!,5
594,peace throughout the world,5
679,life,5
642,fire,5
729,my roots,1
676,fight to survive,5
145,together as one (live),5
42,mini bus,2
299,rebel in me,5
112,just a little bit longer,5
570,best of me,4
755,confirm reservation,3
741,electric boogie,3
728,bongo red,1
339,space in my heart,5
698,poor and clean,5
587,human work of art,4
190,fool in love,3
39,babylon get rude,1
982,rub a dub dub,3
436,war,2
878,"no speech, no language",3
758,great men,5
620,african woman,3
251,elephants,3
330,one people,5
995,civilization,2
805,hallelujah,2
151,time,4
754,i don't mind,3
29,so good so right,4
926,anambra,5
599,hold me,3
943,breakout,4
726,slow down driver,5
521,revelation time,2
903,i know a place,2
653,peace cup,5
971,no love in the city,3
47,soon come,5
460,step along,4
268,this way,5
768,how can we ease the pain,1
595,up with hope (down with dope),4
587,wicked in bed,2
959,give it a chance,4
603,kozmik,2
461,army band,5
344,cool breeze,3
573,here i come,5
495,mr. loverman (feat. chevelle franklin),1
78,badfish,4
225,live at e's,5
643,smoke two joints,2
857,generation,3
200,bad & wicked,2
205,ram dancehall,5
293,suru-lere,3
557,throw away your gun,5
702,be careful,5
397,word sound,2
67,love me,2
480,warrior stylee,3
139,victims,3
474,choose me,2
133,gang warfare,4
14,new time & age,4
860,freedom fighter,3
17,all night till day light,4
583,want more,5
816,it's growing,3
787,fire burning,5
113,pardon me,3
791,breaking up,3
279,i'm wanted,4
640,"hey, girl",2
850,get real,4
863,run them,2
801,fussing version,5
527,full time,5
896,man fi dead,5
589,where is the love,5
790,should i?,3
916,bass,5
735,buppie,3
494,my conversation,3
660,monkey dub,1
150,the pen,2
835,lonely night,5
13,only love,1
410,fight fi power,5
29,rude boy,4
699,love is the only law,4
225,place in your heart,3
651,when the lights gone out,3
443,all you got,2
535,truth in the world,4
760,will power,4
682,rastaman,3
164,pains of life,4
345,one world (not three),2
271,krs-one,4
499,right back,1
528,rivers of babylon,2
429,things in life,3
619,black my story (not history),1
926,try my love,1
443,picky picky head,4
19,k.k.k.,4
515,together as one,5
240,amazed are we,1
643,promises,5
944,the system,5
657,all this time,2
894,why me lord,4
603,feeling soul,3
474,children in the streets,4
743,jah save us,3
193,i just called to say i love you,5
345,south central,5
669,rastas,1
479,on my own,4
636,thank you jah,1
204,the mad fiddler,4
744,it's not a crime,2
120,on the inside,1
183,he's alive,5
170,worker man,5
540,love me or leave me,4
349,honky-toinks granny,2
880,nothing's changed,5
52,buju love you to the max,1
517,babylon by bus,1
163,second chance,5
75,if i had a hammer,1
656,monkey girl,5
14,run but you can't hide,3
690,promises,2
125,do the butterfly,4
274,the don (part i),2
1,jah jah is the ruler,5
785,grow your locks,3
705,all virgins,4
585,nothing can divide us,3
23,creative child,5
293,king of ska,4
246,it's a long long way,4
659,rhythm of life,3
502,be strong,5
106,now and then,2
721,promises and lies,1
966,sorry,1
59,no respect,3
390,there she goes,2
551,try jah love,2
168,love how the gal flex,3
526,(i can't help) falling in love with you,4
32,jah (live),1
792,paradise,3
305,visit,2
99,the grudge,1
989,garden,4
294,x marks the spot,4
273,i stand strong,5
429,money man skank,1
410,reggae radio station,5
535,railroad track,5
201,survival,5
363,brothers and sisters,2
41,ease up,3
34,hello africa,5
83,world so corrupt,2
841,show me a purpose,2
894,leggo mi hand,5
990,don't turn it off,2
31,hail h.i.m,2
542,cry blood africans,1
928,2 makes 1,1
981,stab out the meat,2
31,chalice,2
22,time has come,4
71,inside burning,5
999,african teacher,2
411,are you still in love with me,2
590,see you no more (2004),4
178,home grown,5
8,come children,3
304,keep on,3
844,me and them,5
346,mek dem a gwan so,1
379,equal rights,4
503,follow marcus garvey,2
935,trying to get to you,1
359,can't beat we,5
533,down in the ghetto,5
627,let me blow my smoke,5
771,giving thanks,1
601,man on the moon,4
231,heartbreaker,2
10,six,3
474,all kinds of people,4
958,blind boy,4
874,gunshot,2
104,fruitful days,4
813,here i am,4
508,get out!,5
468,cisco kid,4
412,pass the dutchie,5
117,people in tha middle,1
919,superstar punani,3
219,shooting hoops,3
759,caribbean blue,5
210,hole in the bucket,3
441,q-ball,1
477,she loves me now,5
549,i don't care too much for reggae dub,4
553,steady b loop dub,4
395,i-76,5
473,selah,1
338,nobody knows,5
680,hot sweet cocoa tea,2
135,yard stylee,4
627,i won't surrender,1
402,i'm the one to blame,4
6,listening,4
389,unchained,2
825,young revolutionaries,1
775,schoolgirl,1
433,runfayalife,2
401,crime to be broke in america,2
783,shanty town (007),2
866,"mash it to the youth man, mash it",5
307,revolution,2
356,live and learn,5
408,so ladies,2
253,if you like the sound,5
923,either or either,4
249,for you love,4
311,out of the abyss,4
224,see a man face,2
469,deep inside,2
514,hotter this year,5
34,lion in the jungle,5
104,can't remember the last time,3
830,make us one,4
436,raise your hand,2
336,the first word in memory,4
394,wikkeda!!,4
979,little did you know,5
759,old timer,3
385,not stupid,4
592,subject in school,3
374,dance,3
809,hot stuff,3
423,love punany bad,4
955,tell me the story,4
298,baby i love you so,3
806,fill her,5
942,tipsy dazy,4
267,shy guy,1
620,double barrel,5
367,around god's throne,1
35,it's true,1
7,bye bye baby,4
321,chant,2
619,big time,2
930,bad company,5
122,live it up,1
845,leaving the city,2
86,in your eyes,4
122,today,1
804,good to me,5
480,oh what a lie,4
37,this notion (intro),1
117,watching the world go by,2
552,modern slavery,3
320,bun down soddom,3
5,the scientist's answer,4
114,tonight,1
5,how can you,1
133,praise him,1
730,infidels,5
422,sara,5
597,love will cross over,5
195,saviour in your life,2
591,solomon bloodline,4
872,terrorist,5
68,two for one,4
650,protect us jah,1
842,thank you,4
857,give me the reason,1
822,floatin',1
884,break up and make up,3
847,shopping,4
885,marcus say jah no dead,1
468,fuck the police,4
54,righteous man,3
461,all time,1
22,gun down,4
513,other side (live),1
326,wake up late,1
846,anti socialistic,2
358,zero tolerance,3
153,never give up my pride,5
93,operation,4
618,black cowboy,3
11,to a party,5
410,disco devil,1
426,the ballad of johnny butt,1
714,pawn shop,4
385,garden grove,3
30,messenger,3
138,lightyears,2
195,rainy days,5
523,nyah keith,4
932,uptown style,3
763,one eyed enos,5
195,so many things,5
357,fire coal man,4
198,the best,3
683,fruitcake,3
883,cold feet,5
684,don't let problems get you down,3
10,curly locks,2
906,feelin' irie,5
754,rock to sleep,5
792,jah kingdom,2
254,tender love,1
485,comin' to gitcha,4
346,greedy joe,4
152,peace party,2
799,i-spy... (no stranger to danger),3
445,black enough?,3
750,monster look,5
385,black & proud,5
991,i'll never grow old,5
766,wanna be a player,3
940,200 years,2
848,the real terrorist,1
248,role model,3
832,don't sell out,5
646,east coast to the west coast,3
573,on the rock,2
529,big heavy gal,1
676,do you really want to hurt me,3
569,it took a miracle,2
840,lisa,4
192,original man,5
597,rude boy shufflin',3
803,the same song,1
424,trust me,2
798,no night,3
208,one big family,3
929,friendly fire,3
342,peace and love shall reign,3
227,riddim of life,2
749,borders,5
741,loneliness,5
658,willow tree,1
338,jupiter,4
656,rivers of babylon,1
28,who am i,1
371,electricity,1
852,inner light spectrum,1
791,greetings,4
967,stealing happy hours,1
242,one in a million,2
209,mission,3
682,you can get it,1
894,get fresh hev,2
661,stealing love,1
83,pull the wool,2
967,freedom sound,4
243,forward march,2
205,di mo lang alam,3
701,making amends,4
871,u can't sing r song,4
514,house of love,3
971,give thanks,3
646,book of rules,4
845,promised land,5
162,chocolate supa highway,2
20,swing and dine,2
333,keep me lifted,4
253,cocody rock,1
564,explain to the almighty,5
734,true got,3
795,man fi rule,3
935,hit him back,1
571,jah blessing,5
731,andalusian dog,1
587,hold on,2
176,the time has come,2
698,blood and fire,2
994,s.t.p.,3
32,the weed,4
901,channel surfing,2
129,have a bitchin' summer,1
504,gal no worry,2
549,pretending,5
782,melt,5
724,never gonna give up jah,3
425,y mas gan dub,1
179,monkey man,2
319,blazing fire,5
155,black roses,1
974,dancehall stylee,3
350,violence,4
231,african dub,2
340,johnny law,3
126,informer,1
386,chronics,3
386,system,3
794,just a buzzq,2
329,jedi,2
997,come back darling,2
776,big salty tears,4
685,mr. music,4
980,free dub,5
500,who's got the herb?,3
410,hands of time,4
626,mr fix it,3
470,be strong,5
612,handle the ride,3
307,rain shower,5
440,good ambition,5
777,hot gal,5
449,no fuss no fight,2
710,don't throw it all away,2
617,jacket,3
622,eh-em,5
429,crying over you,4
386,hard to believe,1
660,spanish fly,1
766,dawn,3
521,what does it worth?,4
201,crying games,3
300,this is me,3
765,my love,3
186,in this time,4
239,reggae bring back love,1
56,meet you there,2
755,gone away,5
263,don't stop,2
88,the promise land,2
269,this heart of mine,1
258,highest grade,4
860,mockries & phrase,5
572,my love is your love,3
782,headlights,3
678,do you feel what i dub?,1
364,still say yes,3
998,oh children,1
472,on our way,4
641,keep on looking up,1
307,love of my life,4
776,time,1
424,when will i be home?,2
403,didn't i,5
406,the christian life,4
429,the show goes on,1
366,invisible sun,4
149,"new time, new sign",4
488,one for jah,3
389,can't stop,2
67,got nothin',5
122,surrender,4
232,good times,2
251,imagine that,3
867,wide right turns,5
79,evolution,4
166,fire bun a weak heart,2
990,survival a.k.a. black survivors,5
574,kick drum,5
655,life's not a race,3
946,livin' & rockin',4
488,mindspin,4
833,can't fade me,3
191,who i am,5
502,"ready, aim, fire",3
737,kick down,3
877,my own life,4
619,dancin' in the night,4
291,all day all night,3
181,sucky ducky,1
196,natural collie,5
635,it's me again jah,1
37,in a me life,4
52,too rude (for my own good),2
703,can't believe mi eyes,5
128,out the door,5
928,buss up barriers,1
704,connected,4
217,around the world (thank you),5
464,i believe,4
604,still got love,1
766,hooligans change your style,3
643,hardcore,4
601,keep on moving,2
918,live on,1
6,life is a miracle,2
223,losing me,4
524,woman dem phat,4
167,scream,2
118,run,1
588,never give up,3
441,mama nature,5
226,never too late,3
141,reserve the right,2
448,douggie mayu's,2
980,blood,5
673,we seeed,2
316,good old days,5
891,art and life,4
92,i stand,5
145,talking blues,3
702,streets of freedom,1
477,hey love,3
871,i know a place,5
135,jah is mighty,2
271,strangers in the night,3
695,on the other side,2
788,i know you don't care about me,2
500,lightning,2
871,down by the river,3
623,collie weed,5
307,who colt the game,5
446,memphis,2
743,haters and fools,3
700,too hot,2
504,no wrong idea,2
98,angel eyes,5
394,warning,1
251,jah jah city,3
861,free at last (reprise),2
685,listener supported,2
131,alone,4
337,this woman,4
430,stone love sound,2
733,full of fight,3
233,ruff tuff,4
523,wrong application,1
994,lord give me strength,2
108,get down,3
32,take up your cross,2
517,soul taker,5
448,hopeless case,3
235,you can make it,3
833,eyes a bleed (rza remix),4
188,your love,1
256,zombies,4
128,skin on the drum (bassnectar remix),5
727,music is life,4
65,what more can i really do,3
60,love me (the way i am),5
503,wonders dub i,4
423,right time,3
422,heart of a lion,5
694,teach the world,3
441,the general (live),3
757,money,2
651,stand a chance,1
265,bird river grove,4
536,more justice,4
98,sinsemillia,4
280,from chaos,4
393,the stone love allstars party in session,1
90,luke,1
882,sick tight,4
374,caution,4
384,play on,2
545,skin on the drum,1
11,conscious man,2
820,harder (interlude),4
701,girls time,1
938,hailie i,2
270,warriors,3
574,hypocrites,5
182,sunshine,3
151,it's amazing,3
208,cover up,5
367,it was written down,1
210,bun out the chi chi,3
978,gusto ko ng baboy,3
685,water melon,5
816,jah ina yuh life,4
849,leave us alone,1
580,pagan,5
859,public enemy number one,3
93,one night stand,3
357,full control,3
28,ring the alarm,5
690,children of tomorrow,1
963,mike e. song,4
437,pal’ río tanamá,5
943,good thing going,1
105,bring me your cup,5
623,no fear no sorrow,2
965,recruiting soldiers,4
447,sing ye,4
776,the 12th of september,4
187,atin cu pung singsing,5
371,fight on,2
124,piranha (come to feed),4
881,the reason is,1
3,dreadlocks,5
934,womb,1
401,almighty (the way),2
747,reminder,4
863,rumors of war,2
777,highly,4
757,pure woman,4
259,bless,4
322,nesian style,2
941,solid as a rock,1
56,on a clear day,2
681,just like a river,2
29,strength of a woman,4
402,let the power fall on i,4
488,rok with me,5
471,24/7,2
962,rasta courage,5
146,true love,1
458,wanted dread and alive,1
371,jah atmosphere,4
204,the upsetter,1
596,drift away,3
926,please stop your lying,4
929,beat down babylon,2
771,dry spell,3
289,all my life,3
959,time come due,2
45,shout that,5
273,no white god,3
925,get my party on,1
729,party hard,4
204,sing out,4
507,love one another,4
939,man kind,5
266,most high,2
890,"forgive, don't forget",5
140,the poor man feel it,5
141,creeping in,4
501,did you ever,3
993,pressure,3
581,every song i sing,3
865,give praises,3
950,2 bulls,3
463,jamaica,1
12,eyes of the maker,5
184,love is the queen,3
681,master blaster (jammin'),4
276,local dub,5
200,slowly but surely,2
432,cum down,1
645,rainbow in the sky,1
403,waterfall,4
764,the mood is right,2
161,nobody but me,3
814,intro,4
680,god above everything,2
79,the love of my life,4
945,judge not,4
196,true love,4
949,crown aim,5
350,a man in love,4
245,goodbye yesterday,3
955,live it up,2
992,works to do do (pt 1),3
261,i know,1
814,"long, long ago",5
394,the yes yes show,1
290,weeping pirates,1
44,silver tongue show,1
960,a man is still a man,4
214,step it pon the rastaman scene,5
503,time hard,4
649,beyond the gray sky,3
515,wicked rebel,1
759,everything you need,5
760,true to myself,5
445,collie man,5
380,running with a gun,3
141,money,3
477,never deny you,4
465,shalom salaam,1
258,us and them,4
813,the great gig in the sky,5
150,perfect gentlemen,2
960,everyone deserves music,5
588,speak to me / breathe,3
8,hebron,5
15,manifesto,4
16,outside,1
60,lift up,5
633,double soul (feat. tanya stephens),4
118,dykl (don't you kill love),1
974,sometimes jacks rule the realm,4
2,main squeeze,5
547,marcus senior,4
953,ding ding licky licky bong,2
578,the don of dons (put de ting pon dem) (feat. jadakiss),5
246,thou we are,4
609,i'm waiting,5
385,in the name of god,3
876,no wood,1
51,reggae from the ghetto,1
726,fourth dimension,3
604,jah is my everything,2
15,don't drop it,3
6,here we go (live),4
175,fault,5
123,stop the hate,3
565,babylon,5
926,way back,2
233,astronaut,5
763,tek him back,5
828,blood for blood,3
81,burning,1
942,rumours,5
523,badfish,3
929,my time,1
728,what's your story,3
983,lejos de casa,4
576,the beginning of sorrows,2
586,lovely day,4
209,fast & pray,3
112,solace,3
323,feel jah,4
699,the whip,4
185,once bitten,2
311,singing in my soul,4
230,i used to love her,3
865,creatures of the night,3
627,if this world were mine,5
999,sun is shining,1
57,back of the bus,1
898,filthy dub,1
970,back home,5
42,ashes,1
919,use me,1
131,play it cool,1
575,bridges burned,4
968,down down,1
901,intoxication,2
699,keep your head bangin',3
897,warrior,1
886,this room,1
784,julie tearjerky,4
159,so sh seh,5
883,refuge,5
620,all in,1
52,the seventh seal,5
787,smile,5
191,on your feet,4
385,girl next door,5
406,how do you feel?,5
41,conqueror,3
99,the moon and back,5
285,the mother,2
942,long for the flowers,1
716,thank your lucky stars,2
781,black woman,1
529,getaway van,3
558,when i had you with me,1
64,ole dawg,5
325,short stories,4
731,reggae street,5
772,sunny day,5
393,greed and the given,2
118,broken sonnet,3
304,play on,3
771,a thousand years ago,3
557,jah is always there,3
106,can't satisfy her,3
608,land far away,3
542,welcome to jamrock,1
34,love from a distance,3
511,knockin' on heaven's door,3
453,tek him,2
658,my life,1
600,your world and mine,4
66,here tonight,5
700,gun man,4
973,welcome to my paradise,4
595,messages,5
664,nothin over me,2
736,comb 4 my dome,1
275,babylon is falling,2
910,wild goose chase,2
263,this joint,3
815,tightrope,3
527,resonate,2
986,don't tread on me,5
462,big city life,3
307,waiting,4
613,blood again,1
635,youth rebellion,3
285,youth of the world,2
653,worries in the dance,1
890,slogans,1
983,room of the faded moon,2
473,warrior,1
890,thanks & praise,2
148,fortune teller,3
977,repent,4
957,deliver us jah,2
846,tribal seeds,4
228,your voice,4
556,rider,3
108,the dragon,3
469,last wave,1
607,my life alone,3
520,proverbs extractions,1
611,no surprises,3
604,what would?,3
358,911,3
668,exit music,5
930,the rock,1
739,let the music play,4
482,get myself together,5
501,livin' is an art,4
786,east to the west,4
365,beers skit,4
106,missing you more,1
958,i've got time,4
829,something strong,5
646,time to go home,1
111,wolves & leopards,5
780,electioneering,5
675,an airbag saved my dub,2
432,the one,2
162,tolerance,4
908,breakin' up,1
45,meditation,3
394,gypsy man,2
455,band of gold,3
457,new realization,5
113,fire,5
705,i am,4
895,hail rastafari,2
154,screaming for the poor,4
273,black like a tar,1
790,heavy mono e,4
325,soobax,4
641,the answer,1
81,shooting star,5
88,elements,1
892,don't cry,4
280,don't change,2
721,never never,4
271,i love my dog dub,3
800,take myself away,1
945,green hell,3
961,dame lo que quieras,4
429,strong for them,5
803,be aware,5
811,faith works,4
786,frenzy,3
415,indian moon,3
730,love is my religion,1
576,camilo,5
407,zicky's song,1
328,wanted,2
760,world a reggae (out in the street they call it murder),1
617,one cup of coffee / judge not,5
743,beach in hawaii,1
615,nice time,3
639,legalize it (medely),4
16,lips of wine,2
714,a lifetime,5
535,ring the alarm,3
497,friend,2
833,good highs,2
156,como el sol,2
839,good enough,1
962,good times,4
44,can't go back to jersey,4
394,make some music,2
701,wash away,1
210,bad credit,2
156,give praise,2
299,what i'm fighting for,2
588,verias que el amor,4
494,one step closer to you,4
660,marijuana,4
878,outta my face,4
463,pass me the sensi,1
638,in the world,2
717,let the music play,4
81,step out,4
624,open mind,1
633,what i know,1
189,feelin' in the mood,5
410,ready fe rock,3
979,one drop,4
61,no longer there,4
269,close my eyes,5
166,over and over again,3
358,wait in vain,4
784,high grade,4
854,can't get over you,3
619,std,2
276,gash dem,5
123,not gonna fade,1
686,smoke weed everyday,2
134,asteroid,3
815,late night blues,1
798,footprint,4
36,gone far,1
929,green hell (live),4
98,spanish town,2
816,chat to mi back,4
682,most high cup full,4
717,militant style,3
437,can't you see,1
267,fight no more,1
972,squeeze breast,3
910,hold on,3
854,open the door,5
94,shut me mouth,5
224,long time ago,3
689,better people,2
189,natty dread,3
264,mind control,2
291,gunslinger,4
873,blood of my blood,2
150,august town,3
833,ghost man,1
836,longing for,5
277,courage to grow,1
31,full speed,4
829,chase dem,3
698,walk away from love,2
881,anywhere i go,5
604,the otherside,4
939,vices,3
516,love and affection,2
728,wild out,4
7,choices,4
453,surf tune,2
450,vision,5
349,sacrifice,4
232,necesito tu amor,4
464,darling,3
523,wrapped up,4
393,baby tonight,1
680,another world,4
469,darlin',4
414,unfamiliar,1
149,always on my mind (feat. sean paul),2
550,early prayers,1
782,keep up,1
856,lonely (feat. yung berg),3
838,book of life,1
985,divide,4
774,i'm back,2
710,reward for me,1
33,what's love (feat. akon),3
271,breakbeat,5
128,wanting you,2
956,dont say,3
180,i know,1
106,war party,1
266,sound killa,2
120,guku,1
817,waiting,5
679,the future,1
28,phantoms,5
388,push some air,2
597,don't you know,3
105,the phoenix,1
161,i wish that i,1
996,paper dolls,4
908,fallen soldiers,3
51,i metal,5
91,regret,1
286,all i want is you,3
619,herbalist,4
998,garden of daisies,4
884,wah dat fah,1
137,empire army,1
692,drag,3
142,snow white,3
705,duppy know who fi frighten,5
458,long distance girlfriend,3
595,1492,4
241,the heist,1
501,survive,5
77,ready fi di ride,1
832,overdose,5
355,black woman,5
697,magdalena,3
831,one more night,1
14,the mission,4
480,headphones,3
228,taint,4
431,hip hop misfits,1
998,burnin' ocean,4
771,don't forget your roots,3
536,lost paradise,4
970,herbalist,1
307,falling,5
428,so good,2
718,sails to the wind,3
330,stand tall,5
412,check the level,1
819,neighborhood,5
541,thinkin bout cops,4
243,sun is shining (extended club mix),1
988,feel the rush,3
634,need your love,1
43,"miss u (miss, miss sa loob ng jeepney)",1
669,so aware,4
763,waan the herb [feat. michael rose],5
667,sensi,5
789,"peace, love and happiness",1
668,natural mystic [feat. ky-mani marley],2
35,swing low,4
114,saw her standing,1
676,i got love for you,1
264,kingdom of zion,4
238,for today,5
283,throwdown,4
571,romancing the stone,3
799,losin' it,1
652,who's got the weed,2
308,abc's,4
624,getting better (feat. the mighty diamonds),2
585,out from under,1
409,let them burn,1
584,loneliness is always around,4
892,slim (feat. wax atom),4
774,native,3
441,somalia,3
930,so high,2
159,tougher than tough (rudie in court),4
972,above the bones,2
538,mix it up,4
807,fixing a hole (feat. max romeo),4
911,lay awake,3
452,jackpot,5
750,i believe,3
914,on the floor,4
722,all night,4
226,give it up (live),3
492,long road,3
971,you are a no good,2
935,hold him joe,5
736,relax,1
408,just for you,3
872,una ocacion,3
893,money changer,5
149,95,2
46,good morning good morning (feat. steel pulse),4
948,just in time,5
482,shades of brown,4
49,i am coming home,2
822,crack in the dam,3
936,pacific dub,3
735,steppin stone,2
922,use me (live),4
15,the known warrior,1
196,fire,4
756,kill dem,5
391,jah live,3
303,here i am,2
640,to whom it may concern,5
369,the words,3
992,merry,3
109,two drops in the ocean,5
918,"144,000",3
950,human nature,2
10,my missy,1
525,wake up call,5
514,one more night,1
738,ready or not,3
829,forward ever backward never,2
7,in the morning sun,4
269,vampire,5
687,thick & thin,4
407,someone to love,1
420,suffering,1
894,no games,5
766,herby,4
929,tahoe,1
348,i think god smokes weed,4
745,monkey see monkey do,2
776,back out,1
449,sgt. pepper's lonely hearts club band (feat. junior jazz),4
689,it's alright,4
40,en tus manos,5
623,see you again,5
808,sometimes (they're bitches),4
483,is there a place,4
391,the real thing,4
103,justice,5
468,in too deep,4
338,herbal criminal,3
958,games,3
649,release me (the fear),5
279,the thing that helps me get through,5
598,the light,3
693,bloodshed in africa,2
782,mindless,5
245,bring it on home to me,4
68,all good reasons,2
207,stand (feat. bw),3
714,can't stand it (feat. dennis brown),2
112,love comes and goes,5
8,boys don't cry,1
480,apartheid is nazism,4
102,wake up,2
262,ungrateful,1
461,gloria,5
597,counting stars,2
994,the voodoo curse,5
853,is this love dub,3
774,humbleness,4
837,pure love mi give gal,2
439,sacred for sale,3
779,dollar sign,4
166,through the years,2
480,all in you,3
299,smoke,4
467,coming your way,2
287,count your blessings,1
475,we will walk,2
232,don't forget,1
129,changed my mind,5
539,the rain,4
333,get back to me,5
466,let me inside,3
474,rest of my life,3
85,alive,5
622,i'm yours,3
26,turn around,5
324,you and me,3
869,hold you,3
891,sweat (a la la la la long),4
231,time bomb,5
267,how does it feel feat. kimie,3
589,alone,5
658,no cocaine,2
46,hey hey hey,4
890,i'll be waiting,3
882,marie,1
753,messiah,4
89,drunk girl,1
67,escape,2
813,smash lies,4
457,global war,2
112,i rusalem,1
480,feliz,1
632,after all this time,4
648,drunk texting,5
427,hideaway,5
506,money (alchemist remix),5
670,people talk,1
18,youths are so cold,2
823,alone with you,2
306,in the streets (interlude),2
925,fed up,3
663,hell & back,2
174,more than ever (michael g (easy star) remix),4
923,old slaves,1
881,meathead,2
505,so high (yeti beats remix),3
401,bright side of life (yeti beats remix ft. junior reid),1
139,that's the way,2
801,i'm ok,3
317,with you,5
234,con man,2
385,peppa,3
556,dem ago dead,4
504,i rise,1
477,changes,5
520,brighter days,3
866,rest of you,4
188,winter wren,1
777,walking in the sand,1
243,my crew,1
949,i can you can,1
768,shadow kissing,4
779,she cant wait,1
626,instead,2
831,weekend,4
400,weather report,1
52,i'll return again,5
523,give them love,5
746,happy endings,4
239,no seeds,4
591,love is strong,3
924,my world,1
613,keep on,5
919,ways & means,1
70,i am blessed,3
44,drinkin' tonight,3
365,in your eyes,3
319,oh my goodness ft. big steve,5
211,break us apart,3
80,the drugs,4
409,don't wanna wait for tomorrow,2
941,start from scratch,2
862,no letter,5
771,all this time,5
33,emergency spliff,2
164,come down,4
531,only,5
953,guide and protect,5
179,we never fear dem,1
948,fixin' to die,2
666,reggae in my head,5
582,bun babylon,4
289,good vibration,4
72,angels (live in studio),1
471,from my heart,2
385,jah love,4
643,smoke my herbz,5
295,lie to me,2
430,paper loving,3
595,juicy ones,3
512,headlock,1
878,way up,3
542,greetings,2
682,evil penguin,5
627,one more night,5
789,we a de raste,1
390,paper thin,3
564,hosanna (feat. avion blackman & jennifer howland),2
380,christopher columbus,1
935,bal shem tov,1
108,wasted,2
772,dream woman,1
238,oh chuva,1
815,let you go,3
650,creating a dream,4
579,comfortable in my skin,3
4,herbist,2
932,head and money,4
824,mistaken,4
405,i'm sorry (but it's over),2
542,you & me,4
516,earthlings,2
144,evil display,3
45,try again,5
627,forgive me,4
375,king crown of judah (feat. shyne and ravid kahalani),4
39,world upside down,5
509,keep on knocking,5
173,¿qué será? / ritmo que pesa / suelta los amarres / revolución en estéreo / lo de más,5
679,my weekend,5
528,human nature (feat. cas haley),1
575,taxman,4
45,make you smile,3
381,on your face,3
240,clean,3
34,kiss no frog,1
942,if it's not you (then lord it's nothing),5
261,irie music,3
436,"party shot (ravin, pt. 2)",4
900,shoot me dead,2
765,arrival,5
393,we will rise,3
874,love letters,2
215,hurt me tomorrow,3
940,searchin,4
430,ain't no sunshine,3
332,top of the world,1
915,day by day,4
135,disguise,3
849,hard drugs,4
291,under me sensi,2
175,tenement yard,3
280,guns of brixton,4
647,party tun up,1
396,square circles (feat. matisyahu),5
971,in with the newport,3
340,distant travelers,1
431,freedom fighter,1
351,rhythm streets,3
134,if you only knew,5
545,easy love,4
710,i'm a rastaman,3
310,beat & a mic,4
179,i believe in love,2
382,ain't no giving in,1
304,when the feeling goes away,4
138,my people rise,1
11,victims,3
772,start a fyah,4
536,is this love,1
894,glitter,1
127,give me,3
776,come alive,5
579,warning,3
570,oh my son (i'm sorry),2
378,one more time,5
315,instigator,2
716,wet fete (feat. kes the band),5
34,life is better with you,3
255,champion,2
890,if you ever have forever,5
664,i’m alive (life sounds like),4
304,even before,4
879,melody,5
551,good love,4
855,stronger,2
215,souvenir,3
396,bad up who,5
133,reggae road block,4
941,same old story,3
621,girl i love you,1
51,learn yourself,5
564,a lesson in gravity,3
565,standing soldier,3
953,come closer,2
133,fall on deep,5
935,stand & rise,3
781,wasting away,2
100,wise dub,3
191,as you are,5
173,punani a mi best friend,1
947,striking up a love,5
303,love wont leave me alone,3
154,hotel whatever you like,3
616,"selassie souljahz (feat. sizzla kalonji, protoje, kabaka pyramid)",4
725,strike gently,2
613,sensi boy,2
846,torn apart,5
178,always & forever,4
473,heartland (acoustic),2
916,the good good,1
887,on the verge,3
465,dancing in the rain,5
783,blackman's word (black man's pride),1
995,smoke the weed,3
244,how to fly,1
846,fast lane,2
680,this old song,3
62,pull up to mi bumper,4
271,best inspiration,3
454,so rebel,5
351,marijuana laws,5
913,herbivore,2
626,ganja farmer (feat. slightly stoopid),4
207,take you there,2
442,count to 3,1
712,it ain't so,3
117,liberal opposer,5
20,if tomorrow never comes,1
575,lost at sea,2
543,home,2
363,top rankin (feat. chronixx),2
950,the three bells (aka jimmy brown),5
620,most i,4
454,rebel way,4
142,pull up vibes,4
365,steamers a bubble,5
689,all my life,4
448,let it go,2
666,morning sunlight,4
362,plantation,2
573,shot by love,4
709,no capitalist,4
388,reggae radio,1
971,where is my mind,4
420,weary eyed,4
902,positive,1
316,oceans (where feet may fail) [feat. avion blackman],3
941,hit the road jack,1
856,pretty position,3
385,who can you call,3
365,hold on,3
671,anointed,1
961,tranquility,5
969,blame game,1
50,overdrive,3
158,in session,2
389,tiger balm,3
967,i believe,4
971,worlds on fire,1
203,without money,3
876,sweet life,2
753,dem know,3
802,richest girl,1
767,come up man,4
723,pressure,3
392,love song,3
4,paradise,4
630,evil,4
717,time (feat. corey harris & ranking joe),4
746,traveller,4
889,evolution 1964,2
447,move,1
929,addis ababa,2
179,shadow,1
154,in the mood,4
505,so good,5
983,obstacles,3
703,take your place,5
172,drink up,2
197,ayeka (teach me to love),1
114,don't kill the magic,1
75,representing (feat. vaughn benjamin),1
167,velvet skies,3
246,invasion,1
404,undercover lover (feat. gonzo),4
736,ocean as well,3
582,stepping out (feat. david hinds),1
206,my sweet summer,2
367,family tree (feat. connah jay),5
568,i'm that...,5
33,how do you want to be remembered,2
613,silence,4
956,down with you,3
344,rude (acoustic),4
214,fade away,3
130,fly rasta,5
81,lost in dreams,5
880,manifesto,1
399,livin' easy (feat. stick figure),4
664,doing what they taught us,3
824,if you go,5
789,rollin',4
237,simple true,4
427,runaway,1
653,give it away,3
763,whatever cost,5
492,tie yuh,4
661,show no shade,4
88,paradise,3
446,puppy tail,3
355,gift,4
300,no evil,3
725,mitakuye oyasin,3
961,kill the power,5
285,east point,2
223,simplicity,1
34,alpha & omega,1
51,lazerhead,3
46,riddim hold dem,3
522,get high,3
598,daydreaming,2
907,gal ting,1
747,my days,5
770,"10,000 reasons (bless the lord) [feat. avion blackman]",1
940,let it slide,1
742,si no somos felices,1
666,nanna,4
91,step lightly,2
186,live by the gun,4
754,one blood junior reid,3
573,make up,2
721,days go by,4
607,whole (feat. tubby love),3
621,finally,1
202,delight for old chicken,3
420,flag,3
730,while your gone,5
649,groove again,4
104,frisk me down,3
647,free up,2
783,quiet place,4
207,ready for it,1
252,blessing after blessing,5
411,love your ways,4
813,welcome to the last days,3
914,watch me now,3
957,nice it up,4
554,"stand proud (feat. shana halligan, tahir panton & keznamdi)",3
528,gain the world,3
660,u alone,3
727,seguiré avanzando,2
807,marijuana,5
683,junction,5
741,again,5
230,3am,1
43,mighty healer,5
329,where i'm from,3
377,barber shop,1
891,"real sensi (feat. stephen panton, courtney panton & tahir panton)",3
451,before i leave,5
697,all on me,2
191,fill me up,4
997,the city,1
614,hold it down,3
305,guns in paradise,4
801,riding for a fall,2
933,all my love,3
507,bad decisions,4
99,sirens (feat. dirty heads),1
458,out the door,5
624,sentenced,5
55,get away,5
432,guns out,1
688,sunshine and rain,4
839,life we live,5
742,protect me (feat. the wailing souls),4
805,vibes,4
378,space goat,4
633,go fuck yourself (gfy),3
777,hustling culture,2
800,stick by me,2
410,jah glory,5
623,music move me,4
104,police state,2
444,righteous ways,4
759,de-stress (acoustic),3
513,judgement day,2
135,i wanna be,3
299,show love,4
649,no regrets,1
601,dancehall,1
177,muddy water,5
901,checking for you,4
768,westway,3
985,she prays,5
660,i got love for ya,2
415,wit me,1
607,life to me (feat. kymani marley),2
516,snowflake,1
117,my lord,2
899,beat & teach,3
934,we can't fall (feat. courtney panton jr.),1
501,distraction (feat. garrett douglas),3
863,lamento borincano,1
197,still standing,2
224,outcast at last,5
947,be thankful,3
944,home,1
549,poser,4
668,cry to me,1
836,all my tears,5
908,crazy,4
381,it's always something,2
306,everybody's talkin' bout it,2
819,the song,3
447,burnin',1
828,forgiveness,5
994,have it all,5
393,uprising,4
502,believe,5
725,we do this every day,2
930,rocky road,4
678,love will find a way,1
195,western union,4
203,free as a bird,2
547,start you up,2
219,free up your mind,4
468,till then,4
602,directions,4
917,realize it,5
907,colouring this life,5
288,san quentin,2
607,angel,2
218,the invite,2
206,fair warning,2
334,feeling good,5
15,upper hand,5
201,i learnt some jazz today,5
365,my space,2
5,good vibration (feat. trevor hall),5
636,rule my heart,5
965,progress,2
69,carry on (feat. sandy smith),5
960,big mistake,3
506,melody of a broken heart,3
816,heart of a warrior,1
382,through the heart,4
434,runner,3
824,blinded,4
857,s.o.s,3
508,california kids,4
751,mama roots (feat. j boog),5
155,bet mi money,4
738,bones,1
774,summertime is in our hands,5
883,money don't mean a thing,4
875,backbone,2
525,jungle justice,2
704,fall in love,4
403,so high,1
687,jameson & ginger,2
643,...a livication,1
41,so a child may follow,5
640,life support,2
600,strongest soldier,2
26,ghost town,1
618,rambo kanambo,2
119,i'm a big deal,1
908,lip addiction,1
255,love situations,1
336,sunshine,4
922,skin the rabbit,5
595,up there,1
625,purple,4
88,i will,4
128,corruption,4
235,you've been crying,2
81,drink about you,5
747,the cave,3
988,closer,4
872,marsha,1
615,memory,1
493,inside our home,4
982,johny says stay cool,5
479,always be around,5
213,10 outa 10,3
866,leviathan,4
35,fly with me,3
194,i can't stop dreaming,3
308,growing up,3
404,living it up,1
461,diamonds & pearls,5
973,bad news,3
411,god damn liar,5
868,west coast,3
710,mad at it,5
974,above the storm,3
297,i found you,2
640,lonely for me,3
949,empress,2
474,good life,1
647,more,3
985,staloney,1
356,love & affection,4
772,peace blossom boogy,5
178,i'm gone,1
873,coconut,2
240,good lovin,3
432,suit & tie,1
761,it ain't right,4
308,she don't want me love,4
997,hey yo,5
903,atticus cobain,4
600,modern day judas,1
962,running,4
497,black is beautiful,1
491,murder to the mind,4
921,watch over us,5
100,the struggle discontinues,2
27,nail pon cross,1
324,slave mill,3
200,so blessed,1
201,everything to me,3
263,r.o.a.r.,3
439,honeymoon bay,5
718,motions,2
691,hold on,4
891,government,3
658,what you like,3
382,bones,2
722,live without limit,1
522,me alright,1
212,deserve it all,5
867,flashbacks,1
287,loud enough,2
960,tek it off,2
819,hill top badness,1
455,don't tell me,5
333,so good,5
941,voodoo,3
521,selling out,2
185,unfair games (feat. yanique),1
283,best of you,2
714,fly me high,3
426,caught up,1
594,flowers and booze,3
706,budtender,5
108,gather the hands,2
807,the ladder,3
860,daft alchemist,4
734,life is real (feat. popcaan & padrino),1
206,camera show,5
794,i am what i am,1
193,wasteman,1
656,lie,1
281,i'm alive,1
697,hit list,5
562,can't let go,1
236,point of view,1
35,bad bad freddy,3
328,kiss me,1
586,firm and strong,1
562,riptide,3
757,free mind,2
52,big smoke,2
312,letter to lady j,3
49,take on anything,3
386,better days,4
716,wicked heart,4
944,trap door,3
684,already gold,2
883,world on fire (with slightly stoopid),2
396,visions (featuring chloe chaidez of kitten),3
285,hurt me,2
573,seed (intro),3
108,glocks,3
714,riddled with bullets,2
831,fire on the mountain,5
683,unity we need,1
595,maryland summer,3
354,better than that,3
287,changes,4
525,see dem fake leaders,4
383,superstar,3
645,cool me down,4
734,love i got for u,2
109,tie me up,5
106,this chick is wack,3
671,champ,1
286,i.s.s.u.e.s.,4
77,pon mi,2
692,walk away,1
661,show me your peace sign,2
686,san bá,2
498,follow your heart (feat. zion thompson from the green),1
760,opera wine,2
115,revolution,4
47,enemy,3
540,loyalty,5
434,controversial song,1
607,in stock,5
113,gimme love,4
501,loving every minute,1
772,play it again,1
401,traumatized,1
895,tek it out,4
474,nobody cries alone,3
806,hyper,2
470,can't dweet again,5
880,the greatest,4
681,cry cry blood,1
346,she love,4
813,don't shoot,1
283,pretend,2
461,na na na,2
186,human trafficking,3
434,young and innocent,4
45,thank the rebels,4
191,level up,4
195,ways of the world,3
261,closet's all black,1
963,stainless,3
880,candy,5
920,honey,1
107,call me,2
945,life is a circle,1
35,one day at a time,3
228,dodging raindrops,4
551,good feeling,1
809,blackout,3
765,lighthouse,5
95,cloudlifter,2
800,horsefly,1
158,tender boy,5
634,fear & love,5
65,wash away,2
552,morning,4
89,acting up,4
731,hold me,5
184,future,1
843,hold ah vibes,4
567,would you,4
656,catch a flight,5
932,fuckability,5
817,i'm an israelite,3
469,badmind,4
747,goddaughter (feat. e.n young),4
113,truth,3
326,something new,1
310,blessing,4
771,big fool,4
406,bop-a-lena,5
446,i heard the angels singing,4
119,i feel like my time ain't long,2
967,jamaica d.j.,2
609,forgive me,1
489,take me in your arms,5
616,i'm gonna sit right down and cry (over you),3
814,first in line,4
47,how's the world treating you,1
186,blue suede shoes,1
865,blue moon,1
239,love me,3
560,ready teddy,3
725,i'm counting on you,2
981,i flipped,5
74,jezebel,5
521,"jumps, giggles and shouts",2
912,"hot dog, buddy, buddy",2
931,ain't she sweet,2
793,the crossing,4
876,you can't catch me,1
992,i didn't mean to be mean,2
661,it ain't me,4
558,give that love to me,5
591,loretta,3
81,when will i be loved,2
672,that ain't right,4
675,don't forget,2
94,o promise me,2
437,time and tide,5
12,darktown strutter's ball,2
97,rockin' chair,2
376,i'll be home for christmas,2
153,blueberry hill,3
966,it is no secret (what god can do),2
33,don't leave me now,3
35,true love,5
176,cat man,2
816,tell me why,2
519,cruisin',4
667,lonesome cowboy,2
994,tennessee,5
146,your true love,2
621,i sure miss you,2
391,sure to fall,5
898,unchained melody,5
706,"gone, gone, gone",5
508,limbo dance,4
914,keep it a secret,1
177,you'll never walk alone,1
627,flea brain,5
590,midnight on a rainy monday,3
755,you've changed,4
618,laura,4
7,mam'selle,1
151,endless sleep,3
565,i'll be there,2
617,raunchy,1
339,as long as i have you,3
95,young dreams,3
549,lover doll,1
429,new orleans,2
277,don't ask me why,1
569,king creole,5
425,love me tender,4
751,heartbreak hotel,4
884,jailhouse rock,2
76,that's when your heartaches begin,5
444,any way you want me (that's how i will be),3
886,trouble,4
348,"shake, rattle and roll",4
424,in my dreams,4
274,git it,1
246,someone watching over you,5
44,santy anno,5
365,that's all right,3
200,"steadfast, loyal and true",2
563,fast freight,4
414,my heart,1
328,oleanna,1
526,gue gue,4
185,wimoweh,4
4,haul away,4
191,ready teddy,5
761,the unfortunate miss bailey,4
48,the long black rifle,3
947,i don't care if the sun don't shine,1
384,blow ye winds,3
941,i forgot to remember to forget,4
514,you're a heartbreaker,1
86,we're gonna move,4
257,i beg of you,3
491,(now and then there's) a fool such as i,5
865,that's all right,4
972,one night,5
428,i got stung,4
13,i was the one,1
285,blue moon of kentucky,1
541,twilight,2
965,fast freight,4
79,across the wide missouri,4
374,they call the wind maria,4
913,all my sorrows,1
268,poor boy,4
981,my wish came true,1
900,remember the alamo,1
889,everglades,4
579,blue eyes crying in the rain,4
624,just for you,3
92,loving you (from passion),5
286,with her head tucked underneath her arm,2
862,joshua fit the battle,3
808,wooden heart,5
448,it feels so right,4
267,i believe in the man in the sky,1
262,his hand in mine,5
239,"happy birthday, sweet sixteen",4
587,such a night,5
759,fever,2
234,pocketful of rainbows,2
774,in my father's house,3
771,tonight's all right for love,3
985,tonight is so right for love,5
969,mumblin' guitar,3
933,the last letter,4
923,gringo,5
186,trambone,3
649,i may never get to heaven,1
844,lonely heart,5
206,lonesome town,1
298,who shot sam,4
496,why i'm walkin',1
865,slippin' and slidin',5
514,senora,1
63,"oh, sail away",5
348,when my love was here,1
182,"oh, yes, oh!",4
419,coast of california,4
931,coming from the mountains,5
227,exotic two,4
314,white riot,3
588,armagideon time,2
714,there's a party goin' on,1
342,one last kiss,3
214,tongue tied,4
900,(ghost) riders in the sky,4
323,i'm coming home,3
810,give me the right,2
542,judy,4
884,"i slipped, i stumbled, i fell",3
672,put the blame on me,2
407,can't help falling in love,1
737,island of love,1
53,no more,5
464,hawaiian sunset,3
442,ku-u-i-po,4
461,right or wrong,2
643,hawaiian wedding song,4
293,almost always true,3
741,man we had a party,4
824,starting today,2
730,in your arms,4
680,gently,1
713,sticks and stones,1
927,it's a sin,2
234,away rio,5
946,i got a letter (this morning),2
426,poor ellen smith,4
955,long black veil,3
637,chiquita mia,1
715,the night i cried,3
356,"don't gild the lily, lily",4
592,new day,3
625,china gates,1
454,miss marmelstein,1
539,yesterday,5
826,kiss me quick,3
594,i'm yours,3
220,something blue,3
490,mexico,1
269,l-o-n-e-l-y,2
300,marguerita,4
400,one broken heart for sale,3
19,mexico,5
353,i'm falling in love tonight,1
448,ain't gonna grieve,1
703,keepin' out of mischief now,4
19,my honey's loving arms,2
47,happy ending,1
938,cotton candy land,2
462,try to remember,1
151,happy days are here again,3
454,fame and fortune,4
353,surrender,2
227,not a second time,5
550,all i've got to do,1
545,you really got a hold on me,4
117,till there was you,5
881,all my loving,1
206,devil in her heart,2
691,a taste of honey,5
546,hold me tight,4
165,it's now or never,4
698,p.s. i love you,2
24,please mister postman,4
563,fun in acapulco,1
966,i feel so bad,3
951,roustabout,3
341,kissin' cousins,4
126,you do something to me,1
440,grown up wrong,1
596,long tall sally,3
865,ramblin' boy,1
99,snowblind,2
97,tender feeling,2
947,knock on the door,4
734,to susan on the west coast waiting,1
810,"big love, big heartache",1
617,some day soon,1
713,the nightingale,5
59,once is enough,2
689,anyone (could fall in love with you),5
468,ballad of william worthy,1
269,time is on my side,4
591,what you're doing,5
194,not fade away,4
176,i'll follow the sun,3
509,and i love her,2
32,all day and all of the night,4
863,things we said today,2
695,i'll cry instead,2
631,words of love,1
412,any time at all,2
363,tell me why,3
562,i'll be back,5
416,"good times, bad times",5
801,just can't go to sleep,1
587,the twilight zone,4
701,susie q,2
811,universal soldier,2
686,the good's gone,2
867,heart of stone,1
819,you never wanted me,3
295,got my feet on the ground,2
642,who'll be the next in line,5
342,anyway anyhow anywhere,4
910,puppet on a string,1
693,pain in my heart,5
19,off the hook,2
81,your cheatin' heart,3
439,such a shame,2
18,gotta get the first plane home,5
392,the men behind the guns,5
975,ring the bells,3
199,that's how strong my love is,2
572,don't ever change,5
668,"summer kisses, winter tears",3
40,yellow walls,1
528,so long,2
227,look what you've done,1
124,it's not true,1
67,tired of waiting for you,2
97,till the end of the day,1
726,dedicated follower of fashion,4
308,i've just seen a face,3
408,you've got to hide your love away,3
817,in my life,2
339,the last time,4
818,the word,4
613,wait,4
955,play with fire,2
490,the night before,5
849,i go to sleep,5
501,yesterday,3
923,never,5
871,where have all the good times gone,3
227,night-time,5
665,good times,4
355,fancy,2
14,i am waiting,4
951,gimme shelter,1
485,party line,4
427,doncha bother me,5
188,lady jane,3
798,heat wave,2
89,time has come today,5
274,too much on my mind,5
136,sympathy for the devil,1
215,"a quick one, while he's away",3
645,good day sunshine,1
159,for no one,3
715,yellow submarine,4
542,sunny afternoon,2
45,eleanor rigby,1
481,and your bird can sing,2
856,"here, there and everywhere",3
86,tomorrow never knows,5
939,dead end street,3
508,(we ain't got) nothin' yet,3
640,boris the spider,2
496,good morning good morning,3
5,sgt. pepper's lonely hearts club band,3
729,david watts,1
928,electricity,1
987,the golden road,5
431,cold rain and snow,2
961,viola lee blues,5
58,horse latitudes,5
424,crying in the chapel,5
400,sgt. pepper's lonely hearts club band (reprise),5
434,the scarecrow,1
879,autumn almanac,5
968,the hedgehog's song,2
922,keep your mind open,3
103,trip to your heart,3
154,lovely rita,3
486,sing this all together,5
605,smell of incense,1
968,fixing a hole,3
544,getting better,4
125,i'll be your mirror,1
703,i won't hurt you,1
934,magical mystery tour,2
991,end of the night,4
273,blue jay way,4
185,let's spend the night together,3
542,venus in furs,2
764,all you need is love,4
174,i am the walrus,5
58,love me two times,5
284,take up thy stethoscope and walk,2
214,the black angel's death song,4
341,"have you seen your mother, baby, standing in the shadow?",2
333,unhappy girl,5
701,death of a clown,4
393,european son,3
2,i can't see your face in my mind,4
575,i looked at you,5
914,i loved another woman,5
284,animal farm,4
346,call it pretending,5
308,lady godiva's operation,4
435,eighteen is over the hill,1
772,(ballad of) the hip death goddess,1
845,"pussywillows, cat-tails",5
906,peregrine,5
663,if you feel,1
690,phenomenal cat,1
669,ninety-nine and a half (won't do),3
658,honey pie,1
885,i've gotta get a message to you,2
465,the continuing story of bungalow bill,2
419,mother nature's son,3
779,the unknown soldier,1
33,walking on the water,4
163,"long, long, long",1
107,words,1
131,"ob-la-di, ob-la-da",3
112,julia,1
137,love that burns,2
769,wintertime love,2
796,remember a day,4
817,play that funky music,4
161,don't rain on my parade,1
652,world,3
280,do you remember walter?,5
785,massachusetts,3
615,motherless child,4
734,a saucerful of secrets,2
541,the village green preservation society,5
548,set the controls for the heart of the sun,1
233,summer's almost gone,4
972,white light/white heat,4
991,go to the mirror!,3
192,love buzz,2
435,the acid queen,3
575,don't cry daddy,4
929,i'm free,3
175,introduction,1
251,stand!,1
635,1921,5
70,bring it on home,2
178,janine,1
248,sally simpson,4
250,several species of small furry animals gathered together in a cave and grooving with a pict,4
328,everyday people,3
256,tommy can you hear me?,4
287,smash the mirror,4
940,mean mr mustard,1
292,good golly miss molly,4
58,beginnings,2
890,sinister purpose,5
161,keep on chooglin',1
621,spirit in the sky,3
404,pinball wizard,5
755,suspicious minds,1
891,you never give me your money,3
443,carry that weight,4
468,down by the river,2
157,wrote a song for everyone,2
745,the night time is the right time,4
508,feelin' blue,5
140,only a northern song,1
342,tell all the people,1
795,i'm a man,2
191,oh! sweet nuthin',3
600,till the morning comes,1
891,take me to the pilot,3
629,don't forget to remember,2
776,brokedown palace,5
278,i have learned to do without you,1
381,the width of a circle,5
816,who loves the sun,2
546,sweet jane,4
638,colour my world,3
522,fat old sun,5
388,tangerine,4
87,lonely days,3
471,make me smile,1
618,art of dying,4
793,isn't it a pity,4
686,travelin' band,2
87,wild world,2
844,born to move,1
520,i'll never fall in love again,1
594,jane s. piddy,5
318,the lovely linda,1
397,sailor's lament,4
813,i'm sticking with you,3
659,lonesome cowboy bill,2
54,"oh, lonesome me",4
134,i believe in you,1
87,all the madmen,1
397,birds,5
943,i'd have you anytime,1
534,i live for you,3
783,this time tomorrow,2
489,southern man,3
425,two of us,5
196,i found a reason,4
724,black sabbath,3
268,hey tonight,1
654,we've only just begun,5
270,electric funeral,3
159,friend of the devil,5
711,iron man,1
43,let it be,2
230,25 or 6 to 4,4
720,peace frog,3
928,get back,4
25,across the universe,4
625,run of the mill,4
210,powerman,3
339,a bit of finger / sleeping village / warning,2
880,love,4
502,every night,1
869,maggie mae,5
186,behind that locked door,5
312,only love can break your heart,3
929,indian summer,1
668,waiting for the sun,5
361,atom heart mother,3
515,god,2
483,(i know) i'm losing you,3
224,the battle of evermore,2
606,fill your heart,5
747,smile away,1
370,getting in tune,4
155,can't you hear me knocking,2
787,the song is over,2
266,jealous guy,4
702,for all we know,2
655,crawling king snake,4
777,quicksand,3
769,rock and roll,5
539,dear boy,3
598,10538 overture,2
738,tomorrow is a long time,5
115,tomorrow is today,5
347,"oh woman, oh why",4
356,ram on,3
800,back in our minds,3
922,long haired lady,4
863,rotten peaches,5
947,if i laugh,5
799,baba o'riley,1
170,not fade away / goin' down the road feeling bad,5
819,rainy days and mondays,1
742,maggot brain,2
717,maggie may,3
646,children of the grave,5
329,gimme some truth,5
817,how do you sleep?,1
713,sway,1
386,lord of this world,4
672,seamus,2
179,super stupid,1
627,(find a) reason to believe,1
323,too many people,3
985,the changeling,5
748,how can you mend a broken heart,2
755,sweet city woman,3
320,another day,2
50,oh my love,2
911,slave,4
486,run to me,3
182,turd on the run,5
671,watcher of the skies,2
605,take the devil,5
205,hurting each other,5
879,don't let me be lonely tonight,4
21,sweet black angel,5
513,there's a world,3
854,goodbye to love,2
20,sentimental lady,3
219,hey jude,4
629,isn't life strange,4
95,earlybird,3
920,torn and frayed,2
49,goodnight ladies,3
146,changes,4
801,soul love,2
302,magnet and steel,5
997,suffragette city,1
334,old man,4
733,moonage daydream,1
59,heart of gold,1
446,time in a bottle,2
796,out on the weekend,4
284,honky cat,4
428,ziggy stardust,3
221,too much time,5
881,a long time ago,5
52,cornucopia,3
561,can't keep it in,4
909,for baby (for bobbie),3
231,fall in philadelphia,5
340,a song for you,4
604,hey tomorrow,2
870,i won't last a day without you,2
380,i think i'm going to kill myself,3
989,under the sun,4
205,new york's not my home,3
839,hello mary lou,4
79,tomorrow's dream,5
259,lookin' for a reason,5
636,harvest,5
232,out the blue,2
980,grapefruit,2
282,doing all right,5
562,sing,4
632,every nigger is a star,3
11,i'm one,3
143,the ballad of danny bailey (1909-1934),1
816,twenty-one,3
246,the prettiest star,3
20,the dirty jobs,3
593,crunchy granola suite,4
619,bell boy,4
746,living in the material world,4
754,from me to you,2
2,abandoned luncheonette,2
561,looking for today,3
911,we can work it out,1
196,thursday,5
434,jack rabbit,3
146,watch that man,2
496,funeral for a friend / love lies bleeding,5
656,yesterday once more,4
48,i want to hold your hand,5
210,radar love,3
552,i hope that i don't fall in love with you,5
738,if you want me to stay,3
284,money,1
469,dream on,3
949,a good time man like me ain't got no business [singin' the blues],3
147,us and them,5
130,she's gone,1
151,the great gig in the sky,3
323,on the run,2
847,"bad, bad leroy brown",2
175,tequila sunrise,5
634,eclipse,3
10,rhymes and reasons,4
233,dreamin' again,4
247,the hard way every time,2
303,make it,5
587,in time,1
675,lady grinning soul,5
545,5:15,3
178,follow me,5
966,just you 'n' me,2
11,outlaw man,3
793,a national acrobat,1
561,my way,3
175,always on my mind,2
184,one less set of footsteps,4
566,"stop, look, listen (to your heart)",5
39,bring back that leroy brown,4
22,nevermore,3
298,father to son,4
315,need some love,1
534,rock 'n' roll with me,4
634,woman of the world,5
199,the march of the black queen,1
468,time waits for no one,2
391,wishing you were here,5
929,in the lap of the gods,1
391,seven seas of rhye,4
716,the great white buffalo,3
102,san diego serenade,4
584,back in n.y.c.,2
871,only you (and you alone),3
508,souvenir,2
711,cuckoo cocoon,2
125,streetlife serenader,3
343,life is just a tire swing,3
483,in the cage,2
352,up for the down stroke,1
333,black diamond,1
570,bloody well right,5
345,ship of fools,4
728,the way we were,2
445,the bitch is back,4
832,the entertainer,2
610,don't let the sun go down on me,2
830,flick of the wrist,3
785,motion pictures (for carrie),3
667,(i've been) searchin' so long,3
544,i'll stay,5
361,this old guitar,4
346,call on me,4
415,happy man,2
735,sweet surrender,2
120,blue letter,1
181,old days,1
162,sweet lady,4
599,tired eyes,5
292,somebody up there likes me,5
316,love me for what i am,2
312,tower of babel,4
703,by-tor and the snow dog,3
155,i wish you peace,1
462,suite madame blue,3
376,'39,3
539,slip kid,3
641,of a lifetime,5
410,love of my life,5
752,trampled under foot,1
449,only yesterday,3
688,custard pie,3
42,monday morning,3
284,you're my best friend,3
790,(gotta get a) meal ticket,4
46,am i going insane,4
424,cold ethyl,5
996,i'm so afraid,3
254,don't cry no tears,3
529,better off dead,4
499,landslide,5
946,across the universe,2
71,please mr. postman,2
398,calypso,1
473,i don't want to talk about it,5
458,squeeze box,4
243,backstreets,5
911,toys in the attic,1
110,jive talkin',3
554,lyin' eyes,3
261,rhiannon,1
915,walk this way,2
645,stand by me,2
12,this will be (an everlasting love),4
785,how sweet it is (to be loved by you),3
422,fly away,5
951,bastille day,2
259,megalomania,2
925,right,2
383,mothership connection (star child),5
898,nights on broadway,2
62,big ten inch record,4
27,anthem,4
604,stay,5
769,memory motel,3
849,you stepped into my life,5
98,calling occupants of interplanetary craft,3
885,i want more,5
901,i've loved these days,2
277,tears,5
862,there's a kind of hush,3
624,the ripper,3
726,you take my breath away,1
464,station to station,2
251,lookin' back,3
214,the twilight zone,1
447,stand tall,4
477,king of the night time world,1
549,love at first feel,3
803,the raven,3
416,havin' a party,1
881,afterglow,4
939,white man,5
136,mademoiselle,1
401,somebody to love,4
619,sick as a dog,5
199,tom traubert's blues (four sheets to the wind in copenhagen),5
234,losin' end,2
148,combination,5
307,i don't wanna walk around with you,2
40,tyrant,1
491,children of the world,5
666,theme from mahogany (do you know where you're going to),2
391,the first cut is the deepest,2
695,"summer, highland falls",3
925,calling dr. love,3
846,prelude / angry young man,5
92,it's a long way to the top (if you wanna rock 'n' roll),5
282,foreplay / long time,5
915,rich girl,3
510,more than a feeling,4
881,big balls,2
342,rock & roll band,4
180,beth,1
31,the captain and the kid,3
585,love hangover,5
160,"welcome back (theme from welcome back, kotter)",4
540,long may you run,1
856,ship of fools,2
811,the jack,4
818,shout it out loud,1
505,say goodbye to hollywood,5
264,charley's girl,5
26,live wire,3
189,get it right the first time,4
163,spread your wings,4
498,headkknocker,5
993,"all dead, all dead",3
46,it's late,5
523,we'll burn the sky,2
649,go your own way,2
508,more than a woman,4
651,fool for you anyway,1
209,from now on,4
348,draw the line,2
909,the sails of charon,4
259,night fever,2
118,career opportunities,1
469,cinderella man,5
839,even in the quietest moments,3
206,diamonds and rust,5
755,i stole your love,3
123,how deep is your love,3
645,starrider,1
891,sister midnight,1
817,fall in love with me,5
173,don't stop,4
955,remote control,5
991,love -> building on fire,2
697,your light,5
122,suzy is a headbanger,1
528,some weird sin,5
474,tonight,3
142,everybody has a dream,4
498,lovely cruise,4
579,dissident aggressor,3
564,"here today, gone tomorrow",4
711,some other time,5
602,what in the world,3
257,hate & war,4
130,planets of the universe,4
836,you make loving fun,2
937,sons of the silent age,1
770,plaster caster,1
418,be my wife,3
767,"uh-oh, love comes to town",1
201,love gun,5
417,far from over,5
129,surfin' bird,3
427,samson and delilah,2
49,madrigal,3
619,fight from the inside,1
995,sheer heart attack,1
684,sound and vision,1
425,god save the queen,3
799,sugar on my tongue,5
610,we are the champions,1
806,you took the words right out of my mouth (hot summer night),4
593,sometimes when we touch,4
229,margaritaville,4
929,cold as ice,1
415,closer to the heart,1
386,the stranger,4
522,for crying out loud,5
840,wonder why we ever go home,1
867,nightclubbing,4
48,kings and queens,2
516,if i keep my heart out of sight,4
363,"baby, what a big surprise",5
854,intro,1
262,miss america,2
988,i'm so bored with the u.s.a.,5
927,the grand illusion,1
741,"long, long way from home",4
761,like a hurricane,5
613,holidays in the sun,5
869,queen of spades,4
253,julie's been working for the drug squad,3
357,lies,4
551,jealousy,3
449,kicked in the teeth,4
409,so blue,4
467,up to my neck in you,2
923,the girl wants to be with the girls,4
749,kill the king,2
127,dead on time,2
800,truth hits everybody,2
80,i have waited so long,1
788,hold on,4
81,warning sign,1
416,gates of babylon,1
477,this time i'll be sweeter,1
465,in only seven days,2
767,circumstances,1
784,respectable,3
983,i'll supply the love,2
636,hole in my life,4
928,let me entertain you,1
537,streets of fire,3
28,needles and pins,5
891,used to bad news,4
259,exciter,4
297,sing for the day,3
405,if i had the world to give,1
531,tropical hot dog,2
840,leaving home ain't easy,5
20,homicide,2
486,song for guy,1
237,ready steady go,2
244,broken hearted me,5
132,love changes,3
286,wasted,2
905,tonight you belong to me,3
675,rip it out,4
467,fix me,5
82,praying hands,1
853,gut feeling (slap your mammy),1
138,top of the bill,1
589,shattered,3
944,merry christmas darling,1
269,we've got tonight,4
77,georgy porgy,2
731,badlands,1
440,ever fallen in love (with someone you shouldn't've?),3
833,follow you follow me,1
343,double vision,1
527,three times a lady,5
383,feeling that way,5
591,you really got me,5
958,ain't talkin' 'bout love,2
21,so lonely,5
584,don't look back,1
193,big shot,1
14,time for me to fly,4
902,newborn awakening,4
383,mongoloid,2
450,a feast of friends,4
39,party,2
660,gone shootin',3
391,sleigh ride,5
178,patiently,5
206,it's easy,4
255,darkness on the edge of town,5
126,whole wide world,5
958,stiletto,3
396,lotta love,1
772,there's no way out of here,1
377,can't stand losing you,4
170,"blue morning, blue day",2
633,(i can't get no) satisfaction,3
766,long live rock n roll,2
972,beyond the realms of death,2
547,mind,4
772,grey ghost,2
206,before the dawn,4
439,death or glory,5
857,we wish you a merry christmas,4
721,the card cheat,4
130,i'm not down,1
997,south bound saurez,5
859,money,5
661,gone hollywood,3
993,fantastic voyage,3
912,hateful,4
160,the guns of brixton,3
175,tusk,5
587,gotta serve somebody,5
874,wilderness,4
515,(wish i could fly like) superman,4
368,spanish bombs,1
632,you take my breath away,4
196,bomber,3
832,i remember nothing,4
842,millworker,2
683,love song,3
49,save me a place,2
439,borrowed time,2
898,lover's rock,4
224,melody lee,4
785,all night long,5
52,air,4
419,first time,4
29,carouselambra,4
625,just another nervous wreck,1
136,lay it on the line,1
604,beautiful child,4
671,orgasmatron,2
947,stay clean,4
637,take the long way home,4
47,the show must go on,5
190,the trial,4
888,empty spaces,3
909,"another brick in the wall, pt. 3",5
775,damaged goods,5
400,walking on the moon,1
250,if you want blood (you've got it),4
422,walk all over you,4
204,shot down in flames,1
664,bring the boys back home,2
121,just when i needed you most,3
845,love comes to everyone,2
690,why can't i touch it?,4
469,"another brick in the wall, pt. 2",2
41,goodbye blue sky,1
940,since you been gone,1
378,one step beyond,1
788,the bed's too big without you,1
459,you can't change that,4
418,everybody's happy nowadays,1
32,(our love) don't throw it all away,2
825,hell bent for leather,2
504,damage case,4
918,holiday,4
216,natural's not in it,3
240,new dawn fades,1
242,please don't go,4
488,stop,5
182,still,1
90,blow away,5
734,d.o.a.,3
147,somebody get me a doctor,3
658,bring on the night,2
818,dirty white boy,4
991,twenty four hours,1
270,play the game,2
740,all night long,1
114,angel witch,1
483,somebody got murdered,3
167,my rival,4
226,point blank,1
229,wishing well,5
765,out of season,1
238,heart and soul,4
918,man in a suitcase,3
666,listening wind,2
197,grinder,5
297,sleeping with the television on,5
748,steal away (the night),3
987,decades,1
591,atrocity exhibition,4
85,natural science,4
762,united,5
906,my old piano,2
502,crosseyed and painless,1
781,race with the devil,2
159,bix,1
69,drug me,4
335,rich kid,2
945,fade away,5
828,coming soon,5
32,save me,2
367,remember (walking in the sand),4
564,shoot you in the back,3
204,stigmata martyr,5
633,walk away,4
219,you can look (but you better not touch),4
117,colony,3
96,i kill children,2
966,i'm a rocker,4
864,no bone movies,3
452,passover,4
644,seen and not seen,1
870,when ya get drafted,1
19,forward to death,1
118,two hearts,2
335,i will follow,2
554,goodbye to romance,5
303,m,3
412,follow my heart,5
290,c'etait toi (you were the one),3
262,"you looking at me, looking at you",1
856,wonderful christmastime,5
831,holiday in cambodia,4
871,what do you do for money honey,3
325,she's so cold,3
721,her strut,5
599,alabama getaway,1
660,phantom of the opera,2
974,givin the dog a bone,4
35,kiss on my list,5
886,breaking the law,5
846,whip it,5
871,shoot to thrill,3
54,ace of spades,4
672,any way you want it,3
412,you shook me all night long,2
532,steal away,1
47,freewill,2
783,rock and roll ain't noise pollution,4
668,don't stand so close to me,4
387,let my love open the door,1
170,the horizontal bop,2
625,what kind of fool (feat. barry gibb),5
592,the ties that bind,2
834,kill the poor,2
727,metal gods,5
520,gates of steel,4
12,you've lost that lovin' feeling,1
14,lady evil,3
255,stay awhile,4
540,in your letter,1
360,iron maiden,2
310,driven to tears,2
966,rock 'n' roll high school,5
202,armed and ready,1
161,"when the world is running down, you make the best of what's still around",5
353,everytime you go away,5
130,time,1
30,dark entries,5
668,little jeannie,4
544,bird song,4
883,c.o.d.,2
594,little dolls,1
881,i put the finger on you,5
534,push comes to shove,3
764,one world (not three),1
791,paradise,2
273,too fast for love,5
68,keeping the love alive,4
345,dead or alive,3
289,desert plains,1
902,memory,1
854,country girl,1
600,looking for a good sign,4
231,the passion of lovers,2
96,gimmie gimmie gimmie,4
924,snowblind,3
347,too much information,5
89,"my girl (gone, gone, gone)",2
617,gloria,1
456,inject the venom,5
176,tonight,4
408,stick to your guns,4
480,no use in crying,2
487,new life,5
216,dead souls,5
66,evil walks,2
667,a.d. 1928,4
227,how still my love,5
583,omegaman,4
703,woman in black,5
509,living eyes,1
215,drifter,3
77,outside the rain,1
651,things we never did,2
393,piece of my heart,4
668,breaking the rules,3
1,spray paint,1
4,the man with x-ray eyes,1
696,what i see,5
671,keep it dark,3
72,who's crying now,4
768,i missed again,4
155,to lay me down,2
767,snowballed,1
874,after the glitter fades,5
682,monkey and the engineer,5
894,prodigal son,1
708,the race is on,5
905,welcome to hell,4
8,night of the long knives,1
680,another hit and run,2
93,there's only one way to rock,3
865,heaven,4
894,the best of times,5
871,diary of a madman,1
506,you better you bet,2
916,leather and lace,5
414,all those years ago,3
527,tv party,2
33,spirits in the material world,5
563,piece of your action,1
409,edge of seventeen,2
329,lonely is the night,1
439,waiting for a girl like you,2
192,limelight,3
222,start me up,1
891,bad reputation,5
333,my kinda lover,2
678,waiting on a friend,3
836,abacab,2
604,the mob rules,5
722,kick in the eye,1
538,escape,3
270,nine tonight,5
356,hearts,4
652,living inside myself,3
965,kind of woman,3
830,the kkk took my baby away,3
158,witch hunt,4
882,break it up,5
373,some days are diamonds (some days are stone),2
789,keep on runnin' (live),3
337,believer,2
53,get it up,2
132,rockin' the paradise,2
290,purgatory,2
300,i'll fall in love again,4
53,tryin' to live my life without you,3
467,man on the corner,2
715,invisible sun,3
462,no reply at all,3
391,here i am (just when i thought i was over you),1
520,killers,3
699,growing older but not up,3
304,let's get it up,2
592,good for you,4
746,chemistry,1
340,bloodstone,3
55,losing it,4
512,iron fist,2
228,afraid of love,4
418,battle hymn,1
667,don't leave me now,3
415,the weapon,4
157,cold,1
982,you give me all i need,1
713,metal on metal,5
85,el-shaddai,2
656,love over gold,3
381,one hundred years,3
152,can't live without you,3
182,six months in a leaky boat,3
678,devils whorehouse,2
940,you've got another thing coming,3
841,two less lonely people in the world,1
632,heartbreaker,1
437,overpowered by funk,3
691,digital man,5
317,love in store,2
661,burning heart,2
900,i don't need love,2
567,now and forever,3
413,inoculated city,3
510,f.v.k. (fearless vampire killers),4
556,lightning strikes,3
355,here comes the feeling,2
12,silence and i,4
620,sing your praise to the lord,5
34,prisoner of your eyes,1
536,time again,4
522,i,4
512,the figurehead,4
762,(take these) chains,3
109,sean flynn,2
303,a short term effect,2
426,it's a feeling,3
731,she's right on time,5
691,poor tom,2
628,i can let go now,3
258,screaming for vengeance,4
860,remember the heroes,4
657,devil's child,1
277,spiritual cramp,4
974,mommy can i go out and kill tonight,5
823,the gun,5
112,violent world,3
527,blue eyes,4
432,electric eye,3
910,fantasy,1
447,dancing in the street,5
937,goody two shoes,5
868,i love it loud,2
543,the prisoner,2
610,run to the hills,1
942,1999,1
819,rock the casbah,1
274,eye of the tiger,3
665,should i stay or should i go,4
754,hallowed be thy name,1
740,ebony and ivory,3
438,ghetto defendant,3
977,sing me away,3
550,love me tomorrow,2
245,sole survivor,5
939,know your rights,3
784,the hanging garden,3
73,20 eyes,1
472,siamese twins,3
956,all hell breaks loose,5
660,a clean break (let's work),4
735,skulls,5
421,gangland,1
492,i gotta try,2
267,ever since the world began,2
33,i am in love,4
787,war machine,3
315,black metal,3
639,supertouch/shitfit,1
702,invaders,1
949,life goes on,5
522,three lock box,1
35,get the balance right!,1
717,get your filthy hands off my desert,1
189,quest for fire,2
98,evil has no boundaries,2
192,foolin',1
837,making flippy floppy,5
645,sun and steel,4
211,to tame a land,3
744,walking in your footsteps,1
954,southampton dock,3
534,die by the sword,5
594,second home by the sea,5
976,wild heart,4
499,stand back,5
608,love's a bitch,5
108,o my god,5
406,flick of the switch,3
326,i saw your mommy...,3
171,curse of the pharaohs,4
626,still life,1
255,i will run to you,2
88,easy money,5
997,in the beginning,4
156,you're no different,4
338,queen of the reich,4
939,who's behind the door,4
167,"ha ha, hee hee",2
770,your possible pasts,1
272,two suns in the sunset,4
279,suicide's an alternative / you'll be sorry,5
853,die hard the hunter,2
655,paranoid eyes,1
604,the antichrist,4
241,moonlight shadow,1
826,the hero's return,4
218,this night,2
125,billy's got a gun,4
560,fake friends,3
972,if anyone falls,3
542,possessed,2
655,metal storm / face the slayer,1
421,now you see it (now you don't),1
560,melissa,5
1,too low for zero,3
534,waiting for darkness,5
985,i shot the devil,5
745,a million to one,5
719,tormentor,5
945,two sided politics,5
352,all hell's breakin' loose,2
673,rubicon,1
929,"""40""",1
464,seconds,5
868,the smile has left your eyes,4
43,invisible,4
584,without you,3
7,fight till death,5
487,runaround sue,3
298,too late for love,2
561,shame on the night,4
319,gypsy,5
10,revenge,1
1,all night long (all night),5
283,beauty and the beast,3
321,guns for hire,2
548,nervous shakedown,1
921,so tired,5
430,wrapped around your finger,3
202,send her my love,3
196,king of pain,1
538,leave a tender moment alone,5
563,the kids are back,3
151,"knock 'em dead, kid",2
168,ask the lonely,2
244,owner of a lonely heart,2
946,the trooper,5
196,shout at the devil,5
621,separate ways (worlds apart),5
913,every breath you take,5
529,bark at the moon,2
979,metal health (bang your head),5
360,balls to the wall,4
275,too young to fall in love,4
998,hello,1
954,looks that kill,5
523,straight through the heart,4
816,die with your boots on,1
677,yah mo b there,5
197,when the tigers broke free,5
134,don't let it end,4
20,not now john,2
508,jingle bell rock,5
625,danger,3
524,tender years,2
558,taking it all too hard,3
964,bastard,5
937,mama,4
577,subliminal,5
247,red hot,1
250,black magic,5
55,evil,1
129,cat people (putting out fire),4
857,stand up and shout,4
314,stay hungry,1
158,loving the alien,1
365,love bites,5
836,thrills in the night,5
498,is this the world we created...?,5
68,sad songs (say so much),3
377,bad,2
456,green hell,5
522,out of touch,4
606,metal church,5
154,the duellists,3
255,i'm leaving you,5
611,black coffee,2
538,back in the village,4
982,no more lonely nights (ballad),4
666,slip it in,1
61,it's a hard life,3
70,thank god it's christmas,1
414,some guys have all the luck,5
161,why ?,1
310,chemical warfare,3
926,ivo,3
417,murder,3
51,kid gloves,5
879,scene of the crime,3
913,machines (or back to humans),4
622,still ill,5
821,the body electric,3
52,nothing left inside,4
741,the morning after,4
56,so much in love,3
309,girls with guns,5
866,accept yourself,5
185,the beast,4
432,you ain't got a hold on me,1
920,stranger in town,3
876,will the wolf survive?,2
796,method of modern love,3
244,keep passing the open windows,2
974,down on love,1
209,some heads are gonna roll,2
597,hard habit to break,4
324,wire,5
52,i'm insane,4
443,back to the old house,1
15,tooth and nail,2
642,soul stripper,2
314,missing you,4
870,beat my head against the wall,4
207,afterimage,1
861,the enemy within,2
247,house of pain,1
618,radio ga ga,1
322,bang your head (metal health),1
547,i can't hold back,5
651,the last in line,3
152,the search is over,3
770,the price,5
910,powerslave,4
754,shot through the heart,5
213,killed by death,4
136,foolish heart,1
273,"please, please, please, let me get what i want",4
186,2 minutes to midnight,4
379,i can't drive 55,5
987,let's go crazy,1
255,oh sherrie,1
743,burn in hell,5
288,flash of the blade,5
965,blue jean,2
669,got a hold on me,2
882,lack of communication,4
704,handsome devil,5
987,suffer little children,4
424,the sentinel,5
356,go for soda,4
191,red sector a,1
725,viet nam,5
798,into the fire,2
708,what difference does it make?,3
214,that was yesterday,4
710,breaking hearts (ain't what it used to be),3
758,don't answer me,2
644,living on a thin line,5
275,"william, it was really nothing",2
602,back for more,5
788,out in l.a.,3
578,at dawn they sleep,5
845,kill again,5
891,fight for your rights,4
190,all you zombies,1
830,in between days,4
708,"don't close your eyes, tonight",1
456,fly on the wall,1
301,bonded by blood,1
475,(you're a) strange animal,4
538,necrophiliac,2
119,a pair of brown eyes,3
770,killing is my business...and business is good!,4
532,the transformers theme,4
55,closer to my heart,5
170,paisley park,2
52,assimilate,2
878,one more night,4
105,american nightmare,3
475,russians,2
864,love like blood,3
299,broken heart,4
134,kayleigh,4
916,one world,1
743,chosen ones,3
955,meat is murder,4
649,grand designs,1
626,this is england,1
251,home sweet home,3
262,she sells sanctuary,2
18,medusa,1
823,500 miles,1
737,the sick bed of cuchulainn,3
786,last rites / loved to deth,4
315,somebody,5
883,never use love,2
517,lightnin' strikes again,2
214,hybrid moments,5
901,midnite dynamite,1
373,nemesis,4
675,eighties,3
346,why worry,1
49,jolly mon sing,5
341,the headmaster ritual,1
184,louder than hell,1
433,well i wonder,3
589,pop life,3
612,madhouse,3
785,so far away,2
73,nightshift,1
633,the man's too strong,3
121,everyday,4
280,dare,5
203,the big money,4
662,push,3
276,inside out,1
56,use it or lose it,2
353,in my dreams,5
820,goodbye,2
889,it's not love,3
538,barbarism begins at home,4
366,tears are falling,3
781,tonight (we need a lover),1
782,only one,5
463,clap hands,1
280,stay up late,3
83,hell awaits,1
415,sleeping bag,4
45,dean's dream,3
776,the conjuring,4
127,devils island,3
998,ghouls night out,4
635,re-ignition,1
149,solitude,5
74,calling on you,2
555,will you still love me?,4
870,if i were you,4
900,love for sale,2
974,halloween,3
136,deja vu,3
97,radio head,4
160,inside,1
92,necrophobic,5
467,one hit (to the body),5
702,so serious,2
13,horror business,5
270,altar of sacrifice,4
297,slip of the lip,5
2,i touch roses,5
677,vicar in a tutu,2
104,cumin' atcha live,5
808,ballerina girl,1
935,invisible touch,4
73,cry tough,3
374,my destination,5
95,she,5
638,throwing it all away,5
645,good mourning / black friday,4
621,"tonight, tonight, tonight",4
534,fly on the windscreen,4
963,every beat of my heart,3
70,one year of love,4
177,what does it take,3
738,earth a.d.,1
387,fool like you,1
101,it could have been you,3
907,aggressive perfector,4
579,i will remember,2
305,the eyes of a woman,1
597,raised on radio,2
88,death comes ripping,5
372,american storm,1
288,reborn,5
965,epidemic,1
383,nothin' for nothin',5
952,land of confusion,2
24,changes,1
472,walk in the shadows,2
904,"you don't remember, i'll never forget",2
772,happy to give,3
754,bela lugosi’s dead,3
902,i can't wait,5
532,once you love somebody,2
811,jesus saves,4
920,where eagles dare,2
557,i won't forget you,3
208,this is the time,4
568,angel of death,2
178,as the world falls down,1
984,has anyone ever written anything for you,4
612,who wants to live forever,1
515,summer nights,5
288,a matter of trust,2
209,raining blood,2
887,amanda,2
350,livin' on a prayer,5
503,nobody's fool,3
510,bigmouth strikes again,1
548,shot in the dark,1
130,battery (remastered),4
98,wasted years,3
451,i want action,1
513,bullet,1
846,killer of giants,2
381,posse in effect,2
796,suzanne,4
933,postmortem,2
135,gettin' better,3
349,stripped,4
854,night songs,5
563,why can't this night go on forever,4
500,look what the cat dragged in,3
228,alone again or,2
64,to hell with the devil,5
64,cherokee,3
779,wake up dead,5
737,better things,4
439,good enough,4
383,criminally insane,3
583,black celebration,1
751,positive touch,2
818,piece by piece,1
861,we're ready,2
470,"frankly, mr. shankly",5
530,the boy with the thorn in his side,3
19,london dungeon,4
410,within you,2
947,caught somewhere in time,3
386,the ultimate sin,1
349,dream evil,5
529,five years dead,3
778,fight like a brave,2
593,everyday is like halloween,2
988,"a new machine, pt. 1",4
812,i love hot nights,4
137,don't shoot shot gun,3
717,kiss of death,5
194,i still haven't found what i'm looking for,2
107,welcome to the jungle,5
203,mr. brownstone,1
69,among the living,1
458,the kiss,4
621,i'm the man,1
15,yet another movie,1
711,seven wonders,1
439,i fought the law,1
146,run riot,3
831,reason to live,3
777,london,3
189,ooh! my head,3
656,be still my beating heart,4
426,fighting the world,4
277,turn the page,4
507,gods of war,2
115,rubber ring,5
137,cold cold ground,2
82,babylon,2
427,mothers of the disappeared,2
215,no more lonely nights,5
617,hot hot hot!!!,1
352,heart turns to stone,5
589,jailhouse rock,4
14,human cannonball,4
827,nona,1
875,unhappy birthday,2
678,why can't i be you?,2
923,war inside my head,4
130,pull my strings,5
373,all the fools sailed away,4
296,caught in a mosh,2
45,out ta get me,1
573,rock me,1
327,nothing's gonna change my love for you,1
401,all in the name of...,5
560,too drunk to fuck,5
13,love removal machine,2
916,indians,2
701,i don't want to live without you,2
942,with or without you,2
456,got my mind set on you,3
2,rock steady,4
897,(i've had) the time of my life,4
699,learning to fly,3
759,angel,2
938,love bites,3
323,touch of grey,2
415,anything goes,3
559,abigail,3
771,shoplifters of the world unite,2
550,sorrow,1
857,when we was fab,4
834,one slip,3
202,i am the law,1
83,strangelove,1
955,unloveable,3
322,running to stand still,3
719,a love so beautiful,5
268,live and let die,5
525,used to love her,2
47,last night i dreamt that somebody loved me,4
719,half a person,4
799,over the wall,2
689,the dogs of war,2
907,say you will,2
173,surfin' bird,1
561,sumthin' for nuthin',1
38,get it on,3
484,long way to love,1
294,long tall sally,3
868,if i stand,5
560,one lonely night,5
189,we can last forever,1
743,mine all mine,2
225,blind,2
464,look away,1
854,for the love of money,4
658,ram it down,3
594,johnny b. goode,3
449,damn good,1
410,blood on blood,5
28,infinite dreams,5
922,silent scream,1
730,behind the crooked cross,4
17,for you,5
699,stigmata,3
493,love kills,5
942,god part ii,2
581,speak,3
946,end of time,5
885,chinese rock,2
564,hangin on,2
879,breaking the silence,5
946,reckless life,2
211,heart of steel,1
109,possession,1
648,walking on the edge,5
880,hail and kill,4
420,hook in mouth,3
488,i call your name,1
658,spill the blood,1
340,"be all, end all",5
621,every minute every day,4
612,crying,1
86,love rescue me,4
63,live undead,4
8,loco in acapulco,5
888,this boy,2
562,i want out,3
845,the evil that men do,3
804,twist of cain,4
728,headed for a heartbreak,2
172,close my eyes forever,2
461,nothin' but a good time,3
105,suedehead,1
619,the rainbow,3
260,feels so good,5
161,breakin' all the rules,5
352,yes it is,3
20,living in sin,4
857,how will i laugh tomorrow,1
954,cold blood,4
645,pamela,1
572,mandatory suicide,4
363,bad seamstress blues / fallin' apart at the seams,3
801,eyes of a stranger,3
781,seventh son of a seventh son,4
449,give me the cure,3
936,mean man,2
695,the same deep water as you,2
188,all of my life,5
44,loud love,3
512,spend my life,5
503,prayers for rain,1
199,inner self,2
33,possession,1
283,so what,1
231,find a way to my heart,1
712,desperately,4
177,don't walk away,1
116,the sounds of science,3
466,plainsong,5
129,the way it is,4
375,wish you were here,5
529,bulldog front,3
635,closedown,5
633,i'll see you in my dreams,2
976,do you remember?,4
821,car thief,3
440,romeo had juliette,2
238,gun,4
112,bye bye bad man,5
968,kickstart my heart,2
562,stay with me,2
904,slip of the tongue,1
254,promises,1
284,breakthru,3
366,makin' a mess,5
655,scandal,4
313,ugly truth,5
186,burning inside,3
944,homesick,5
794,surprise! you're dead!,1
279,superconductor,3
491,can't stand the heartache,5
835,here i am,4
44,time for change,5
36,i will be here,3
726,pet sematary,2
802,sometimes she cries,5
999,bad mouth,5
532,house of broken love,1
332,rockin' in the free world,1
835,head like a hole,4
258,18 and life,1
808,without you,5
991,disintegration,5
863,nobody weird like me,4
744,the toxic waltz,5
998,thieves,2
488,ringfinger,2
209,practice what you preach,4
920,the angel song,3
820,from out of nowhere,4
846,when i'm gone,5
958,something i can never have,5
61,falling to pieces,4
938,radar love,3
610,war pigs,1
279,slipping away,2
202,sin,2
888,sanctified,3
128,dirty blvd.,5
404,partyman,2
293,i don't have the heart,5
389,keep it in the family,1
196,war ensemble,3
315,love walked in,4
481,groundhog's day,4
203,metal meltdown,4
169,dead skin mask,2
537,shot of love,4
92,clash with reality,2
277,blue dress,4
617,medicine man,3
253,holy smoke,2
118,leather rebel,3
844,all guns blazing,4
428,place in this world,1
244,hell patrol,1
997,poison was the cure,4
555,four walled world,1
217,mr. knowitall,2
737,spirit in black,4
438,shattered,2
509,died,1
780,got you by the balls,3
179,repeater,2
393,hairdresser on fire,5
407,2112 overture / the temples of syrinx,4
166,too many puppies,4
902,blood red,3
82,my creation,2
836,shame shame shame,4
668,"ouija board, ouija board",4
74,stardog champion,4
700,want,2
145,bed of roses,4
525,there is a redeemer,5
561,tired of being alive,1
378,expendable youth,4
506,to defy the laws of tradition,4
945,between the hammer & the anvil,1
97,best i can,2
311,sleepwalk,4
261,chopped in half,1
39,is it good to you,2
714,one shot at glory,5
611,come hell or high water,1
979,party in the parking lot,4
620,seasons in the abyss,2
292,we die young,5
995,sea of sorrow,5
192,it ain't like that,1
886,"love, hate, love",1
552,enjoy the silence,3
938,cemetery gates,2
814,moneytalks,5
835,unskinny bop,4
155,hunger strike,5
623,cowboys from hell,5
90,man in the box,4
283,don't go breaking my heart,2
263,holy wars...the punishment due,4
550,hangar 18,5
930,tornado of souls,4
811,silent lucidity,2
685,love of a lifetime,5
791,are you ready,4
515,painkiller,5
243,hole hearted,3
356,a touch of evil,1
271,frizzle fry,4
386,night crawler,5
860,skeletons of society,3
850,loving you is a dirty job,5
882,for the love of god,4
687,bring your daughter... to the slaughter,3
912,the last of the famous international playboys,1
210,the sleep,1
234,dawn patrol,4
984,the art of shredding,4
136,sick of you,4
319,pushin' forward back,1
542,long way back from hell,1
534,blood and tears,4
861,i can't remember,3
942,psycho holiday,5
475,after the rain,3
466,the toys go winding down,5
854,primal concrete sledge,4
843,the razors edge,3
153,halo,3
27,five magics,3
111,you can't bring me down,1
446,heresy,4
455,(can't live without your) love and affection,1
653,love me forever,2
816,here come the bastards,4
281,room a thousand years wide,2
7,perfect crime,3
748,have i told you lately,4
558,zoo station,2
987,territorial pissings,4
891,you come to my senses,2
732,these are the days of our lives,1
184,calling elvis,1
264,time after time,5
501,sgt. baker,3
970,the righteous & the wicked,1
540,don't cry,3
913,vote with a bullet,4
584,the frozen man,4
334,so cruel,4
781,arise,4
286,take a chance,3
504,bravado,2
260,mad about you,1
126,back off bitch,1
301,good times,4
963,carousel,2
921,desperate cry,2
678,pigs,2
926,delilah,3
552,the show must go on,1
747,mind riot,1
331,green-tinted sixties mind,3
447,judgement day,4
362,i will remember you,3
767,crusader,1
987,drawing flies,5
39,bad apples,3
921,every heartbeat,4
987,stay away,5
513,edison's medicine,1
646,dead embryonic cells,2
650,blood sugar sex magik,3
835,those damned blue-collar tweekers,1
436,the power of equality,2
621,footsteps,3
786,american music,1
153,love is blindness,3
818,through the never,1
493,holier than thou,2
156,"endless, nameless",3
981,i can't live with you,1
666,the god that failed,1
919,sad but true,5
41,black,1
3,even flow,5
420,nothing else matters,5
610,no more tears,1
43,jerry was a race car driver,1
820,you could be mine,3
19,don't tread on me,2
303,leather and lace (with don henley),3
738,rusty cage,4
514,civil war,2
96,live and let die,3
749,when a man loves a woman,2
555,roll the bones,2
627,double talkin' jive,4
281,dust n' bones,1
81,i don't want to change the world,3
869,hand on the pump,2
283,evenflow,2
736,right next door to hell,5
52,she's gone,4
296,cream,3
165,hold on my heart,2
861,in a darkened room,2
8,why go,1
231,road to nowhere,2
287,garden,5
123,diamonds and pearls,4
628,without you,4
856,yesterdays,1
369,slave to the grind,5
268,suck,2
468,jimmy james,1
457,she loves my cock,2
615,aero zeppelin,5
360,gave up,2
615,electric crown,1
120,return to serenity,4
545,shitlist,3
416,regular people (conceit),5
624,architecture of aggression,3
740,have a cigar,3
763,apart,3
808,reach for the sky,4
887,top o' the morning to ya,3
483,bullet in the head,5
433,brother,1
825,soul-crusher,3
964,another one bites the dust,5
20,something's got to give,5
340,do you believe in us,3
808,damn u,1
254,beeswax,3
55,i ain't no nice guy,4
709,freedom,3
587,punishment,3
481,let it rain,5
444,this was my life,3
864,stain,3
653,computer god,1
726,i'll sleep when i'm dead,5
822,happiness in slavery,1
104,time for livin',3
110,if i should fall behind,2
52,high speed dirt,5
798,poison heart,4
5,hairspray queen,2
670,countdown to extinction,3
379,pretend we're dead,5
822,fucking hostile,2
450,sweating bullets,1
719,state of love and trust,3
555,a new level,1
96,mouth for war,4
248,junkhead,1
91,midlife crisis,3
498,angry chair,3
499,i stand alone,3
13,sandusky,3
808,a letter to elise,2
758,wasting love,3
642,this love,5
617,down in a hole,1
133,fear of the dark,5
631,opiate,1
521,rooster,3
240,friday i'm in love,3
62,hush,3
548,pull me under,4
271,take the power back,2
819,when i look into your eyes,5
357,unsung,2
79,cold and ugly,2
399,a whole new world (aladdin's theme),3
459,another day,2
559,metropolis,5
371,n.w.o.,3
601,professor booty,5
47,am i inside,3
926,from the edge of the deep green sea,3
845,afraid to shoot strangers,4
556,to wish impossible things,1
244,how the gods kill,2
455,live in a hole,5
17,skin o' my teeth,1
808,don't tread on me,3
873,just one fix,1
395,fistful of steel,5
111,7,2
48,god gave rock 'n' roll to you ii,4
153,dirt,5
440,hate to feel,3
580,right turn,4
566,sickman,1
235,nature boy,5
278,can't turn back the years,3
733,for whom the bell tolls,3
841,numb,3
341,very ape,4
408,black leather,3
736,black no. 1 (little miss scare -all),5
768,vegetable,2
955,both sides of the story,1
364,ripcord,1
778,it's probably me,1
41,fazer,5
135,lick a shot,3
962,scentless apprentice,5
484,a shogun named marcus,1
160,blow out,4
826,lizzy,2
67,all apologies,3
583,marigold,2
180,get a grip,4
308,in your room,5
775,i hate myself and want to die,5
405,attitude,3
598,only,4
62,everyday,4
436,i'd do anything for love (but i won't do that),3
491,tourette's,2
356,down incognito,1
459,a drug against war,4
753,3 lil' putos,3
259,how sweet it is,5
845,buddha of suburbia,1
252,goofy's concern,1
874,hold on,4
198,heart-shaped box,4
736,prove yourself,1
150,alien nation,3
874,the druid,1
929,just another victim,3
383,rape me,3
326,friends,2
772,condemnation,1
757,creed,3
441,action,4
999,if i ever lose my faith in you,4
658,goodbye,1
86,livin' on the edge,1
222,4°,1
50,intolerance,2
159,bottom,2
776,sober,5
583,elderly woman behind the counter in a small town (remastered),2
152,pets,2
163,amazing,3
918,shape of my heart,1
496,"lullabye (goodnight, my angel)",4
405,the river of dreams,1
644,crawl away,2
461,undertow,5
390,i feel you,2
280,since i don't have you,1
838,elderly woman behind the counter in a small town,1
706,dmv,2
252,animate,3
967,bales of cocaine,5
288,live and let die,4
655,refuse / resist,5
852,territory,1
163,silverfuck,5
315,the last unicorn,2
597,superunknown,1
856,power to the music,5
721,flute loop,2
820,when will i be loved,1
147,get your gunn,5
607,cody's song,5
288,the girl from yesterday,3
526,misunderstood,5
120,take me away,1
120,livin' for you,2
732,need to,5
931,slide away,2
704,slaughtered,1
661,hooligan's holiday,1
422,sure shot,2
532,gardenia,2
733,mr. self destruct,2
741,4th of july,5
916,darkness,5
773,ruiner,4
903,neverland medley,1
814,reptile,1
917,strength beyond strength,3
381,limo wreck,1
596,blue denim,5
950,games people play,4
543,credit in the straight world,3
939,wilma's rainbow,4
875,spinal meningitis (got me down),2
47,the becoming,4
441,helmet in the bush,5
836,house in the woods,4
363,lies,4
41,please come home for christmas,5
841,train of consequences,3
740,smoke the sky,4
310,children of the grave,5
345,addicted to chaos,3
257,high hopes,1
474,rotten apple,5
300,love will keep us alive,3
490,a tout le monde,2
730,plateau,4
977,shoots and ladders,4
360,i stay away,5
786,nutshell,2
230,spoonman,3
345,i'm broken,4
7,blind,2
91,hurt,4
917,not for you,4
535,dead souls,1
639,clown,4
658,wearing the inside out,1
709,demon cleaner,3
98,ball tongue,2
42,save yourself,1
301,"the more you ignore me, the closer i get",2
50,space cadet,1
54,revolve,2
308,clean my wounds,3
696,babies,5
508,love spreads,3
639,take it back,3
431,immortality,3
907,"snap your fingers, snap your neck",3
486,these days,1
580,lifer,5
212,crystal mountain,2
280,fireal,2
486,replica,3
884,evidence,2
198,good grief,4
522,look to your orb for the warning,4
88,country house,1
455,cast no shadow,5
984,roll with it,3
607,brush away,3
678,the ghost of tom joad,4
396,sign of the cross,1
736,believe,3
830,what if i stumble?,1
672,hurt (quiet),2
386,love song for a savior,2
607,flat top,4
825,nothin' song,2
917,weenie beenie,5
821,more human than human,3
460,stumbleine,2
192,head creeps,3
149,frogs,2
95,underwear,4
418,man on the edge,1
46,99 ways to die,1
120,colored people,3
42,lifter,2
392,last caress,1
790,heaven for everyone,3
760,planet telex,5
263,angry again,3
339,the bends,3
22,don't look back in anger,5
281,champagne supernova,1
828,too much love will kill you,3
852,i was born to love you,4
14,bury me in smoke,1
967,god am,5
85,jellybelly,2
297,if i never knew you,4
306,sludge factory,2
724,something changed,1
400,chicken huntin',5
431,symbolic,4
623,bullet proof ... i wish i was,5
278,super charger heaven,1
899,engine no. 9,4
795,black star,1
751,sulk,5
761,bones,1
782,you are holy (prince of peace),4
415,accident prone,2
309,muzzle,3
814,grind,3
153,help me scrape the mucus off my brain,4
867,wasting my hate,5
194,race car ya-yas,4
843,cure,1
239,sometimes,2
951,the house jack built,5
782,the outlaw torn,1
925,wind below,1
695,when i need you,2
244,golden heart,1
411,i just threw out the love of my dreams,5
251,lowrider,1
520,you have been loved,3
758,year of tha boomerang,3
15,deformography,4
744,eddie vedder,4
908,novocain stain,4
655,might,5
630,ty cobb,4
258,1996,4
620,thorn within,2
824,all i know,1
974,e-bow the letter,3
128,electrolite,2
230,born to die,4
690,little horn,3
186,swallow,2
590,man that you fear,4
258,no place to hide,4
7,as long as it matters,4
762,i'm holding you,3
751,rhinosaur,1
550,poor twisted me,1
728,to bid you farewell,1
777,talk show host,2
800,roots bloody roots,3
244,love you to death,2
350,bleeding me,3
563,roll right,4
648,people of the sun,2
790,third eye,4
315,jimmy,4
146,h.,3
36,hooker with a penis,3
299,eulogy,4
86,ænema,4
587,burden in my hand,1
819,a.d.i.d.a.s.,2
747,forty six & 2,1
702,mama said,4
255,antichrist superstar,4
538,without a face,5
201,sometimes when we touch,3
384,guilty,3
304,real love,2
627,the great southern trendkill,4
18,irresponsible hate anthem,2
964,good god,4
163,piss up a rope,3
317,what was i thinking,2
232,up in arms,2
877,american psycho,5
210,february stars,2
977,glass,4
752,see you,1
283,static age,1
950,find myself,3
407,elegantly wasted,3
317,i'll always love you,1
156,nine lives,3
338,black,2
432,bleed to love her,2
89,low man's lyric,4
902,sunburn,2
507,little more time with you,2
494,homegrown tomatoes,4
326,afraid,2
412,megalomaniac,5
870,line 'em up,2
228,home,3
284,how many times?,2
673,redefine,3
59,i've been working on the railroad,4
372,nothing lasts forever,4
840,ten ton hammer,3
362,ordinary day,2
227,turn my head,4
265,deep inside,3
190,bad seed,1
243,reject,3
458,cold blows the wind,3
403,fixxxer,2
797,demons,5
704,face of the earth,1
979,slither,1
64,walking alone,4
523,shit luck,2
612,polka dot tail,4
160,i'll be your jonny on the spot,5
841,tv casualty,5
68,she-wolf,1
359,better than you,2
386,suck it up,2
477,southwest voodoo,4
478,down with the clown,1
306,testify to love,3
573,useless,5
709,around the fur,3
886,something about the way you look tonight,3
383,the memory remains,4
340,go the distance,3
512,into my arms,3
795,dig up her bones,3
842,the unforgiven ii,4
475,monkey wrench,4
506,my hero,1
327,i don't want to miss a thing,5
768,be quiet and drive (far away),1
955,fuel,4
958,paranoid android,3
803,no surprises,4
419,lotion,4
207,dai the flu,5
81,i'm afraid of americans,3
364,bitch,2
179,calico skies,4
464,what is a juggalo?,3
317,climbing up the walls,1
894,walking after you,5
477,headup,5
89,the rascal king,2
793,heartbreak station,1
93,trust,5
154,cold brains,5
40,sabbra cadabra,5
149,reclaim my place,5
969,darts,1
234,super disco breakin',4
162,remember me (feat. steve augeri),2
215,p.l.u.c.k.,2
518,my song,5
504,mercyful fate,4
84,hate this place,1
657,breadfan,3
828,barroom hero,1
718,edgecrusher,5
70,stress,3
704,great big white world,4
112,you can't quit me baby,5
322,so what,4
891,b.b.k.,1
340,your life is now,3
212,peephole,4
776,spirit crusher,1
57,roving gangster (rollin'),3
660,guitar,1
248,time after time,2
737,disassociative,1
382,the air that i breathe,2
990,flesh and the power it holds,2
790,boys on the docks,4
557,you turn the screws,5
943,today [watch me shine] [feat. bronx style bob],3
566,the move,4
330,i can't make you love me,1
274,immune,4
777,last caress / green hell,5
20,futureal,2
474,mirror mirror,1
542,everlasting love,2
359,call of the zombie,4
881,return of the phantom stranger,5
209,blitzkrieg,5
465,river lullaby,2
89,to sheila,3
217,loverman,5
459,i got one for ya',1
649,psycho circus,4
842,bad religion,1
931,every you every me,4
150,suite-pee,3
823,crystal,3
122,war?,2
235,living dead girl,1
51,got the life,3
574,intergalactic,2
500,superbeast,2
364,keep away,5
641,whatever,5
860,turn the page,1
944,crash course in brain surgery,4
421,am i evil?,5
466,wishlist,3
585,overkill,5
157,my gift to you,5
568,coma white,3
220,children of the korn,1
281,body movin',1
193,cut you in,4
935,pretty,3
630,rock is dead,1
201,if you ever did believe,1
187,demonoid phenomenon,4
648,dead bodies everywhere,2
116,stitches,3
644,the wait,3
533,forbidden zone,1
168,the big come down,1
160,home,2
54,electric machine,5
749,out from under,5
740,voice of the voiceless,1
163,right on time,4
965,crack rock steady,3
677,wisconsin death trip,5
136,master of puppets,1
742,the day i fall in love,2
11,new millennium homes,4
223,point #1,4
714,descending angel,2
739,new biography,4
646,purple stain,1
626,solitaire / unraveling,2
132,maria,2
624,emit remmus,2
71,a thousand years,5
130,suffocate,1
81,join together,2
689,the fragile,3
272,dust to dust,2
442,the great below,3
894,wash away those years,5
114,feeling yourself disintegrate,2
680,the key to gramercy park,3
802,pumping on your stereo,1
639,preaching the end of the world,4
630,one,5
868,me,2
190,nobody like you,2
920,sweet charity,5
429,next year,2
131,a flat,1
755,nookie,1
197,no way,1
855,two worlds,1
272,retrovertigo,1
916,is anybody home?,1
672,promises,5
620,i'll see you when we're both not so emotional,3
894,nobody's real,5
608,war within a breath,4
963,born as ghosts,4
370,pink cigarette,1
235,inside us all,5
991,amazing grace,5
239,for whom the bell tolls,3
556,run,4
439,i am,5
221,the spirit carries on (scene eight),1
268,two worlds reprise,5
218,love dump,3
5,breakout,1
30,make me bad,5
620,we're in this together,1
419,i'm so tired,2
53,you'll be in my heart,2
364,born of a broken man,1
53,just once,3
682,son of man,4
748,saturday night,3
241,testify,1
506,break stuff,1
101,mudshovel,5
231,guerrilla radio,3
744,falling away from me,1
692,learn to fly,1
929,scar tissue,3
51,parallel universe,4
68,n 2 gether now,1
795,sleep now in the fire,5
54,soldier of love,1
712,generator,1
521,500 channels,1
740,honestly?,2
92,hold on,1
685,into the void,5
158,scream,4
545,trash,4
386,mic check,3
735,stacked actors,1
161,unintended,5
48,a smile in your heart,1
514,on the 4th of july,5
487,it'll be ok,2
37,bitches,5
573,mistakes,3
332,killed by an angel,3
462,goddamn electric,2
313,yesterday don't mean shit,3
615,full nelson,3
38,pink maggit,2
363,brackish,5
83,not the same,1
503,street fighting man,1
167,brave new world,4
168,faggot,3
702,street carp,4
505,teenager,1
572,black jesus,3
956,thomas,1
267,hold on,1
560,stare too long,5
612,the one,3
14,internal primates forever,5
840,beautiful world,2
197,fuckin' in the bushes,2
925,bleed,3
143,loose,5
753,spit,5
247,nothing to gein,4
187,"try, try, try",1
434,new tattoo,2
816,hellbound,2
73,"blood, sex and booze",3
585,arcarsenal,2
338,lives,2
482,special k,1
462,the cold part,3
335,only when you leave,2
458,faces in disguise,5
708,back to the primitive,3
203,drag you down,1
420,sailing to philadelphia,3
37,give me jesus,2
326,stiff upper lip,5
473,(rock) superstar,5
277,pistol grip pump,1
465,my generation,4
588,the national anthem,1
385,knife prty,1
418,back to school,1
625,the hollow,3
816,rollin' (air raid vehicle),5
849,awake,1
862,judith,4
129,dig,1
472,how i could just kill a man,3
382,my way,3
976,3 libras,2
691,everything in its right place,1
703,hot dog,3
824,blood brothers,2
569,the ballad of chasey lain,2
506,in limbo,4
472,redeemer,3
261,feiticeira,3
833,revolution is my name,4
311,rose,4
380,sick of life,4
820,we don't die,3
507,livin' it up,1
816,orestes,4
195,jumpdafuckup,5
366,ghost town,1
444,one armed scissor,4
709,warning,5
692,i disappear,5
621,elite,3
779,kid a,5
992,it's the same old song,5
189,walk on,1
189,the walk,2
632,bullets,4
580,opera singer,5
499,can't we try,3
579,house of 1000 corpses,2
288,bloodline,1
695,get up again,2
924,"meanwhile, rick james...",3
794,just push play,3
746,hide,1
150,loop de loop,5
12,stand here with me,2
856,double team,3
22,take me somewhere nice,4
425,demon speeding,3
599,fly away from here,5
409,dame un beso y dime adiós,1
478,packt like sardines in a crushed tin box,5
770,on this day,2
45,iron head,2
382,forever,4
61,here i am to worship,5
756,oh bondage! up yours!,4
728,can't believe,1
42,all the way,3
191,getting away with it (all messed up),2
739,black and white,4
881,don't let go,2
939,pressing on,3
355,side,2
396,suffer,3
776,angel's son,5
979,waste,1
253,loved by you,3
622,scum of the earth,5
323,promises,3
198,higher place,2
161,fresh feeling,2
693,hyper music,4
422,change,2
380,the places you have come to fear the most,3
796,rock your socks,3
812,tainted love,5
165,over jordan,1
31,space dementia,3
59,breathe,3
803,i am loco,4
771,jealous guy,5
407,nazi punks fuck off,2
639,fuck her gently,5
800,for you,4
413,chop suey!,1
209,drown,3
144,prison song,5
929,tear away,4
133,"alone, together",2
50,plug in baby,4
560,dreamer,5
309,click click boom,5
899,parabol,1
389,parabola,3
291,toxicity,4
632,lateralus,4
959,schism,2
84,disposition,3
770,the patient,4
357,ticks & leeches,3
503,i can only imagine,2
917,the way you like it,1
264,superstar,4
160,disciple,5
296,your disease,3
888,lonely road of faith,2
855,giving in,2
898,kielbasa,3
245,needles,1
528,take it or leave it,5
495,too bad,3
205,fade,4
977,knives out,1
843,bombshell,3
846,cold,1
419,linchpin,2
175,science,1
198,new born,4
33,these walls,1
305,a.d.d. (american dream denial),4
374,bubbles,2
658,don't fake this,5
261,make up your mind,1
978,obstacle 2,1
957,i could die for you,4
533,my last serenade,5
10,nyc,2
490,not falling,1
594,stella was a diver and she was always down,5
562,flesh into gear,3
142,suddenly last summer,5
380,motorcycle emptiness,2
189,blackest eyes,1
252,boom!,1
101,tired of you,3
741,broken,4
84,36,3
604,medicate,3
45,burndt jamb,2
283,bird in a house,5
840,it's summertime,5
482,little by little,1
11,barnacles,3
18,let's have a party,4
404,get inside,1
876,bring em back alive,5
956,pictures,2
450,edge of the earth,5
292,escape from hellview,5
448,wonder what's next,5
774,hearts on fire,3
59,the way you look tonight,1
886,immortal,2
240,stop crying your heart out,2
85,i-e-a-i-a-i-o,3
848,comfortable liar,5
859,innervision,5
1,echo,5
453,dosed,5
630,bother,1
168,cochise,2
916,send the pain below,5
690,the red,3
952,always,5
182,closure,5
922,here to stay,1
316,roulette,1
278,family system,1
219,system,1
117,across the nation,1
60,you've got to hide your love away,4
985,i am mine,3
775,gasoline,2
11,juggalo homies,4
908,forfeit,5
488,alone i break,3
165,f**k the system,1
675,mr. jack,5
145,chic 'n' stu,2
370,broken,5
932,thank you (falettinme be mice elf agin),5
470,throw away your television,4
429,still frame,4
797,savior,2
457,hexagram,3
408,vanishing,5
662,open wounds,1
489,switchback,4
267,y'all want a single,2
109,everything i've known,2
948,special needs,3
339,he reigns,2
947,where i end and you begin,2
283,a stranger,5
833,let it be,2
82,a wolf at the door,3
382,gravity,4
430,lost in the crowd,2
634,pussy liquor,4
829,gone,4
345,go to sleep,3
907,say you will,2
50,thrown down,2
476,stranger inside,1
301,scatterbrain,2
37,living in america,4
518,welcome,4
851,no way out (theme from brother bear),3
552,the blessed hellride,1
16,backdrifts,1
120,faceless,2
121,son et lumiere,5
515,releasing the demons,5
237,alive,2
611,televators,5
81,eat you alive,2
180,wasted years,5
214,"cadillac pussy (feat. hank williams, jr.)",2
416,echoes,5
59,feelin' way too damn good,4
646,myxomatosis,2
878,transdermal celebration,3
172,straight out of line,3
775,letters from war,4
754,forsaken,5
570,house of jealous lovers,5
258,worker's song,3
394,gay bar,2
174,you talk way too much,4
635,fly from the inside,5
488,the noose,5
695,pet,2
663,one thing,1
490,minerva,4
621,the only,1
62,voice of truth,5
187,stillborn,1
674,so far away,5
160,i stand alone,2
197,"if you want to sing out, sing out",1
158,cold hard bitch,2
777,weak and powerless,1
782,face to face,4
97,peacekeeper,3
197,hole in the world,4
73,look through my eyes,3
735,i fucking hate you,5
940,shakedown,2
264,fortune faded,2
450,together in electric dreams,5
377,suffocate,5
380,"there, there",5
334,the guitar man,4
783,song to sing when i'm lonely,3
69,breach birth,1
145,chocolate,2
819,running blind,2
270,when the levee breaks,4
325,blackout,5
319,sing for absolution,4
619,panic prone,3
196,first of the gang to die,5
708,endlessly,3
730,the dark of the matinée,2
218,sympathy for the devil,5
227,the sense of me,4
478,pride,5
682,four kicks,3
258,soft,2
884,bedshaped,2
978,palm of your hand,3
220,better now,4
100,club foot,2
689,non photo-blue,4
263,when darkness falls,2
481,the slam,4
467,music when the lights go out,5
329,pistola,4
111,voices,1
907,hang on,4
40,thoughts of a dying atheist,3
805,out of my way,4
169,no phone,4
649,the unknown,4
155,the small print,1
810,apocalypse please,4
980,the deep end,3
776,hurt (dedicated to johnny cash),5
496,walls,2
148,narc,2
901,falling away with you,4
745,fall to pieces,4
580,change your mind,2
256,metalingus,1
379,the clincher,2
456,frontline,4
642,"andy, you're a star",1
410,blood and thunder,3
920,take me out,5
601,vitamin r (leading us along),3
912,the end of heartache,4
307,hysteria,5
252,smile like you mean it,4
893,get some,2
531,butterflies and hurricanes,4
545,open your eyes,1
445,stockholm syndrome,5
521,personal jesus,4
930,ch-check it out,1
678,so far away,3
936,imagine,3
866,tentative,4
769,follow you home,1
60,all my friends are dead,2
229,indie rokkers,3
736,raise hell,1
538,dreaming,5
478,right where it belongs,3
763,strong tower,1
393,foxtrot uniform charlie kilo,3
394,we are all on drugs,2
647,when you're around,3
103,woe,5
995,land locked blues,1
246,no ordinary love,4
942,say goodbye,3
115,wordless chorus,2
27,into the fire,5
39,save me,1
670,the widow,3
27,the green fields of france (no man's land),5
337,lifesong,3
173,waking up,4
13,dirthouse,3
632,if everyone cared,3
973,radio/video,5
942,denial,4
873,be yourself,4
761,right here,4
875,praise you in this storm,4
333,savin' me,5
8,lost in hollywood,4
241,my savior my god,3
450,wasteland,3
274,b.y.o.b.,4
896,bartender song (sittin' at a bar),1
353,twisted transistor,3
907,lonely day,2
523,the hand that feeds,3
771,happy?,4
868,doa,3
348,suicide messiah,4
659,revenga,5
333,fire it up,3
726,sad statue,2
932,everything changes,2
888,cry out to jesus,1
471,santa monica,2
647,cigaro,4
313,panic attack,4
243,brighter than sunshine,4
447,forget to remember,5
790,shut me up,4
829,our town,1
39,square one,3
656,hole in the earth,3
999,dude (i totally miss you),3
519,living on my own,1
633,lay down,4
284,who the fuck are arctic monkeys?,5
462,do you love me still?,2
961,exitlude,5
172,torture me,5
583,saving grace,3
36,the arms of sorrow,4
609,freya,3
380,set the fire to the third bar,4
76,assassin,2
709,cold (but i'm still here),1
783,pieces,2
601,take a bow,1
996,glorious,1
554,nothing in my way,3
398,make this go on forever,1
130,revelations,3
369,ready to fall,5
554,c'mon girl,1
603,one man wrecking machine,5
919,our swords,2
59,supermassive black hole,5
374,pieces of the people we love,1
316,enterlude,5
668,i was born to love you,5
651,cassie,5
9,this is halloween,1
884,you probably couldn't see for the lights but you were staring straight at me,3
631,shoot the runner,3
453,readymade,4
446,cut,3
977,whispers in the dark,4
932,mardy bum,3
195,the metal,4
299,breathe into me,3
703,crazy bitch,1
425,the pot,1
4,comatose,1
294,wings for marie (pt 1),5
672,rosetta stoned,2
191,lost keys (blame hofman),5
755,classico,1
295,the view from the afternoon,5
990,the last night,4
636,master exploder,1
378,this could be anywhere in the world,5
295,this calling,2
353,map of the problematique,1
112,beelzeboss (the final showdown),4
736,kickapoo,3
501,charlie,3
112,seaside,3
351,juicebox,2
563,stadium arcadium,5
399,hard to concentrate,4
588,falling inside the black,5
485,the motions,3
77,spitting venom,4
725,the enemy,1
496,let love in,1
240,pieces of what,4
516,"sick, sick, sick",3
951,come alive,4
740,long nights,4
389,like suicide,1
438,walk away from the sun,3
517,little motel,1
692,time won't let me go,5
683,world so cold,5
658,my world,5
226,rhiannon,5
109,no ceiling,5
989,lie to me,5
361,parting of the sensory,2
711,destroyer,3
778,hold on,4
843,up on the ladder,5
982,before it's too late,2
185,road to nowhere,1
900,tell her no,3
736,the handshake,4
396,flux,3
363,jigsaw falling into place,3
562,toothpaste kisses,4
90,believe,5
219,do me a favour,1
722,jamflowman,4
988,bodysnatchers,2
266,teddy picker,2
643,ladies and gentlemen,2
637,fluorescent adolescent,1
217,all summer long,5
500,balaclava,1
509,blackbird,3
853,don’t look back into the sun,5
368,above and below,3
279,long road to ruin,2
622,"of moons, birds & monsters",1
213,how long,2
164,stranger things have happened,4
977,i get it,2
524,east to west,5
451,only ones who know,4
933,breakdown,1
760,tick tick boom,2
505,watch over you,5
625,rise,2
414,let it die,1
444,my apocalypse,2
440,after hours,4
689,what a shame,2
14,from heads unworthy,1
658,diamonds aren't forever,2
994,scream aim fire,4
622,devour,5
400,hearts burst into fire,2
156,you make me sick,4
228,the world we live in,4
716,cyanide,2
564,my mistakes were made for you,2
812,gamma ray,4
714,chelsea smile,4
463,believe,2
406,chip,3
766,little dreamer,3
720,"broken, beat & scarred",4
543,black ice,1
836,collapse (post-amerika),4
620,bottle and a gun,3
962,do what you do,3
164,where the city meets the sea,5
647,if you only knew,5
298,under my skin,1
711,yah-mo be there,2
481,it's getting boring by the sea,4
260,this is home,1
128,all i want,3
849,standing next to me,2
675,hello mary lou (goodbye heart),4
237,slide through my fingers,3
417,strange overtones,2
85,mighty to save,5
631,arrows,4
865,the ice is getting thinner,5
877,california,1
793,w.a.m.s.,5
134,wrecking ball,5
742,west coast smoker,2
72,after all these years,5
461,wait and see,1
885,ghosting,5
508,notion,5
219,this afternoon,5
731,body,1
733,the day that never comes,3
358,sound of madness,3
638,human,1
400,bad girlfriend,1
813,sex on fire,1
687,everywhere i go,5
453,if today was your last day,5
67,two weeks,2
503,hate my life,2
696,be somebody,5
240,your grace is enough,2
851,18 days,4
850,drowning (face down),4
493,there will be a day,3
431,i'd come for you,5
745,crawl,2
281,tangled up in you,4
766,all nightmare long,4
572,if i die tomorrow,5
485,hopeless,3
581,the outsiders,5
934,rome,5
170,unnatural selection,4
165,fading,1
310,monster,3
582,lights out,4
86,mr. moustache,1
447,better than me,5
995,it's not me it's you,5
673,hero,4
543,do better,1
605,primal scream,5
747,girlfriend,1
446,your decision,5
559,thistle & weeds,2
14,kick start my heart,4
126,hurricane,2
652,eyes of a panther,3
73,sleep apnea,2
377,one day too late,3
668,fences,2
149,dangerous animals,4
844,forgiven,3
201,prehistoric dog,4
173,a thousand faces,1
147,butch,1
693,overcome,3
553,magnificent,3
691,black gives way to blue,3
664,dance little liar,3
92,today is gonna be a great day,4
655,spotlight,4
185,believe,1
406,floyd the barber,2
212,"love like a sunset, pt. 2",5
179,life starts now,2
705,wrong,3
362,the chain,3
1,mountain man,5
802,community property,3
104,mk ultra,4
402,would it matter,2
465,lady (you bring me up),3
239,why i am,5
673,christ is risen,4
2,jim cain,5
884,death to all but metal,5
218,united states of eurasia (+collateral damage),5
432,hatef--k,1
891,the '59 sound,1
48,shake it out,1
853,jars,5
490,after the storm,3
113,crying lightning,5
810,love buzz,1
478,sweet disposition,2
226,uprising,5
722,awake my soul,2
660,how he loves,1
674,just breathe,2
843,new theory,2
307,the words i would say,4
295,timshel,2
684,i gave you all,1
637,lucy,1
548,dust bowl dance,2
182,glorious day (living he loved me),4
813,oblivion,1
358,school,1
557,my propeller,5
108,last stand,2
713,check my brain,5
118,100 in a 55,2
296,good one comin' on,3
555,quiet little voices,1
794,hold us together,5
752,scream with me,5
420,resistance,5
369,big gun,5
438,from where you are,1
105,giant,4
309,cineramascope (featuring trombone shorty and corey henry),5
917,flash delirium,5
391,sextape,4
275,good day to die,1
874,i've wasted so much time,1
708,our deal,1
529,dancing in the minefields,5
807,shoot it out,2
334,"dear x, you don't own me",3
274,the mall & misery,3
338,overcome,1
340,sick bubblegum,2
49,terrible love,5
593,crucify me,2
281,hesitate,3
378,stay with me,3
250,say it,3
401,siberian breaks,3
477,restless,4
977,isolation,1
820,when love is dying,2
820,when i say i do,3
888,hanging on by a thread,2
517,underdog,5
950,god bless saturday,4
681,kanzen kankaku dreamer,5
758,the book of love,4
132,trust in jesus,4
471,all of creation,4
267,vaporize,2
441,deadbeat summer,3
898,letters from the sky,2
159,the beat,5
634,crossfire,5
298,alligator blood,5
329,someday soon,1
65,shooting the moon,4
44,in my head,5
920,every lie,3
330,erase my scars,5
740,cryin' like a bitch!!,5
219,love will tear us apart,4
392,i don't really mind,1
51,fix me,2
873,love-hate-sex-pain,4
422,pyro,3
208,we are one,2
321,i will follow,4
635,lift me up,3
541,mary,4
983,come undone,3
879,move your body,5
363,on the run,1
683,atmosphere,2
689,beautiful things,3
509,why won't you make up your mind?,5
445,spanish sahara,3
960,it is not meant to be,4
512,codex,4
150,montezuma,5
330,without you,1
829,hold me (feat. tobymac),1
745,"lights out, words gone",4
250,narcissistic cannibal (feat. skrillex & kill the noise),3
357,jet lag (feat. natasha bedingfield),2
781,good to be alive,1
915,down by the water,2
44,i don’t wanna die,5
138,conditions of my parole,2
648,courageous,1
694,dear rosemary,4
85,12 fingers,5
231,balance,2
168,faceless,5
547,adversity,2
829,long time,5
692,black sheep,1
444,levitate,3
341,ffunny ffriends,4
464,make some noise,3
295,ultranumb,2
408,not alone,2
861,warrant,4
81,remind me who i am,3
783,keep your eyes open,5
921,been to hell,2
495,kick ass,1
491,the sinner,1
510,right here,1
408,glazin',4
394,battery kinzie,1
417,games,3
776,landslide,1
441,boss's daughter,4
997,"stay young, go dancing",2
361,a place only you can go,2
932,second chance,4
54,two kinds of happiness,1
375,monster you made,1
481,cannons,3
781,hurricane,2
319,get paid,5
547,the stand,4
917,indescribable,4
951,like a stone,5
594,changing,4
954,"sick, sick, sick",5
7,badass,5
296,darkness within,2
530,horizons,2
676,the sound of winter,4
973,clones,1
302,bite my tongue,5
936,take me over,1
354,take the bullets away (feat. lacey sturm),2
54,on my own,2
41,bury me with my guns,2
273,end of me,4
833,halo,3
236,walk,5
540,god's not dead (like a lion),2
199,country song,2
927,face to the floor,3
542,white rabbit,4
178,bitch came back,5
150,black hole sun,4
843,let it burn,5
648,your love never fails,2
460,she's thunderstorms,2
749,i got,1
626,blessings,1
717,kill of the night,3
5,lowlife,4
47,get up! (feat. skrillex),3
271,rope,2
859,every night,3
750,survival,1
73,underdog,2
249,just awake,2
616,another empty bottle,1
173,two fingers,1
525,kill everyone,3
546,living in the moment,5
910,dead bite,2
261,oh love,1
138,the end is where we begin,5
186,whispers in the dark,1
327,tempest,5
610,sweet,3
563,holland road,1
747,the way it was,4
472,bleeding out,4
111,below my feet,1
715,nothing left to say / rocks,5
308,bloodflood,4
465,next year,2
811,alone,5
949,misery loves my company,1
669,my fault,3
562,she,4
419,rocky mountain way,1
816,bitter end,1
456,shooting star,5
334,selene,3
479,live like that,5
458,the sun is rising,3
468,my name (wearing me out),4
464,孤独の発明,1
798,"my neck, my back",5
253,shiver shiver,2
149,unbreakable heart,3
174,amaryllis,2
318,kill the dj,5
165,good things,2
665,entombed,4
408,romantic dreams,2
773,gone sovereign,2
240,flesh and bone,4
725,all eyes on you,1
640,that day,1
299,handshake,2
37,dancing shoes,2
282,good as new,1
158,reminder,2
692,call you out,4
770,leaving tonight,4
963,not with haste,5
519,the pit,4
565,yet again,5
698,heaven,5
358,thank you,4
452,the river,4
528,raise hell,5
615,mountains,1
74,love remains the same,2
142,steal my show,4
613,speak for me,2
281,shadow,3
705,bones,3
425,stray heart,2
433,believe,5
587,follow me,3
327,broken,3
57,hand-made,1
432,cheap beer,5
216,re-do,3
927,bully,1
922,soldiers,2
480,fitzpleasure,1
685,i'll follow you,3
676,something good,3
367,bullet with a name,2
845,matilda,2
859,destroy the obvious,5
339,courtesy call,2
65,i will wait,1
463,radioactive,1
96,demons,3
862,absolute zero,2
223,i fink u freeky,5
224,no waves,3
496,this time it's different,3
935,build your kingdom here,5
227,miss atomic bomb,5
202,the proof of your love,4
584,panic station,1
560,adrenaline,1
886,tired,2
629,baby's on fire,4
209,broken crown,2
281,speak life,3
469,dissolve me,1
586,cha-ching (till we grow older),4
369,save yourself,1
637,anthem of the lonely,5
564,a little death,2
649,one thing remains,2
682,where are you now,2
933,let the sparks fly,1
730,empire (let them sing),4
171,breathless,1
176,80's comedown machine,4
903,mt. washington,5
416,shameful company,5
162,televisions,2
682,litost,4
235,just say yes,3
592,sirens,1
527,swim and sleep (like a shark),5
805,don't swallow the cap,2
355,while i'm alive,2
117,"go to hell, for heaven's sake",2
709,the house of wolves,4
66,the mighty fall,4
513,elouise,1
347,symphonia ix,3
901,recover,2
429,2 rocking chairs,2
129,sick of it,3
742,beverly laurel,1
714,out getting ribs,3
111,hippy hill,4
403,afterlife,2
982,staying up,4
93,nine is god,1
642,sail into the sun,4
798,20 years,3
900,antivist,2
117,i am a stone,1
206,ready set go (feat. capital kings),2
352,graceless,2
85,the enemy,1
403,pieces,2
223,entertainment,3
810,"i'm the man, that will find you",3
415,stone,2
773,i follow you,2
509,come to me,1
720,back to your love,3
766,in due time,1
136,there can be only one,5
990,everlasting arms,5
955,bring it,5
990,queen of hearts,4
581,up in the air,1
903,fall in love,1
441,antichrist,3
952,moondust,1
615,knee socks,3
174,we believe,1
585,i fought the law,3
88,oblivion,3
179,migraine,1
122,why'd you only call me when you're high?,4
338,truce,4
815,fake you out,4
261,female robbery,3
98,i want it all,3
72,border line,4
418,broken hallelujah,3
479,my calling,5
406,beautiful war,2
804,flaws,5
471,where did the party go,2
531,rose tattoo,2
122,baby blue,1
113,trenches,3
461,sleepwalking,1
842,blondie,4
155,in christ alone,4
911,wait for the moment,5
572,one million lovers,1
532,shadow moses,4
985,torn to pieces,4
262,numbers,3
841,anagram,1
832,rock or bust,4
329,never getting over you,3
729,edge of a revolution,4
229,can't go to hell,3
884,difference maker,1
687,lovely day (bonus track),3
274,moving forward,5
660,wild heart,5
114,hide & seek,4
476,how sweet the sound,4
152,hard times,2
812,in your arms,2
589,salt,3
262,hush,4
920,breaking skin,4
750,the chemicals between us,4
391,honest,3
250,bad self portraits,1
295,adult diversion,3
35,nothing lasts,2
46,giants,5
585,wake me,3
276,black out days,2
23,life,1
772,there is power,4
822,little things,4
470,let go,2
124,ugly boy,3
725,what would you say,2
108,holding on for life,5
382,stronger than that,2
828,unfucktheworld,1
532,sweet emotion,3
390,munny right,3
158,my demons,3
545,flip,5
40,transpose,2
298,who needs you,2
589,nuclear,5
187,ask yourself,5
188,no good in goodbye,4
849,sadnecessary,2
808,write your story,5
139,"i'm alright (theme from ""caddyshack"")",3
167,1 4 2,1
6,what are you waiting for?,2
131,say i won't,4
373,nevermind,3
802,lift your head weary sinner (chains),4
191,a haunted house,4
618,sick shit,3
457,the motherload,4
232,save today,4
613,giants fall,5
532,wasted time,5
917,greater,2
146,untraveled road,2
794,come as you are,5
807,i love you so,4
531,nobody praying for me,5
579,i bet my life,5
970,love don't die,2
872,black memories,4
726,i am not alone,2
299,straight into your arms,4
762,windshield,2
90,lipstick,1
588,blue moon,5
469,at the cross (love ran red),5
990,it has begun,3
131,let me in,4
625,red eyes,5
319,shots,5
964,words as weapons,2
805,citizen radio,4
869,you're beautiful,1
493,forever,2
594,the remains of rock & roll,4
640,take out the gunman,5
305,carnivore,3
793,same damn life,2
586,1612,3
402,what went down,5
680,give me a try,3
913,verge,1
263,grace wins,5
698,same power,5
683,"good golly, miss molly",5
46,forever dumb,5
417,who do you love,5
735,killer whales,1
747,let me hear,3
220,outcast,4
988,hymnals,2
174,bury your pain,1
796,you are the right one,5
917,hollow,2
67,blasphemy,3
636,king of the world,2
788,windowpane,2
666,shoulders,3
737,pieces,2
689,july,4
182,black sun,4
875,all day all night,2
509,nearly forgot my broken heart,3
768,waiting for you,3
933,hollow moon (bad wolf),1
764,songs i can't listen to,4
487,rockaway,3
155,christ in me,5
653,air i breathe,5
161,circadian rhythm (last dance),5
777,fear,2
831,tell me why,3
862,contagious,3
348,run,1
331,coming home (oregon),5
498,egg,3
617,hopeless opus,1
424,love the way you hate me,5
506,follow you,3
102,alone (feat. tru),5
606,run,1
648,jailbreak,5
959,gorgeous,2
441,the remedy,5
50,the comedown,5
384,smoke and mirrors,1
538,beloved,5
371,my heart's not in it,5
657,kaleidoscope,5
62,dead inside,4
110,emotionless,4
317,live like you're loved,1
805,oh no,2
55,human race,4
295,reapers,1
63,diamonds,5
688,repentless,1
302,mercy,3
124,because he lives (amen),5
745,you want a battle? (here's a war),4
872,battle cry,5
187,yes i'm changing,4
811,state of my head,5
59,run,4
263,give it to me,5
129,goodbye baby,4
494,i'm good,5
791,tongues,5
243,ditmas,5
864,never again,4
936,beach bummer,4
279,woman woman,2
36,doomed,5
141,twin skeleton's (hotel in nyc),4
19,shalala,2
436,death with dignity,4
657,breathe,1
691,second chances,1
419,it's that talk again,2
452,how did you love,2
907,limestone,2
749,priceless,4
192,falling apart,2
133,it was a sin,4
949,day of the dead,5
743,prey,5
693,bloodfeather,4
606,drown,3
970,fallen angel,1
369,past life,2
958,fix my eyes,3
115,cold love,1
346,2 heads,2
274,fool,5
727,friend of the devil,2
256,miracle aligner,3
323,start a riot,5
402,flame,3
674,you are going to hate this,5
388,the lotto,4
119,psalm 46 (live),2
739,decks dark,4
442,the not real lake,4
843,take it all back,3
542,sympathy,5
46,love falls,2
21,bang bang,1
690,absolute loser,5
91,what we live for,3
486,white lie,1
843,moth into flame,1
67,bum bum bum,2
530,stars,3
237,thinning,2
385,magnify,3
945,art exhibit,5
668,absolutely,5
38,(joe gets kicked out of school for using) drugs with friends (but says this isn't a problem),5
316,titus was born,4
954,banana brain,4
565,blame,5
236,my trigger,2
862,silhouettes,5
318,fool you've landed,2
55,forgiven,1
790,wildfire,1
335,some sunsick day,4
964,stay away from my baby,4
975,a different world (feat. corey taylor),2
832,past my prime,2
488,let me touch your fire,3
912,true love waits,1
525,your love awakens me,4
267,diggin' holes,2
880,put your money on me,5
502,daydreaming,1
632,spit out the bone,2
840,mama's gun,5
262,rotting in vain,1
369,lazarus,3
617,now that we're dead,2
246,against all odds (take a look at me now),5
295,could have been me,2
694,homage,4
918,bury me face down,2
759,little one,5
288,different state of mind,1
555,the resistance,1
418,happy pills,3
470,cancer,1
859,hardwired,1
612,kids,2
858,broken bones,4
783,fake love,2
757,a change of heart,3
188,walls,4
907,the secret place,1
395,tesselation,4
704,live well,1
325,around the world,5
1,i have this hope,5
989,ever be,1
77,he is the same,1
984,live that long,2
629,oblivius,3
531,oh my soul,1
480,not today,5
319,"what is love? tell me, is it easy?",4
918,happiness,4
317,city club,5
931,amerika,3
513,quick musical doodles,5
751,kiss this,4
681,the mystic,5
894,let's stay home tonight,3
911,i wouldn't mind,1
106,on and on,2
185,walking on water,5
889,all in,2
699,never going back,3
315,call it dreaming,3
868,hot thoughts,4
523,money run low,4
733,visions of gideon,4
417,let you down,5
734,my arms were always around you,3
156,your love defends me,2
239,good morning,5
844,novacaine,4
587,kill4me,5
801,ahead of myself,2
672,kicks,2
806,cross my mind,5
754,all my hope,2
746,window,3
699,whatever it takes,5
906,muddy waters,4
490,the heat,3
634,amsterdam,4
944,another weekend,4
119,so i met someone,5
943,in my head,3
90,survive,5
10,list of people (to try and forget about),4
170,no vacancy,4
301,lost in the cold,5
288,the fall,5
636,new kings,4
618,build my life,2
708,tribulation,4
795,recently played,2
119,static space lover,3
337,shakedown,5
901,cameos,5
405,losing all sense,3
150,monsoon,1
996,bleed the same,1
944,marijuana breath,2
805,die for you,2
481,you’re worthy of it all,3
711,revolution,1
95,televised,4
718,nice boys,2
321,horns,5
768,cocoon,4
280,glorious day,1
45,song #3,1
717,holiday,4
717,love is mystical,3
886,the man,5
36,whatever it takes,2
234,monster,5
610,walking the wire,2
304,n.i.b.,5
501,mystery of love,4
523,feel something,4
947,malibu 1992,3
642,you're gonna live forever in me,2
413,in cold blood,2
814,run,4
997,waking lions,2
915,poetry,3
296,hawaiian party,2
845,revvin' my cj7,3
692,changing,2
174,notorious,3
434,everything now,2
249,hellfire,5
519,yesterday,5
358,mouth of the river,1
167,i'm not famous,1
244,are you ready for love?,2
379,i’ll make it up to you,1
546,yam yam,4
703,bottom of the deep blue sea,5
21,"if you need to, keep time on me",5
641,plants,1
815,emoji of a wave,3
264,run for cover,2
975,higher,5
430,i won't let you go,3
504,i can change,2
228,kill somebody,4
529,the doomed,4
667,your dog,3
971,church,5
951,i dreamt we spoke again,1
88,the dark of you,4
768,champion,2
965,screws,5
640,counting every blessing,3
192,nothing compares 2 u,2
901,put it on me,5
532,slip away,5
243,gladiator,1
230,stupid deep,5
514,medication,2
975,anarchist,4
80,painkillers,1
657,white flag,3
707,seventeen,4
657,tourniquet,1
770,torn in two,1
13,living hope,2
309,psycho,2
655,back again,4
604,lemon glow,2
758,the wild,3
337,stay frosty royal milk tea,4
986,thought contagion,3
6,i like america & america likes me,5
702,jenny jenkins,5
9,feed the wolf,2
352,thoughts & prayers,3
708,cover the earth,5
438,you get me so high,5
77,while i wait,1
837,chaos and earthquakes,5
305,dream small,1
590,face to face,3
321,animal,5
638,against the wall,4
10,wildflowers,3
945,doctor doctor,3
36,the dark side,4
315,normal,4
917,dig down,4
519,over it,3
434,it's only right,1
760,sweet dreams,5
935,red letters,2
408,6:00,3
264,sadderdaze,4
462,have it all,3
353,war,1
814,you,2
245,dream,4
327,fool of myself,2
53,surrounded (fight my battles),5
242,(fuck a) silver lining,1
344,birds,4
748,dying in la,5
304,under your scars,5
712,mykonos,3
511,walk on water,5
10,one of the drunks,2
359,get up,4
588,despicable,1
512,she wants my money,4
831,pictures of girls,5
34,choke,4
571,natural,2
824,stick up,2
553,neon gravestones,2
83,scars,1
576,real life,1
889,well done,4
958,ride or die (feat. foster the people),5
114,be legendary,1
169,money,1
565,love,2
530,velvet light,3
455,summer days,4
147,with lifted hands,4
894,walls,3
11,shelter,4
227,only jesus,1
321,memorized,5
361,the greatest show,4
615,little dark age,2
233,blood,5
447,do it all the time,5
819,red cold river,1
284,alrighty aphrodite,1
229,sometimes,3
511,right left wrong,4
499,two high,1
535,overdose,5
75,king of everything,4
479,void,5
282,hallucinogenics,5
142,pressure,5
409,quarter past midnight,1
253,bullet in a gun,4
101,reason,3
900,arrow,2
53,wish you pain,2
732,beats,2
411,sympathy,4
651,the fear,5
476,runaway,2
207,belong,4
857,alive,1
208,light years,3
423,hollow,4
346,no bullets spent,2
597,loner,2
104,greater than all my regrets,4
439,once,5
815,stigmata,5
397,the signal fire,1
617,donna,4
685,i wanna be your lover (single version),3
722,gotta broken heart again,1
613,move to memphis,5
963,everybody wants to rule the world,5
910,breakfast,4
623,the crownless king,3
335,into the summer,1
911,into happiness,3
820,i am broken too,3
741,million pieces,2
10,love is everywhere (beware),5
863,know your enemy,4
590,as sure as the sun will rise,2
254,everything,2
533,manifest,4
25,us against the world,1
4,save me,2
229,unleashed,2
10,times won’t change me,3
953,ipanema,4
683,unbearably white,1
847,honeybee,4
96,missed connection,2
961,karma,2
646,middle of somewhere,2
632,walk forever by my side,1
305,cynic,3
408,apologize,5
24,rock bottom,5
427,weekend friend,3
62,break my face,4
633,don't throw out my legos,4
622,fear inoculum,4
532,patience,5
720,hope for the underrated youth,3
595,gloria,4
256,dreamin (with blackbear),2
328,big blue,1
509,bad liar – stripped,2
926,kids in '99,1
224,heroin,4
880,anchor,1
219,worst nites,4
620,take on me,1
317,hold you down,4
403,cold,5
604,flower moon (feat. steve lacy),3
863,"cut my lip (40.6782°n, 73.9442° w)",2
120,life in the city,3
189,champion,4
645,never too late,4
80,you'll never find me,1
677,to the ground,4
726,in between days (45 version),5
811,i see you,2
666,i found u,4
9,complainer,1
144,birds (feat. elisa),1
815,ghetto music,3
516,jack of spades,3
736,the style you haven't done yet,5
585,gimme dat (woy),1
810,the blueprint,5
108,breath control,1
372,the tables are turnin',5
125,all the blacks,4
853,bite of love,2
701,we are the champions,2
831,rhymes to kill,2
708,hip hop junkies,4
696,k.i.s.s. (keep it simple stupid),3
282,"shut the ""*!*!"" up",5
951,lunchroom chatter,4
389,last car on the 2 train,1
258,intro,5
209,a view from the underground,1
94,"comments from big ""l"" and showbiz",4
345,live and die for hip hop,3
971,what you seek,2
589,step to me,4
714,hip hop lover,4
657,best kept secret,5
667,i went for mine,3
105,hip hop locos,3
631,"stunts, blunts, & hip hop",5
233,check it out,4
702,it don't stop (hip hop classic),5
37,return of the hip hop freaks,5
899,hip hop barber shop request line,2
727,tryin' to get my groove on,4
889,"ya ke'sto no es pop, es hip-hop/rap",4
151,feel my flow,4
319,fast life,4
381,play it cool,5
882,so-called coloured folks,1
860,can you hear me,3
439,get ready,5
983,where the party at,3
672,there it is,2
312,srm (sindicato rima maestra),2
792,the next episode,3
639,na ma se que cantar,2
89,intro,3
367,pa mi gente,5
530,well known asshole,4
871,this is my hip hop,4
826,you've gotta believe,1
353,starski (live at the disco fever),3
480,times own,3
644,la forza del mondo,1
607,homies,5
120,karma,2
48,f**k the haters,2
438,scribble on a clean surface,1
48,blink blink,1
605,jack of all trades,5
264,future rockers,5
823,trust,4
886,never give up,2
823,run and hide,2
335,rappers on deck,2
657,love of my life (an ode to hip hop),3
575,hard rimes,5
401,veren na hip-hop,3
444,san diego,5
49,latin rollers,5
459,saturday night ballin,2
851,the crow,1
486,hip hop adictos,2
583,steel dragon,4
7,hit man,1
396,morning light,2
246,underwear,2
377,they ask me,2
434,b boys,3
412,capital d,2
363,you & me,5
425,show your ass,5
566,street hop,1
869,the godfather,3
255,thrift shop hip hop,2
903,did you come to party,3
198,star spangled banner,5
418,miss melody,5
348,el dinero,4
832,"tell the devil ""ha!""",2
649,one harmony,5
958,do you,3
388,get down (remix) [feat. q-tip],1
425,my hip hop,3
810,maracatu atômico (trip hop),1
18,it's no other than..,2
296,hemmin' heads,4
82,empieza la revolucion,1
604,f**k y'all,4
29,ballers,4
709,let's ride,4
731,where are they now,5
330,in your area rmx,5
395,can't forget about you,3
947,shine on,2
159,ich bin deutscher hip hop ii (feat. olli banjo & megaloh),2
906,freestyle,3
3,shed so many tears,2
874,i am,5
22,all my n*gg*s,5
585,naw meen,4
531,diamonds,1
879,hoggs on da grind,1
959,check on it,3
934,wood grain wheel,4
710,pillz,4
340,hit em,3
94,hold it down feat. method man,5
880,this life,3
40,stress y'all,3
188,midwest invasion,1
315,it's the game,2
786,"hip hop, pt. 1",2
368,think big (feat. b.i.g. & lord tariq),5
502,freestyle,2
359,still strugglin',3
747,hip hop,3
682,this is the way i live,4
445,still struggling,4
15,get at me,4
720,the victory,1
189,dangerous,5
592,have a party,3
992,out of control,5
97,we thugs,4
202,still tippin,1
597,nothing new,5
863,brand new funk 2k7 feat. peedi crakk,3
643,pimpin',1
662,the teacha's back,3
220,this is what it is,4
926,i was there,1
418,over 30,3
581,party time,3
30,if i ruled the world,5
472,the breaks,4
854,ice ice baby (re-recorded version),5
561,hip- hop (out in the dark),2
605,buffalo soldier,2
820,ice ice baby (club crasher mix),4
736,choir song,1
207,fantastic voyage (lil stayne mix),4
181,i got a man (re-recorded),3
368,qui a dit que le rap était dead ?,2
6,ghost stories,5
916,dear hip hop,5
264,g-shit,1
936,club on lock,4
393,shut em down,2
639,take notes,1
702,ice ice baby,2
977,hip hop,4
545,white lines (long version) [re-recorded],5
3,gangsta's paradise (re-recorded version),2
855,i do it for hip hop,1
370,roxanne's revenge (re-recorded),4
521,jump around,1
819,hip-hop drunkies,1
561,hip hop,5
382,supersonic (re-recorded),5
840,white lines,1
881,the quan,1
948,jam on it (re-recorded),3
311,clap ta dis,4
593,skillz,2
442,do the stevie,1
523,jockin',5
425,hater's get lost,1
753,tipsy (j skillz remix) [radio edit],1
526,i'm shinin,1
98,son of a gun,3
733,she got it,2
735,get ya block on,4
516,the night away,1
769,they call this (hip hop),1
514,live or die,1
870,tipsy 09 (radio edit),3
971,close your eyes,5
593,money machine,5
814,supersonic (electrolicious remix),4
126,how ya like me now (re-recorded / remastered),3
319,i got it made (re-recorded / remastered),4
947,deglu xel,2
307,intro,1
812,i'm not havin’ it (re-recorded / remastered),4
32,i go to work (re-recorded),1
226,never forget,5
92,i got it made (re-recorded/remasterd),1
645,g-s**t,5
72,hip hop esta vivo,4
999,six million ways to die,5
437,a brief intermission (skit),1
625,i got cha opin,4
283,appel local,4
263,turn up the bass,2
419,count for nothing,1
267,gangsta,1
180,hood love,2
848,my own planet,4
146,far away,3
299,something 2 ride 2,3
482,i hip hop,5
560,hip hop's cool again,3
996,bad boy (feat. jungle rock jr.),5
876,tipsy 09,4
933,let's get it on,4
634,i'm fresh (feat. mr. porter),5
75,street hop 2010,5
276,"move, shake, drop",3
34,gun harmonizing (feat. crooked i),4
355,dinner time (feat. busta rhymes),3
165,who got the props,2
696,on the run,1
769,buck 'em down,1
699,bucktown,3
182,5,5
232,soldier (feat. kid vishis),1
248,mine in thiz (feat. mr. porter),1
743,thing for your girlfriend,4
215,soldier,2
976,leçon 3,1
595,pretres,3
967,slusaj ovo,2
156,83,3
439,keep on movin',2
1,return of the iron man,2
585,haut de gamme,1
165,hip hop rek,1
408,birth of hip hop,4
76,hip-hop blues,1
329,hip hop,4
664,hip hop,5
132,la legge del più forte,5
491,i got it made,1
990,express yourself,5
274,you gots to chill,2
390,le prix à payer,5
361,sembrava un gioco,1
357,how you like me now (re-recorded / remastered),3
505,it takes two (re-recorded),1
807,w/s foe life,5
570,x&o (feat. blowsight),3
823,in fissa per il rap,1
919,hip-hop black ops,1
460,hold det nede (med dirty definite),5
216,trueschool,1
687,for my disappointing hip hop heroes,1
688,it's bigger than hip hop uk,3
708,keep it movin' (ft. p.o.s.),2
838,no girlfriend,2
630,i killed hip hop,3
65,opos lioni to keri,5
244,puro,5
157,rescaper,3
525,fan first,5
455,"street hop (feat. royce da 5'9"")",4
906,my black nina,3
24,ruff ryders' anthem (re-recorded),1
268,where the hood at (re-recorded / remastered),1
78,party up (up in here) (re-recorded / remastered),2
47,remenber us,5
465,facebookprofil,2
109,bill murray,4
959,no diggity (re-recorded / remastered),5
336,ruff ryders' anthem (re-recorded / remastered),1
934,this is how we do it (re-recorded / remastered),1
332,what's my name? (re-recorded / remastered),4
738,this is how we do it (re-recorded),5
377,my prerogative (re-recorded),5
207,party up (up in here) [re-recorded],4
877,i come off,1
533,where the party at? (re-recorded) [remastered],3
552,hip hop,1
271,best kept secret,1
352,livin' astro,5
176,on and on,1
845,t.o.n.y. (top of new york),5
699,are you listening?,2
730,the ghost of hip hop's past,3
525,no diggity,3
542,ain't a damn thang changed,1
600,gurls wit da boom,4
102,i got a man (re-recorded) [remastered],4
432,"don't talk (feat. gioman, killacat)",4
244,not taking you back (feat. rapsody),3
995,black august (dark),4
976,come with me,4
318,musifixtion,2
181,when i'm writing,3
94,do the damn thing,1
761,time,3
704,danger zone,2
280,21st century crisis,2
864,deja vu,5
661,breathe,3
914,robbery,1
510,soukout remix,5
732,halon remix,2
962,hip-hop is what i was doing (feat. flo soul & dj platform),4
817,the showcase (i vitrina),2
666,champagne for the pain,2
77,fear not (mi fovasai),2
642,break the needle (spase ti velona),2
580,"don't mess with us (karioli, min ta vazeis me mas)",4
857,explicações,4
883,mashed fruit (kobosta),1
412,the taste of hate (i geusi tou menos),5
121,d.j. alex at the hash house (o d.j. alex ston teke),2
279,the real revenge (i alithini ekdikisi),4
671,don't be afraid (mi fovasai),3
997,take it as you want (parto opos thes),4
902,go head,1
772,er (feat. kid vishis),1
639,you can't stop me (de me stamatas),1
112,vira lata,2
70,addiction,4
122,the same madness (i idia trela),2
134,only time will tell,2
469,outro,5
800,king kong killa,5
698,this is how we do it (re-recorded) [remastered],4
795,grndmza 5,1
265,grndmza pt. 1,5
609,games,4
947,"monsters (cruelty 5) (feat. frank waln, young trev, exile, dre', vagabond, maniac: the siouxpernatural, nikko mcfadden, jon valentine, danny boy & v the noble one)",4
281,the way we do it,4
511,i do this,3
485,tipsy (remix),4
141,my block,2
254,quiero más,1
409,gangsta's paradise (re-recorded) [remastered],1
190,don't you quit,4
228,i don't like,5
130,i got yo boyfriend,4
57,hey do what i say,1
387,dedicated to hip hop haters,2
61,my own planet (feat. joe budden),4
511,hip hop kid,3
316,this iz hip hop (feat. bumpy knuckles),5
913,unlearn,1
56,pressure,5
518,coke and white bitches,4
917,bussin juggs,2
854,hip hop,4
367,state of hip hop vs. xzibit,4
352,word hard play hard (remix),3
513,hop madness,4
72,the hop train,5
143,so into you,4
235,ini illaye hum,4
129,roxanne's revenge (re-recorded) [remastered],5
716,real hip hop 2012,3
403,intro,5
510,ag ypodohi (welcome),2
241,neo-ellina akou (neo greek listen),2
319,ichokratoria zontana (soundacracy),5
828,hip hop based freestyle,5
894,asshole don't fuck with us (karioli min ta valies me mas),3
59,méxico,2
881,jackpot,1
253,where my money,3
973,lampafiaber,1
379,addicted to fame,1
336,if i had a son,1
197,riot,2
309,baghdad,3
634,time 4real,2
369,all my life,3
711,all the massive,1
515,survivor,5
323,drug war,5
873,do your thing,2
61,one more time,4
765,como en cámara lenta (en vivo),4
142,going thru the motions,2
15,you don't know me,5
310,criminalogy,2
984,its on,4
398,ova confident,1
595,ah yeah,2
477,the big payback,3
197,o.p.p. (re-recorded),4
651,sucker dj (i will survive),4
349,chennai city gangsta,4
946,players anthem,3
772,hop is back,4
748,hip hop,4
221,hip hop sinister,1
824,my part of town,4
51,quel sont tes priorités?,3
877,bees,5
515,ali baba,4
774,adrenaline,4
184,real hip hop,4
257,everyday thugs,1
470,cause i'm bone bone,3
302,what is love,1
947,do you remember?,5
288,blaze it up,3
581,yall ain't know,3
408,smoking lovely,3
846,i'm not that nigga!,1
968,i got,4
171,if the hood was mine,4
628,hustlin,3
930,get 'em,5
512,workin em,3
114,welcome to tha concrete jungle,4
490,south muzik,4
528,this what i call her,4
44,georgia… bush,2
508,gettin some head,5
925,walk it off,2
829,they still like me,3
828,spitter,5
519,powaful impak!,2
83,left handed cigarettes,5
697,hoy,1
237,stand strong,1
300,mil hojas,2
433,"big up new york (feat. black moon, smif-n-wessun, mad lion, funkmaster flex)",4
922,the rent is too damn high,5
178,718,4
234,rude boy hip hop (feat. raheem devaughn),5
210,lean back,5
147,all the way (pimp hop),4
478,hip hop interlude,4
102,sneaker juice,5
746,stretch and bobbito show '95,5
638,cossa nostra,2
254,cry no more,2
569,u da man feat. mad lion & smif-n-wessun,4
791,ich weiß noch genau,4
268,all over,4
965,pop shots,3
193,hot new hip hop,3
93,hip hop circus,3
733,hop out boyz,4
468,work it out,1
777,in the mirror,4
745,i made it,2
187,l.a.m.m.,3
482,amico di chi?,4
107,be ur man,2
659,yeah you get props,1
370,neva go back,1
719,danger,1
819,new kid on the block,3
44,ahead of the game,1
575,boomyaka,2
277,why oh why,1
985,tic toc,5
125,shit's real,4
346,supah,5
13,warmachine,2
641,extreme measures,4
457,stand out,4
399,love me,3
74,baby bubba,1
664,party people,2
930,i am music,1
452,drop,2
376,pride,4
626,peace,2
826,hey man,4
116,subterranean,2
795,smackdown,4
942,it's supposed to bubble,5
728,chant,3
38,the fire next time (intro),3
86,alwayz into somethin',3
924,wet,4
726,can't truss it,2
208,hip hop,1
883,it's funky enough,2
282,blow your mind,3
79,pop goes the weasel,4
597,come clean,5
813,souljas,1
951,wobble wobble,5
130,take hip hop back,4
568,ode to hip hop,2
964,don't sweat the technique,1
895,hip-hop ride,5
266,hop rundt,3
634,tha edge,3
656,garcon a la pipe,2
972,3d nights,5
913,a breif intermission,1
793,mistadobalina,5
60,gold digger,2
917,o.g. original gangster,3
106,check da skillz,5
582,sem voce eu nao sou nada,3
726,no fear,5
587,i like it (i wanna be where you are),2
169,bosoms,1
726,so sharp,3
444,i lived in a time,2
668,filter,1
384,валуев,2
747,hha outro (joshy gets it),2
560,"jingle bells, shotgun shells",1
982,get mine,2
2,be a g about it,5
686,what's stopping you (feat. unexpected),5
242,4:20/reincarnated,1
324,earnings,2
454,surviving christmas,3
638,hardest man in town,3
501,they aint 100,2
666,this is my melody,2
556,pull up hop out bang,3
816,ho ho ho,4
47,my favorite ladies,4
287,hop out,3
153,hip hop & love,5
289,happy new year,1
199,i'm riffin,2
161,bullet from a gun,1
267,hip hop guitar,2
5,vivo hip hop (live),3
807,hip hop prod. crackhouse,5
805,money,2
940,i'm him,1
728,come and get with me,5
624,window of my eyes,3
749,hop up,1
324,hop off,5
848,to nie jest hip-hop,3
778,if you think i'm jiggy,3
894,pd world tour (feat. puff daddy),5
710,b.l.a.c.k.,5
624,my ding-a-ling,3
525,holy moly,5
314,hey woo,3
841,find us (in the back of the club),1
39,backdoor,4
86,smooth operator,2
503,hurt me soul,1
205,betcha can't do it like me,1
219,high rollers,3
625,new jack hustler (nino's theme),3
774,ready,2
468,thug story,4
134,hood clap,4
475,doe boy,4
17,clap your hands,1
290,bangin screw,1
305,money up,1
486,i know you see it,2
160,30 rocks [feat. diddy],1
946,pimpin' don't fail me now (feat. jazze pha and juvenile),2
474,put yo hands up,4
668,shine cause i grind,1
297,gangsta love,1
721,shot off,2
64,get this money,5
862,don't put your hands on me,3
884,paper feat. rick ross,4
501,last days of wax,5
638,where you at,4
758,dope boy,1
474,flip flop,1
892,why oh why,3
149,who dat,5
170,flubber (watch out!),5
667,don't trip,4
510,big boy pimpin',2
181,'nuff respect,2
412,эта музыка,4
575,felonies,4
774,everybody know me,4
602,100%,4
886,you never know,5
655,make it funky,1
921,back to the city,2
905,hot,5
74,31 bumrush,1
621,the ultimate (you know the time),3
973,ain't no stoppin us now,4
326,"here comes kane, scoob and scrap",4
329,"rudeboy salute (feat. buju banton, big pun and fat joe)",3
22,what comes around goes around,2
457,do my thing,5
583,n******s gonna die,1
830,there's not a problem my squad can't fix,1
875,let me see your hands,5
463,enjoy da ride,4
693,commission,5
51,madness,2
879,jungle deep,3
432,where they @,3
190,cause i can do it right,2
720,the ultimate,1
372,goodnight now,2
577,whip it (feat. philippe wynne),4
69,ghostface x-mas,2
491,"young, gifted and black",3
438,take what's yours (feat. dmx),5
922,i dare you (feat. joe hooker),1
210,everytime,4
888,i'm your pusher/pusherman,4
412,wanna be,3
201,somebody gotta do it (pimpin' ain't easy!!!),5
120,knuck if you buck,2
746,no complaints,3
289,better,3
113,up,5
132,audi.,2
264,real thing,2
820,love.,2
125,killamonjaro,5
675,yeah right,2
871,omg,4
733,x men,4
943,sunroof,3
989,yns,3
562,spar,2
501,watch me,2
798,my dawg,5
756,hip-hop,5
374,nobody's watching,1
824,trap paris,5
76,shadowboxin',3
507,shoop,4
869,still a g thang,5
54,big fish,4
10,hip hop,5
126,no favors,1
20,bad boyz,5
458,perfect pint,3
585,yeah [i'm on it],2
743,jackie chan,2
724,do ya bad,1
701,crazy,5
408,sickalicious (feat. missy elliott),3
597,pharaoh,3
205,boggie bounce,2
315,"money, power & respect",1
388,dope,2
997,on my way,2
935,weakest link,3
257,supa star,5
609,hop off (feat. idontknowjeffery),4
546,get silly,3
411,you don't want drama,4
625,crossover,2
573,you should know,2
894,ain't nothin' but a party,2
441,gimmie got shot,2
854,what it is,5
779,i'm throwed,2
925,yay area,2
95,game don't wait (feat. nate dogg & snoop dogg),3
214,no panties (feat. tweet),4
485,bladow!!,2
853,proceed,5
285,6 'n the mornin',5
744,circles,1
116,friends,1
703,cliché,1
22,why we die (feat. dmx and jay z),2
360,gamble,1
431,lately,1
985,that far,5
29,fdt,2
698,next level,3
603,netflix & dusse,3
475,wonderful christmas time,4
189,"money, power and respect (feat. dmx and lil' kim)",1
453,i don't know you,4
222,big ballin',4
796,headz up,4
931,nobody beats the biz,3
549,what yo name iz?,3
242,get up,5
217,crazy,5
321,hustling,4
334,got it sewed up,1
496,man in the trunk,5
425,salute da gods!!,1
513,block money,4
172,cooking up 1000 grams,1
64,fuck you,5
17,ain't a thug,4
318,boulders,2
396,hip hop the blockchain,5
84,goin' be some sh*t,1
33,anarchy,2
113,the hit,4
924,the whole world looking at me,2
864,lyte thee mc,4
199,style (peter gunn theme),1
149,"ego trippin' (12"" version)",1
320,i go on,4
887,rawhide,2
250,"bop, bop, bop",5
4,get it (remix),2
956,real hip hop,3
551,listen!!!,2
76,ny weather report,4
554,relax your mind,4
585,you don't know,2
428,this aint funny,4
955,i wanna thank you,5
671,what's next,2
848,teachers don't teach us nonsense,2
751,vaadi nee vaa,3
493,smile in ya face,3
54,murder onze,2
390,blue suede,5
880,bicken back being bool,2
883,4:20,1
427,shutterbugg,4
184,count me in,5
498,trippy,4
419,la raza,5
813,gettin' some,2
628,microphone fiend,5
307,the gas face,3
435,this weed iz mine,2
263,b.i.d,3
75,k.u.s.h.,3
540,won't trade,3
634,i get high,3
207,75 bars (black's reconstruction),5
205,down for my niggaz,5
63,so wat cha sayin',3
463,higher learning,2
465,mr. wendal,4
702,boss' life,3
767,who want the smoke?,5
568,ghost,4
977,hop out (feat. curren$y),2
596,mo bamba,5
288,yes indeed,3
115,hop out (remix) (feat. curren$y),1
879,reverse (ft. g-eazy),1
837,hop out,3
861,straight outta compton,4
898,hero,1
115,lakhs,4
980,if you know you know,1
806,trap hop,1
630,suu whoop,4
256,lord have mercy,2
606,the evil that men do,4
893,i'm so high,3
505,to whom it may concern,1
667,rap game stressful,3
410,be real,3
302,gangsta,2
12,spark it up,2
952,i'm dumb,1
913,12 (feat. yg hootie),1
743,damn,1
813,evangelion,5
367,ching ching,1
244,mellow my man,1
610,woke up,5
942,institutionalized,1
815,live on stage,2
911,funky for you,5
828,100 miles and runnin',2
358,mad izm,1
799,get the fuck off my dick,5
9,blunts,2
829,i get high,2
970,rock hop (feat. wooh da kid),2
10,me or the papes,5
645,tag team (feat. gucci mane),4
487,ferrari boyz (feat. gucci mane),2
116,oj,3
738,he got game,4
610,new york shit,2
324,let's talk about it (feat. clipse),2
64,40 & a blunt,3
887,microphone master,3
496,paragraph president,5
852,set it out,5
587,kentucky mud,1
541,my ride,4
144,only when i'm drunk,4
289,take a lick,1
878,my philosophy,2
393,dope boyz,3
140,saturday night,4
98,the cactus,1
665,on fire,1
956,people everyday,3
686,can't deny it,3
488,let's get it started,3
758,blazing arrow,3
608,kaught in da ak,2
202,sholiz,3
277,hustla,1
825,true fuschnick,3
571,espacio,4
229,da baddest bitch,3
364,sunshine,4
134,guerillas in tha mist,4
197,"dime, quarter, nickel, penny",5
903,the ghetto,4
461,357,4
246,rock on,2
280,fast life,4
77,love vs. hate,3
378,chop chop,3
437,hope i don't go back,4
249,slums,1
541,prima donna,5
263,65 hunnid,5
881,this life,5
398,jazz thing,5
746,rock dis funky joint,2
937,boyz n da hood,2
70,méxico ácido,1
954,bunny hop,5
550,king of the streets,1
738,stuntastic,4
339,3 a.m.,1
547,feet up on the table,5
725,this is what happens,3
345,looseys,3
672,host wit da most,1
489,brooklyn to t-neck,5
225,shine,5
891,if only,5
626,freakit,2
319,gimme dat micraphone,4
958,hit you up,3
749,hella bandz,3
901,"can't stop, won't stop",2
396,freestyle,3
872,it's the r,1
347,these walls (dirty mc edit),1
350,equalizer,3
230,knockin' niggaz off,4
979,jussummen,3
241,hard core rap act,4
294,i'm on one,4
615,i love you baby,4
947,i'm housin',1
788,hop out (feat. senistar),5
53,keep watch,2
578,got more rhymes,4
104,keep it thoro,2
495,are you that somebody,2
650,it takes two,4
691,insane in the brain,4
606,c.r.e.a.m. (cash rules everything around me),2
687,crazy rap (colt 45 & 2 zig zags),3
97,we in here (feat. swizz beatz),3
215,gettin' jiggy wit it,4
389,dance (a$$),2
690,it's tricky,3
802,bust a move,4
873,tres delinquentes,1
650,before hip-hop,3
934,king of the south,4
29,back and forth,4
199,make u mine,2
38,bad bitch,3
404,hop out,3
260,no more ?'s,1
445,mr. me too,2
429,puppet master (feat. b real & dr. dre),2
29,don't believe the hype,2
905,the champ,1
168,sick & tired,2
47,more than a woman,2
687,men in black,2
937,gook,5
626,marble floors,5
698,basketball,3
182,"sex, love & money",2
333,a.m. to p.m.,2
472,paid in full,3
227,look at her go (feat. chris brown),3
900,you're now tuning into 66.6 fm with dj rapture (the hottest hour of the evening),2
528,iron maiden,3
235,life is better,3
446,tony montana,4
629,blowin' trees,5
613,eazy-duz-it,4
376,when i b on tha mic,1
688,kill 'em all,1
331,hussle in the house,1
810,country boyz,4
442,the seed (2.0),5
632,10 million ways,4
452,ante up (robbin hoodz theory),1
185,whutcha want?,5
145,switch,2
927,r.i.p.,3
